﻿Title,Image,Section
Will North Carolina Be the ‘Beginning of the End’ of the Medicaid Expansion Fight?,https://static01.nyt.com/images/2023/04/04/multimedia/00dc-gop-medicaid-02-fwzl/00dc-gop-medicaid-02-fwzl-thumbWide.jpg?quality=75&auto=webp&disable=upscale,Health Policy
"Colin McCord, Who Helped Impose a Smoking Ban, Dies at 94",https://static01.nyt.com/images/2023/04/08/multimedia/06mccord-04-pctj-print1/06mccord-04-pctj-thumbWide.jpg?quality=75&auto=webp&disable=upscale,Health Policy
Millions on Medicaid May Soon Lose Coverage as Pandemic Protections Expire,https://static01.nyt.com/images/2023/03/30/multimedia/00dc-medicaid-01-hqwk/00dc-medicaid-01-hqwk-thumbWide.jpg?quality=75&auto=webp&disable=upscale,Health Policy
Federal Judge Strikes Down Obamacare Requirement for Free Preventive Care,https://static01.nyt.com/images/2023/03/30/multimedia/30dc-aca-tjvg/30dc-aca-tjvg-thumbWide.jpg?quality=75&auto=webp&disable=upscale,Health Policy
F.D.A. Approves Narcan for Over-the-Counter Sales,https://static01.nyt.com/images/2023/03/29/multimedia/29narcan-fda-hvml/29narcan-fda-hvml-thumbWide.jpg?quality=75&auto=webp&disable=upscale,Health Policy
North Carolina Expands Medicaid After Republicans Abandon Their Opposition,https://static01.nyt.com/images/2023/03/27/multimedia/27dc-medicaid-tzcw/27dc-medicaid-tzcw-thumbWide.jpg?quality=75&auto=webp&disable=upscale,Health Policy
"Gladys Kessler, Judge Who Curbed Deceptive Tobacco Ads, Dies at 85",https://static01.nyt.com/images/2023/03/28/multimedia/Kessler-mkhp-print1/Kessler-mkhp-thumbWide.jpg?quality=75&auto=webp&disable=upscale,Health Policy
A National Medical License May Ease Canada’s Doctor Shortages,https://static01.nyt.com/images/2023/03/11/multimedia/11canadaletter-exam-mbwp/11canadaletter-exam-mbwp-thumbWide.jpg?quality=75&auto=webp&disable=upscale,Health Policy
Walgreens Faces Blowback for Not Offering Abortion Pill in 21 States,https://static01.nyt.com/images/2023/03/07/multimedia/07Walgreens-ptjm/07Walgreens-ptjm-thumbWide.jpg?quality=75&auto=webp&disable=upscale,Health Policy
Biden Budget Will Propose Tax Increase to Bolster Medicare,https://static01.nyt.com/images/2023/03/07/multimedia/07dc-Medicare1-cvqz/07dc-Medicare1-cvqz-thumbWide.jpg?quality=75&auto=webp&disable=upscale,Health Policy
How the Fall of Roe Turned North Carolina Into an Abortion Destination,https://static01.nyt.com/images/2023/03/03/multimedia/00NAT-NC-ABORTION-01-flmv/00NAT-NC-ABORTION-01-flmv-thumbWide.jpg?quality=75&auto=webp&disable=upscale,Health Policy
More Doctors Can Now Prescribe a Key Opioid Treatment. Will It Help?,https://static01.nyt.com/images/2023/03/02/multimedia/02dc-opioidtreatment-1-02-gqzj/02dc-opioidtreatment-1-02-gqzj-thumbWide.jpg?quality=75&auto=webp&disable=upscale,Health Policy
Brokers Get Lush Trips and Cash Perks to Sell Costly Medigap Plans,https://static01.nyt.com/images/2023/03/01/science/01Medigap/01Medigap-thumbWide.jpg?quality=75&auto=webp&disable=upscale,Health Policy
"Why Mississippi, a Covid Hot Spot, Left Millions in Pandemic Aid Unspent",https://static01.nyt.com/images/2023/01/31/multimedia/00dc-pandemic_7-cwfh/00dc-pandemic_7-cwfh-thumbWide.jpg?quality=75&auto=webp&disable=upscale,Health Policy
Bernie Sanders Has a New Role. It Could Be His Final Act in Washington.,https://static01.nyt.com/images/2023/02/06/multimedia/00dc-sanders_1-lgpz/00dc-sanders_1-lgpz-thumbWide-v2.jpg?quality=75&auto=webp&disable=upscale,Health Policy
"Dr. Dennis O’Leary, Voice of Calm After Reagan Was Shot, Dies at 85",https://static01.nyt.com/images/2023/02/12/multimedia/09Oleary1-zcwp-print2/09Oleary1-zcwp-thumbWide.jpg?quality=75&auto=webp&disable=upscale,Health Policy
Workers Fighting America’s Overdose Crisis Are ‘Hanging by a Thread’,https://static01.nyt.com/images/2023/01/26/multimedia/00dc-harmreduction-01-jtpv/00dc-harmreduction-01-jtpv-thumbWide.jpg?quality=75&auto=webp&disable=upscale,Health Policy
"The Medicine Is a Miracle, but Only if You Can Afford It",https://static01.nyt.com/images/2022/09/27/science/00-new-advances1/00-new-advances1-thumbWide.jpg?quality=75&auto=webp&disable=upscale,Health Policy
U.S. Plans to End Public Health Emergency for Covid in May,https://static01.nyt.com/images/2023/01/30/multimedia/30dc-covid-emergency-tmkf/30dc-covid-emergency-tmkf-thumbWide.jpg?quality=75&auto=webp&disable=upscale,Health Policy
New Medicare Rule Aims to Take Back $4.7 Billion From Insurers,https://static01.nyt.com/images/2023/01/30/multimedia/30up-medicare-ad1-ljfv/30up-medicare-ad1-ljfv-thumbWide.jpg?quality=75&auto=webp&disable=upscale,Health Policy