﻿Title,Image,Section
China Rejects W.H.O. Accusations of Hiding Wuhan Covid Data,https://static01.nyt.com/images/2023/04/08/multimedia/08china-covid-01-tklj/08china-covid-01-tklj-thumbWide.jpg?quality=75&auto=webp&disable=upscale,Health Covid
Silver Linings of a ‘Doom Loop’,https://static01.nyt.com/images/2023/02/12/business/00shoptalk-DoomLoop-3x2-illo-sub/12shoptalk-DoomLoop-3x2-illo-sub-thumbWide.jpg?quality=75&auto=webp&disable=upscale,Health Covid
"Robert Kennedy Jr., a Noted Vaccine Skeptic, Files to Run for President",https://static01.nyt.com/images/2023/04/05/multimedia/05pol-rfk-2024-mkzf/05pol-rfk-2024-mkzf-thumbWide.jpg?quality=75&auto=webp&disable=upscale,Health Covid
"Track Covid-19 in Washington County, Mississippi",https://static01.nyt.com/images/2023/03/08/multimedia/covid-tracker-2023/covid-tracker-2023-thumbWide.jpg?quality=75&auto=webp&disable=upscale,Health Covid
"Track Covid-19 in Garden County, Nebraska",https://static01.nyt.com/images/2023/03/08/multimedia/covid-tracker-2023/covid-tracker-2023-thumbWide.jpg?quality=75&auto=webp&disable=upscale,Health Covid
"Track Covid-19 in Roanoke County, Virginia",https://static01.nyt.com/images/2023/03/08/multimedia/covid-tracker-2023/covid-tracker-2023-thumbWide.jpg?quality=75&auto=webp&disable=upscale,Health Covid
"Track Covid-19 in Montgomery County, Pennsylvania",https://static01.nyt.com/images/2023/03/08/multimedia/covid-tracker-2023/covid-tracker-2023-thumbWide.jpg?quality=75&auto=webp&disable=upscale,Health Covid
"Track Covid-19 in Northumberland County, Pennsylvania",https://static01.nyt.com/images/2023/03/08/multimedia/covid-tracker-2023/covid-tracker-2023-thumbWide.jpg?quality=75&auto=webp&disable=upscale,Health Covid
"Track Covid-19 in Martin County, North Carolina",https://static01.nyt.com/images/2023/03/08/multimedia/covid-tracker-2023/covid-tracker-2023-thumbWide.jpg?quality=75&auto=webp&disable=upscale,Health Covid
"Track Covid-19 in Keya Paha County, Nebraska",https://static01.nyt.com/images/2023/03/08/multimedia/covid-tracker-2023/covid-tracker-2023-thumbWide.jpg?quality=75&auto=webp&disable=upscale,Health Covid