﻿Title,Image,Section
The Forgotten Virus: Zika Families and Researchers Struggle for Support,https://static01.nyt.com/images/2022/08/16/science/16sci-brazil-zika1/00sci-brazil-zika1-thumbWide.jpg?quality=75&auto=webp&disable=upscale,Health Global Health
South African Company Nears License to Sell J. & J. Covid Shot Across Africa,https://static01.nyt.com/images/2021/11/30/multimedia/30virus-briefing-aspen-jj1/30virus-briefing-aspen-jj1-thumbWide.jpg?quality=75&auto=webp&disable=upscale,Health Global Health
"John Nkengasong, of the Africa C.D.C., Will Lead PEPFAR",https://static01.nyt.com/images/2021/09/21/science/21pepfar/21pepfar-thumbWide.jpg?quality=75&auto=webp&disable=upscale,Health Global Health
An Experimental H.I.V. Vaccine Fails in Africa,https://static01.nyt.com/images/2021/08/31/us/31hiv-1/31hiv-1-thumbWide.jpg?quality=75&auto=webp&disable=upscale,Health Global Health
A Simple Way to Save Lives as Covid-19 Hits Poorer Nations.,https://static01.nyt.com/images/2020/06/25/science/23VIRUS-OXYGEN1/23VIRUS-OXYGEN1-thumbWide.jpg?quality=75&auto=webp&disable=upscale,Health Global Health
C.D.C. and W.H.O. Offers to Help China Have Been Ignored for Weeks,https://static01.nyt.com/images/2020/02/07/science/07VIRUS-TEAM01/07VIRUS-TEAM01-thumbWide.jpg?quality=75&auto=webp&disable=upscale,Health Global Health
"Another H.I.V. Vaccine Fails a Trial, Disappointing Researchers",https://static01.nyt.com/images/2020/02/04/science/04HIV/04HIV-thumbWide.jpg?quality=75&auto=webp&disable=upscale,Health Global Health
"Wuhan Coronavirus Looks Increasingly Like a Pandemic, Experts Say",https://static01.nyt.com/images/2020/02/02/world/02virus-pandemic-sub/02virus-pandemic-sub-thumbWide.jpg?quality=75&auto=webp&disable=upscale,Health Global Health
Mask Hoarders May Raise Risk of a Coronavirus Outbreak in the U.S.,https://static01.nyt.com/images/2020/01/29/science/29VIRUS-MASKS4/29VIRUS-MASKS4-thumbWide.jpg?quality=75&auto=webp&disable=upscale,Health Global Health
Where Surgeons Don’t Bother With Checklists,https://static01.nyt.com/images/2020/01/15/science/15GLOBALSURGERY3/15GLOBALSURGERY3-thumbWide.jpg?quality=75&auto=webp&disable=upscale,Health Global Health
From Jan. 2020: China Identifies New Virus Causing Pneumonialike Illness,https://static01.nyt.com/images/2020/01/09/science/09CHINA-VIRUS1/09CHINA-VIRUS1-thumbWide.jpg?quality=75&auto=webp&disable=upscale,Health Global Health
"The Flu Season May Yet Turn Ugly, C.D.C. Warns",https://static01.nyt.com/images/2020/01/08/science/08FLU/08FLU-thumbWide.jpg?quality=75&auto=webp&disable=upscale,Health Global Health
"200,000 Uninsured Americans to Get Free H.I.V.-Prevention Drugs",https://static01.nyt.com/images/2019/12/03/science/03PREP1/03PREP1-thumbWide.jpg?quality=75&auto=webp&disable=upscale,Health Global Health
New Strawberry-Flavored H.I.V. Drugs for Babies Are Offered at $1 a Day,https://static01.nyt.com/images/2019/11/29/science/29AIDS2/29AIDS2-thumbWide-v2.jpg?quality=75&auto=webp&disable=upscale,Health Global Health
"To Drive Down Insulin Prices, W.H.O. Will Certify Generic Versions",https://static01.nyt.com/images/2019/11/13/science/13INSULIN1/13INSULIN1-thumbWide.jpg?quality=75&auto=webp&disable=upscale,Health Global Health
"Who Owns H.I.V.-Prevention Drugs? The Taxpayers, U.S. Says",https://static01.nyt.com/images/2019/11/09/science/07JPPREP-print/07PREP-thumbWide.jpg?quality=75&auto=webp&disable=upscale,Health Global Health
"New TB Vaccine Could Save Millions of Lives, Study Suggests",https://static01.nyt.com/images/2019/10/29/science/29TUBERCULOSIS1/29TUBERCULOSIS1-thumbWide.jpg?quality=75&auto=webp&disable=upscale,Health Global Health
Scientists Were Hunting for the Next Ebola. Now the U.S. Has Cut Off Their Funding.,https://static01.nyt.com/images/2019/10/29/science/00GLOBAL-PREDICT-5/00GLOBAL-PREDICT-5-thumbWide-v2.jpg?quality=75&auto=webp&disable=upscale,Health Global Health
W.H.O. Continues Emergency Status for Ebola Outbreak in Congo,https://static01.nyt.com/images/2019/10/18/science/18EBOLA-01/18EBOLA-01-thumbWide.jpg?quality=75&auto=webp&disable=upscale,Health Global Health
You’re Swabbing a Dead Gorilla for Ebola. Then It Gets Worse.,https://static01.nyt.com/images/2019/10/15/science/00GLOBAL-GORILLA1/00GLOBAL-GORILLA1-thumbWide.jpg?quality=75&auto=webp&disable=upscale,Health Global Health
Australia Just Had a Bad Flu Season. That May Be a Warning for the U.S.,https://static01.nyt.com/images/2019/10/02/science/00SCI-GLOBALFLU1/00SCI-GLOBALFLU1-thumbWide.jpg?quality=75&auto=webp&disable=upscale,Health Global Health
A Simple Regimen Can Prevent TB. Why Aren’t More People on It?,https://static01.nyt.com/images/2019/09/24/science/23SCI-GLOBALTB1/23SCI-GLOBALTB1-thumbWide.jpg?quality=75&auto=webp&disable=upscale,Health Global Health
"As Congo’s Ebola Outbreak Drags On, Untracked Cases Sow Confusion",https://static01.nyt.com/images/2019/09/17/science/17EBOLA/17EBOLA-thumbWide.jpg?quality=75&auto=webp&disable=upscale,Health Global Health
How to Get TB Patients to Take Their Pills? Persistent Texting and a ‘Winners Circle’,https://static01.nyt.com/images/2019/09/04/science/04GLOBAL-REMIND/04GLOBAL-REMIND-thumbWide.jpg?quality=75&auto=webp&disable=upscale,Health Global Health
This Daily Pill Cut Heart Attacks by Half. Why Isn’t Everyone Getting It?,https://static01.nyt.com/images/2019/08/22/science/22SCI-GLOBALHEART/22SCI-GLOBALHEART-thumbWide.jpg?quality=75&auto=webp&disable=upscale,Health Global Health
Scientists Discover New Cure for the Deadliest Strain of Tuberculosis,https://static01.nyt.com/images/2019/08/15/science/15SCI-TBDRUGS-p1/14SCI-TBDRUGS1-thumbWide.jpg?quality=75&auto=webp&disable=upscale,Health Global Health
A Cure for Ebola? Two New Treatments Prove Highly Effective in Congo,https://static01.nyt.com/images/2019/08/12/science/12EBOLA1/12EBOLA1-thumbWide.jpg?quality=75&auto=webp&disable=upscale,Health Global Health
"In Congo, a New Plan to Fight Ebola Follows a Government Power Struggle",https://static01.nyt.com/images/2019/07/26/science/26EBOLA9/26EBOLA9-thumbWide.jpg?quality=75&auto=webp&disable=upscale,Health Global Health
"Someday, an Arm Implant May Prevent H.I.V. Infection for a Year",https://static01.nyt.com/images/2019/07/23/science/23GLOBAL-AIDS-promo/23GLOBAL-AIDS-promo-thumbWide-v2.jpg?quality=75&auto=webp&disable=upscale,Health Global Health
"Earlier Ebola Outbreaks, and How the World Overcame Them",https://static01.nyt.com/images/2019/07/17/science/17GLOBAL-EBOLA-6/17GLOBAL-EBOLA-6-thumbWide-v2.jpg?quality=75&auto=webp&disable=upscale,Health Global Health
Polio Cases Surge in Pakistan and Afghanistan,https://static01.nyt.com/images/2019/07/16/science/16GLOBAL-POLIO-1/16GLOBAL-POLIO-1-thumbWide-v2.jpg?quality=75&auto=webp&disable=upscale,Health Global Health
"HPV Vaccines Are Reducing Infections, Warts — and Probably Cancer",https://static01.nyt.com/images/2019/06/27/science/27HPV/27HPV-thumbWide.jpg?quality=75&auto=webp&disable=upscale,Health Global Health
Scabies Means Misery. This Pill Can End It.,https://static01.nyt.com/images/2019/07/02/science/26SCI-GLOBAL1/26SCI-GLOBAL1-thumbWide.jpg?quality=75&auto=webp&disable=upscale,Health Global Health
Drug Companies Are Focusing on the Poor After Decades of Ignoring Them,https://static01.nyt.com/images/2019/06/25/science/24sci-global6-promo/24sci-global6-promo-thumbWide-v4.jpg?quality=75&auto=webp&disable=upscale,Health Global Health
"For the Third Time, W.H.O. Declines to Declare the Ebola Outbreak an Emergency",https://static01.nyt.com/images/2019/06/14/science/14EBOLA4/14EBOLA4-thumbWide.jpg?quality=75&auto=webp&disable=upscale,Health Global Health
"Depo-Provera, an Injectable Contraceptive, Does Not Raise H.I.V. Risk",https://static01.nyt.com/images/2019/06/14/science/14aids1-sub/merlin_156408135_f05e62ed-91ca-483f-88d2-3f71e8eabd6d-thumbWide.jpg?quality=75&auto=webp&disable=upscale,Health Global Health
An Experimental Ebola Cure May Also Protect Against Nipah Virus,https://static01.nyt.com/images/2019/06/04/science/29NIPAH/29NIPAH-thumbWide.jpg?quality=75&auto=webp&disable=upscale,Health Global Health
"To Calm Nervous Families, Pakistan Changes Polio Vaccination Tactics",https://static01.nyt.com/images/2019/05/24/science/24SCI-GLOBAL1/24SCI-GLOBAL1-thumbWide.jpg?quality=75&auto=webp&disable=upscale,Health Global Health
"Measles Outbreak Now at 880 Cases, With Fastest Growth Still in New York",https://static01.nyt.com/images/2019/05/20/science/20MEASLES/20MEASLES-thumbWide.jpg?quality=75&auto=webp&disable=upscale,Health Global Health
"Where Will Measles Break Out Next? Chicago, Los Angeles or Miami, Scientists Predict",https://static01.nyt.com/images/2019/05/10/science/10MEASLES/10MEASLES-thumbWide.jpg?quality=75&auto=webp&disable=upscale,Health Global Health