﻿Title,Title_URL,Image,css1pga48a,css1n7hynb,cssagsgss,css1n7hynb1
The Real-World Costs of the Digital Race for Bitcoin,https://www.nytimes.com/2023/04/09/business/bitcoin-mining-electricity-pollution.html,https://static01.nyt.com/images/2023/03/27/autossell/mine/mine-thumbWide.png?quality=75&auto=webp&disable=upscale,"Bitcoin mines cash in on electricity — by devouring it, selling it, even turning it off — and they cause immense pollution. In many cases, the public pays a price.","GABRIEL J.X. DANCE, TIM WALLACE and ZACH LEVITT","April 9, 2023",and
How the Latest Leaked Documents Are Different From Past Breaches,https://www.nytimes.com/2023/04/09/us/politics/leaked-pentagon-documents-ukraine.html,https://static01.nyt.com/images/2023/04/09/multimedia/09dc-leaks-plvz/09dc-leaks-plvz-thumbWide-v2.jpg?quality=75&auto=webp&disable=upscale,"The freshness of the documents — some appear to be barely 40 days old — and the hints they hold for operations to come make them particularly damaging, officials say.",DAVID E. SANGER,"April 9, 2023",
Leaked Documents Suggest Ukrainian Air Defense Is in Peril if Not Reinforced,https://www.nytimes.com/2023/04/09/us/politics/leaked-documents-ukrainian-air-defense.html,https://static01.nyt.com/images/2023/04/04/multimedia/00dc-airforce-01-lqjc/00dc-airforce-01-lqjc-thumbWide.jpg?quality=75&auto=webp&disable=upscale,"A huge influx of munitions is needed to keep Russia’s air force from changing the course of the war, according to U.S. officials and newly leaked Pentagon documents.","HELENE COOPER, MICHAEL SCHWIRTZ and THOMAS GIBBONS-NEFF","April 9, 2023",and
Will North Carolina Be the ‘Beginning of the End’ of the Medicaid Expansion Fight?,https://www.nytimes.com/2023/04/09/us/politics/medicaid-expansion-north-carolina.html,https://static01.nyt.com/images/2023/04/04/multimedia/00dc-gop-medicaid-02-fwzl/00dc-gop-medicaid-02-fwzl-thumbWide.jpg?quality=75&auto=webp&disable=upscale,"Intense patient advocacy, shifting politics, a determined Democratic governor and a handful of maverick Republicans led the state to join 39 others that have expanded Medicaid.",SHERYL GAY STOLBERG,"April 9, 2023",
At Least 3 California Condors Die From Bird Flu in Arizona,https://www.nytimes.com/2023/04/09/us/condors-avian-flu-california.html,https://static01.nyt.com/images/2023/04/09/multimedia/09xp-condor-kmgv/09xp-condor-kmgv-thumbWide.jpg?quality=75&auto=webp&disable=upscale,"Exposure to the virus is expected to rise as condors, an endangered species, migrate north in the spring, the National Park Service said.",STEPHANIE LAI,"April 9, 2023",
Tipping Confusion,https://www.nytimes.com/2023/04/09/briefing/tipping-confusion-food-delivery-apps.html,https://static01.nyt.com/images/2023/03/02/business/09-the-morning-tech-promo/00techfix-thumbWide.jpg?quality=75&auto=webp&disable=upscale,Tipping norms haven’t kept up with delivery apps and changes in how people buy food.,LAUREN JACKSON,"April 9, 2023",
New Mexico Is Losing a Form of Spanish Spoken Nowhere Else on Earth,https://www.nytimes.com/2023/04/09/us/new-mexico-spanish.html,https://static01.nyt.com/images/2023/04/05/multimedia/00nat-atc-spanish-dippy-3-01-wphz-alert/00nat-atc-spanish-dippy-3-01-wphz-alert-thumbWide.jpg?quality=75&auto=webp&disable=upscale,A dialect from the state’s earliest Spanish-speaking settlers has endured for over 400 years in the state’s remote mountain villages. But its time may be running out.,SIMON ROMERO and DESIREE RIOS,"April 9, 2023",and
The World Bank Is Getting a New Chief. Will He Pivot Toward Climate Action?,https://www.nytimes.com/2023/04/09/climate/world-bank-anjay-banga.html,https://static01.nyt.com/images/2023/04/07/climate/00cli-worldbank/00cli-worldbank-thumbWide.jpg?quality=75&auto=webp&disable=upscale,"Under pressure from world leaders, development experts and shareholders, the bank opens its spring meeting on Monday, poised for big changes.",DAVID GELLES and ALAN RAPPEPORT,"April 9, 2023",and
"At Stanford Law School, the Dean Takes a Stand for Free Speech. Will It Work?",https://www.nytimes.com/2023/04/09/us/stanford-law-school-free-speech.html,https://static01.nyt.com/images/2023/04/05/multimedia/00nat-stanford-law-tirien4-wzfb/00nat-stanford-law-tirien4-wzfb-thumbWide-v2.jpg?quality=75&auto=webp&disable=upscale,"After a student protest, Jenny S. Martinez wrote a much-praised memo defending academic freedom. But that protest shows how complicated protecting free speech can be.",VIMAL PATEL,"April 9, 2023",
"Nashville, Battered and Mourning, Pauses for Easter",https://www.nytimes.com/2023/04/09/us/nashville-easter.html,https://static01.nyt.com/images/2023/04/09/multimedia/09NAT-FAITH-NASHVILLE-01-pjvb/09NAT-FAITH-NASHVILLE-01-pjvb-thumbWide.jpg?quality=75&auto=webp&disable=upscale,"The holiest day in the Christian calendar comes as the church-filled city is in a heated political debate, and still deep in grief.",RUTH GRAHAM,"April 9, 2023",
Texas Governor Says He Plans to Pardon Man Convicted of Killing Protester,https://www.nytimes.com/2023/04/08/us/politics/greg-abbott-pardon-daniel-perry-texas.html,https://static01.nyt.com/images/2023/05/08/multimedia/08xp-texas-promo1-hwlj/08xp-texas-promo1-hwlj-thumbWide.jpg?quality=75&auto=webp&disable=upscale,"Gov. Greg Abbott said he would forgo a prison sentence for Daniel S. Perry, who was convicted on Friday in the murder of Garrett Foster at a Black Lives Matter demonstration in 2020.",EDUARDO MEDINA,"April 8, 2023",
"With Dueling Rulings, Abortion Pill Cases Appear Headed to the Supreme Court",https://www.nytimes.com/2023/04/08/us/politics/abortion-pill-supreme-court.html,https://static01.nyt.com/images/2023/04/08/multimedia/08dc-abortion-01-hvbk/08dc-abortion-01-hvbk-thumbWide-v3.jpg?quality=75&auto=webp&disable=upscale,"One federal judge said the F.D.A.’s approval of the drug mifepristone was invalid, while another federal judge ordered the agency to keep the pill available. The legal fallout is just beginning.",ABBIE VANSICKLE and PAM BELLUCK,"April 8, 2023",and
Track Cycling Champion Dies in Collision in San Francisco,https://www.nytimes.com/2023/04/08/us/bike-crash-ethan-boyes-san-francisco.html,https://static01.nyt.com/images/2023/04/08/multimedia/08xp-cyclist-01-kgvl/08xp-cyclist-01-kgvl-thumbWide.jpg?quality=75&auto=webp&disable=upscale,"The death of Ethan Boyes, 44, a cyclist who was struck by a car in the Presidio, highlights the city’s struggles to reduce traffic fatalities.",REMY TUMIN,"April 8, 2023",
"Overlooked No More: Alice Ball, Chemist Who Created a Treatment for Leprosy",https://www.nytimes.com/2023/04/08/obituaries/alice-ball-overlooked.html,https://static01.nyt.com/images/2023/04/10/multimedia/07overlooked-ball-01-lzjv-print1/07overlooked-ball-01-lzjv-thumbWide.jpg?quality=75&auto=webp&disable=upscale,After she died — and just a year after her discovery — another scientist took credit for her work. It would be more than half a century until her story resurfaced.,DELTHIA RICKS,"April 8, 2023",
"Mel King, Whose Boston Mayoral Bid Eased Racial Tensions, Dies at 94",https://www.nytimes.com/2023/04/08/us/politics/mel-king-dead.html,https://static01.nyt.com/images/2023/04/07/obituaries/07king-01/07king-01-thumbWide.jpg?quality=75&auto=webp&disable=upscale,"The first Black finalist for mayor of the city, he was credited, along with the eventual winner, Raymond Flynn, with running a respectful, calming campaign.",RICHARD SANDOMIR,"April 8, 2023",
Two Federal Judges Issued Opposing Rulings on Abortion Pills. Here’s What’s Going On.,https://www.nytimes.com/2023/04/08/health/mifepristone-abortion-pills-ruling-judges.html,https://static01.nyt.com/images/2023/03/03/multimedia/00AbortionRuling-Explainer-01-hklp/00AbortionRuling-Explainer-01-hklp-thumbWide.jpg?quality=75&auto=webp&disable=upscale,One invalidated the F.D.A.’s approval of the abortion pill mifepristone. The other ordered the F.D.A. to do nothing to restrict the pill’s availability.,PAM BELLUCK,"April 8, 2023",
Leaked Documents Reveal Depth of U.S. Spy Efforts and Russia’s Military Struggles,https://www.nytimes.com/2023/04/08/us/politics/leaked-documents-russia-ukraine-war.html,https://static01.nyt.com/images/2023/04/08/multimedia/08dc-intel-topart-01-wbzt/08dc-intel-topart-01-wbzt-thumbWide.jpg?quality=75&auto=webp&disable=upscale,"The information, exposed on social media sites, also shows that U.S. intelligence services are eavesdropping on important allies.","JULIAN E. BARNES, HELENE COOPER, THOMAS GIBBONS-NEFF, MICHAEL SCHWIRTZ and ERIC SCHMITT","April 8, 2023",and
E.P.A. Is Said to Propose Rules Meant to Drive Up Electric Car Sales Tenfold,https://www.nytimes.com/2023/04/08/climate/biden-electric-cars-epa.html,https://static01.nyt.com/images/2023/03/30/multimedia/00cli-EVs1-qljm/00cli-EVs1-qljm-thumbWide.jpg?quality=75&auto=webp&disable=upscale,"In what would be the nation’s most ambitious climate regulation, the proposal is designed to ensure that electric cars make up the majority of new U.S. auto sales by 2032.",CORAL DAVENPORT,"April 8, 2023",
A Week of Youthful Activism Sends Out Political Shockwaves,https://www.nytimes.com/2023/04/08/us/politics/protests-trump-tennessee-chicago-wisconsin.html,https://static01.nyt.com/images/2023/04/07/multimedia/07pol-politicalweek-vjgm/07pol-politicalweek-vjgm-thumbWide.jpg?quality=75&auto=webp&disable=upscale,"After Donald Trump’s indictment on Tuesday, progressives cemented two crucial victories in Wisconsin and Chicago, and, in Nashville, a firestorm erupted after the expulsion of two liberal lawmakers.",JONATHAN WEISMAN,"April 8, 2023",
A Swedish Warship Sank in 1628. It Is Still Yielding Secrets.,https://www.nytimes.com/2023/04/08/world/europe/sweden-vasa-warship-woman.html,https://static01.nyt.com/images/2023/04/07/lens/00xp-swedishboat-vasamuseet/00xp-swedishboat-vasamuseet-thumbWide.jpg?quality=75&auto=webp&disable=upscale,"Researchers are learning more about those who died after the Vasa sank, including a woman known as “G,” who was long believed by scientists to be a man.",REMY TUMIN,"April 8, 2023",
"New Season, New Music",https://www.nytimes.com/2023/04/08/briefing/curated-playlist.html,https://static01.nyt.com/images/2023/04/08/multimedia/08-THE-MORNING-NL/08-THE-MORNING-NL-thumbWide.jpg?quality=75&auto=webp&disable=upscale,Looking for new music recommendations? Introducing an antidote to the algorithm.,MELISSA KIRSCH,"April 8, 2023",
"Fed Up With Mayhem, Miami Beach Wants to Tame Spring Break for Good",https://www.nytimes.com/2023/04/08/us/miami-beach-spring-break-curfew.html,https://static01.nyt.com/images/2023/04/06/multimedia/00nat-miami-springbreak-promo-fwlc/00nat-miami-springbreak-promo-fwlc-thumbWide.jpg?quality=75&auto=webp&disable=upscale,"After a series of violent incidents, the city is moving to pre-empt late-night partying, but businesses worry about crimping their most profitable tourism season.",PATRICIA MAZZEI,"April 8, 2023",
"For DeSantis, Overflowing War Chest Obscures the Challenges Ahead",https://www.nytimes.com/2023/04/08/us/politics/ron-desantis-2024-fundraising-trump.html,https://static01.nyt.com/images/2023/03/29/multimedia/00pol-desantis-money-vtfz/00pol-desantis-money-vtfz-thumbWide.jpg?quality=75&auto=webp&disable=upscale,"As he prepares for a widely expected 2024 campaign, the Florida governor has at least $110 million in allied committees. But he will also have to navigate a series of financial and political hurdles.",REBECCA DAVIS O’BRIEN,"April 8, 2023",
Georgia Looms Next After Trump’s Indictment in New York,https://www.nytimes.com/2023/04/08/us/trump-georgia-election-fani-willis.html,https://static01.nyt.com/images/2023/04/04/multimedia/08nat-trump-georgia-sub/04trump-arraignment-carousel-afterspeech01-whzm-thumbWide-v2.jpg?quality=75&auto=webp&disable=upscale,Former President Donald J. Trump now faces a very different legal challenge in the culmination of a more than two-year Atlanta investigation into election interference.,RICHARD FAUSSET and DANNY HAKIM,"April 8, 2023",and
Trump and His Lawyers: A Restless Search for Another Roy Cohn,https://www.nytimes.com/2023/04/08/us/politics/trump-indictment-lawyers.html,https://static01.nyt.com/images/2023/04/07/multimedia/00pol-trumplawyers-bcvm/00pol-trumplawyers-bcvm-thumbWide.jpg?quality=75&auto=webp&disable=upscale,"Hired after TV appearances or brief phone calls, lawyers for the former president can come and go, as he demands they defend him first in the court of public opinion.",MAGGIE HABERMAN and JONATHAN SWAN,"April 8, 2023",and
"A Great Credit Score, but She Can’t Get a Mortgage",https://www.nytimes.com/2023/04/08/health/mortgage-loan-credit-score-financials.html,https://static01.nyt.com/images/2023/04/11/multimedia/08SCI-SPAN-promo-clgq/08SCI-SPAN-promo-clgq-thumbWide.jpg?quality=75&auto=webp&disable=upscale,"Despite solid financial track records, many older Americans have a hard time refinancing because of their mortality risks and lower retirement incomes.",PAULA SPAN,"April 8, 2023",
"Reaction to Texas Abortion Pill Ruling: Outrage, and Muted Praise",https://www.nytimes.com/2023/04/07/us/abortion-pill-ruling-reaction.html,https://static01.nyt.com/images/2023/04/07/multimedia/07nat-abortionpill-reax-lede-fvmw/07nat-abortionpill-reax-lede-fvmw-thumbWide.jpg?quality=75&auto=webp&disable=upscale,"Democrats and abortion-rights leaders said the decision could be a catastrophe and used the moment to criticize Republicans, who remained relatively quiet on Friday.",MAGGIE ASTOR and DAVID W. CHEN,"April 7, 2023",and
Read the Court Decision Ordering the F.D.A. to Keep Mifepristone Available,https://www.nytimes.com/interactive/2023/04/07/us/court-decision-keeping-mifepristone-available.html,https://static01.nyt.com/images/2023/04/08/doc-1387891-court-decision-or-promo/doc-1387891-court-decision-or-promo-thumbWide.png?quality=75&auto=webp&disable=upscale,"A federal judge in Washington State issued a ruling ordering the Food and Drug Administration to make no changes to the availability of the abortion pill mifepristone on Friday, directly contradicting another judge’s ruling in a legal standoff likely to escalate to the Supreme Court.",,"April 7, 2023",
Read the Court Decision Invalidating F.D.A. Approval of Mifepristone,https://www.nytimes.com/interactive/2023/04/08/us/court-decision-invalidating-approval-of-mifepristone.html,https://static01.nyt.com/images/2023/04/08/doc-1387890-decision-invalida-promo/doc-1387890-decision-invalida-promo-thumbWide.png?quality=75&auto=webp&disable=upscale,"A federal judge in Texas issued a preliminary ruling invalidating the Food and Drug Administration’s 23-year-old approval of the abortion pill mifepristone on Friday, clashing with another court’s ruling in a legal standoff likely to escalate to the Supreme Court.",,"April 7, 2023",
"For Texas Judge in Abortion Case, a Life Shaped by Conservative Causes",https://www.nytimes.com/2023/04/07/us/politics/texas-judge-matthew-kacsmaryk-abortion-pill.html,https://static01.nyt.com/images/2023/03/17/multimedia/00dc-texasjudge-kgqf/00dc-texasjudge-kgqf-thumbWide.jpg?quality=75&auto=webp&disable=upscale,Judge Matthew J. Kacsmaryk issued a preliminary ruling in a closely watched Texas case that could make it harder for patients to get abortions throughout the country.,ABBIE VANSICKLE,"April 7, 2023",
Biden Plan for Transgender Title IX Rules Began on Inauguration Day,https://www.nytimes.com/2023/04/07/us/politics/transgender-athletes-schools-title-ix.html,https://static01.nyt.com/images/2023/04/07/multimedia/07dc-biden-trans-01-pcqk/07dc-biden-trans-01-pcqk-thumbWide.jpg?quality=75&auto=webp&disable=upscale,"Officials were working on a plan to protect transgender athletes since the day the president was sworn in. In recent months, they raced to issue protections as states moved to revoke them.",KATIE ROGERS,"April 7, 2023",
Trump’s Next Legal Threat Could Be in Georgia. That May Be Tricky for Federal Prosecutors.,https://www.nytimes.com/2023/04/07/us/politics/trump-georgia-justice-department.html,https://static01.nyt.com/images/2023/04/07/multimedia/07dc-investigate-01-wtlh/07dc-investigate-01-wtlh-thumbWide.jpg?quality=75&auto=webp&disable=upscale,"The concurrent investigations create complications for separate teams relying on similar evidence, some of the same criminal targets and a small, shared pool of witnesses.","GLENN THRUSH, DANNY HAKIM and ADAM GOLDMAN","April 7, 2023",and
Judge Invalidates F.D.A. Approval of the Abortion Pill Mifepristone,https://www.nytimes.com/2023/04/07/health/abortion-pills-ruling-texas.html,https://static01.nyt.com/images/2023/02/24/multimedia/00AbortionRuling-mcfh/00AbortionRuling-mcfh-thumbWide.jpg?quality=75&auto=webp&disable=upscale,The Texas judge’s ruling was quickly contradicted by another federal judge in Washington State who ordered the F.D.A. to keep mifepristone available.,PAM BELLUCK,"April 7, 2023",
New Batch of Classified Documents Appears on Social Media Sites,https://www.nytimes.com/2023/04/07/us/politics/classified-documents-leak.html,https://static01.nyt.com/images/2023/04/07/multimedia/07dc-ukraine-documents-wlvb/07dc-ukraine-documents-wlvb-thumbWide.jpg?quality=75&auto=webp&disable=upscale,"Secret documents that appear to detail American national security secrets on Ukraine, the Middle East and China have surfaced online.","HELENE COOPER, JULIAN E. BARNES, ERIC SCHMITT and THOMAS GIBBONS-NEFF","April 7, 2023",and
Outrage at G.O.P. Could Propel Expelled Democrats Right Back to House,https://www.nytimes.com/2023/04/07/us/tennessee-house-democrats-jones-pearson.html,https://static01.nyt.com/images/2023/04/07/multimedia/07nat-tennessee-01-gchm/07nat-tennessee-01-gchm-thumbWide.jpg?quality=75&auto=webp&disable=upscale,"A day after two young Black lawmakers were expelled from the Tennessee legislature, momentum was building to reappoint them directly back to their seats.",ELIZA FAWCETT and RICK ROJAS,"April 7, 2023",and
"Colin McCord, Who Helped Impose a Smoking Ban, Dies at 94",https://www.nytimes.com/2023/04/07/health/dr-colin-mccord-dead.html,https://static01.nyt.com/images/2023/04/08/multimedia/06mccord-04-pctj-print1/06mccord-04-pctj-thumbWide.jpg?quality=75&auto=webp&disable=upscale,"The indoors prohibition, in New York City, was just one public health accomplishment. His global efforts on behalf of woman and children saved countless lives.",SAM ROBERTS,"April 7, 2023",
"In Hundreds of Jan. 6 Cases, Justice Dept. Wins a Battle (for Now)",https://www.nytimes.com/2023/04/07/us/politics/dc-appeals-court-jan-6-prosecutions.html,https://static01.nyt.com/images/2023/04/07/multimedia/07dc-jan6-qcwf/07dc-jan6-qcwf-thumbWide.jpg?quality=75&auto=webp&disable=upscale,The ruling of a federal court left open the possibility of future challenges to a law that has been used against hundreds of people charged in the Capitol attack.,ALAN FEUER,"April 7, 2023",
"Trump Wanted to Hire Laura Loomer, Anti-Muslim Activist",https://www.nytimes.com/2023/04/07/us/politics/trump-laura-loomer.html,https://static01.nyt.com/images/2023/04/07/lens/07pol-trump-loomer-01/07pol-trump-loomer-01-thumbWide.jpg?quality=75&auto=webp&disable=upscale,"The former president’s aides feared that hiring Ms. Loomer, who has a long history of bigoted remarks, would set off a backlash. That proved to be correct.",MAGGIE HABERMAN and JONATHAN SWAN,"April 7, 2023",and
Calculating the Fastest Road to an Electric Car Future,https://www.nytimes.com/2023/04/07/climate/electric-cars-biden-climate.html,https://static01.nyt.com/images/2023/04/05/multimedia/00cli-cars-01-wqvj/00cli-cars-01-wqvj-thumbWide.jpg?quality=75&auto=webp&disable=upscale,Government scientists have spent a year analyzing electric vehicles to help the E.P.A. design new tailpipe rules to trigger an electric car revolution.,CORAL DAVENPORT,"April 7, 2023",
"Trump’s Bet: Criminal Case Could Help His Campaign, and Vice Versa",https://www.nytimes.com/2023/04/07/us/politics/trump-campaign-indictment.html,https://static01.nyt.com/images/2023/04/07/multimedia/07pol-trump-campaign-pcvb/07pol-trump-campaign-pcvb-thumbWide.jpg?quality=75&auto=webp&disable=upscale,The former president aims to apply political pressure to prosecutors — while revving up support for his campaign by portraying himself as a victim of Democratic persecution.,MICHAEL C. BENDER,"April 7, 2023",
Justice Thomas Says He Was Advised Lavish Gifts Did Not Need to Be Reported,https://www.nytimes.com/2023/04/07/us/politics/clarence-thomas-supreme-court-travel.html,https://static01.nyt.com/images/2023/04/07/multimedia/07dc-thomas-glmb/07dc-thomas-glmb-thumbWide.jpg?quality=75&auto=webp&disable=upscale,"In a statement, the justice said that he had followed past guidance from others at the court, but that he would now comply with new guidelines and disclose gifts and free travel.",ABBIE VANSICKLE,"April 7, 2023",
Can Congress Make an End-Run Around a Debt Limit Impasse? It’s Tricky.,https://www.nytimes.com/2023/04/07/us/politics/debt-ceiling-discharge-petition.html,https://static01.nyt.com/images/2023/04/07/multimedia/07dc-discharge-01-qvkw/07dc-discharge-01-qvkw-thumbWide.jpg?quality=75&auto=webp&disable=upscale,Some Democrats are urging their colleagues to lay the groundwork for using an arcane procedural process to bypass Republicans and stave off economic peril.,CARL HULSE and JEANNA SMIALEK,"April 7, 2023",and
New Mexico Police Fatally Shoot Man After Responding to Wrong House,https://www.nytimes.com/2023/04/07/us/new-mexico-police-shooting.html,https://static01.nyt.com/images/2023/04/07/lens/07xp-dotson-01/07xp-dotson-01-thumbWide.png?quality=75&auto=webp&disable=upscale,"The police in Farmington, N.M., fatally shot Robert Dotson, 52, after mistakenly going to his home instead of a nearby home for a domestic violence call.",AMANDA HOLPUCH,"April 7, 2023",
"In Dealing With China, U.S. and Europe Take Different Tacks",https://www.nytimes.com/2023/04/07/us/politics/china-us-europe.html,https://static01.nyt.com/images/2023/04/07/multimedia/07dc-europe-china-gmvj/07dc-europe-china-gmvj-thumbWide.jpg?quality=75&auto=webp&disable=upscale,The Biden administration says there is “convergence.” But trans-Atlantic leaders adopt different strategies on security and trade issues — including on Ukraine and Taiwan.,EDWARD WONG,"April 7, 2023",
How Recent Political Scandals at L.A. City Hall Have Unfolded,https://www.nytimes.com/2023/04/07/us/los-angeles-city-council-members.html,https://static01.nyt.com/images/2023/04/07/multimedia/07californiatoday-cityhall-gbkm/07californiatoday-cityhall-gbkm-thumbWide.jpg?quality=75&auto=webp&disable=upscale,"This week, the drama over a leaked City Council recording reached an uneasy denouement. Several other scandals have ended in similarly fraught ways.",JILL COWAN,"April 7, 2023",
The Response to Crime,https://www.nytimes.com/2023/04/07/briefing/legislators-response-to-crime.html,https://static01.nyt.com/images/2023/03/30/multimedia/07themorning-promo/31themorning-lede-1-bgjc-thumbWide-v2.jpg?quality=75&auto=webp&disable=upscale,Republican lawmakers are putting limits on progressive prosecutors.,EMILY BAZELON,"April 7, 2023",
"Stabbing of Cash App Creator Raises Alarm, and Claims of ‘Lawless’ San Francisco",https://www.nytimes.com/2023/04/07/us/bob-lee-san-francisco-crime.html,https://static01.nyt.com/images/2023/04/06/multimedia/00nat-sf-stabbing-01-chvw/00nat-sf-stabbing-01-chvw-thumbWide.jpg?quality=75&auto=webp&disable=upscale,Bob Lee’s death has stirred outrage among tech leaders and comes at a precarious time for the industry — and the city it calls home.,KATE CONGER and SHAWN HUBLER,"April 7, 2023",and
"South Carolina Democrats, Stung by String of Losses, Clash Over Next Leader",https://www.nytimes.com/2023/04/07/us/politics/south-carolina-democrats.html,https://static01.nyt.com/images/2023/04/07/multimedia/07pol-sc-dems-vjfg/07pol-sc-dems-vjfg-thumbWide.jpg?quality=75&auto=webp&disable=upscale,A usually low-key race has taken on unusually high stakes as the party prepares to host the first primary of the 2024 campaign and seeks to reverse its recent misfortunes.,MAYA KING,"April 7, 2023",
Tennessee G.O.P. Punishes 2 Democrats by Throwing Them Out of House,https://www.nytimes.com/2023/04/06/us/tennessee-house-democrats-expelled.html,https://static01.nyt.com/images/2023/04/06/multimedia/06nat-tennessee-expulsion-subs-01-cmpv/06nat-tennessee-expulsion-subs-01-cmpv-thumbWide.jpg?quality=75&auto=webp&disable=upscale,The unseating of the lawmakers threatened to further inflame partisan rancor in a state that is divided over issues like how to respond to a school shooting in Nashville.,EMILY COCHRANE and ELIZA FAWCETT,"April 6, 2023",and
"Fentanyl Contributed to Coolio’s Death, Medical Examiner Says",https://www.nytimes.com/2023/04/06/us/coolio-death-cause-fentanyl.html,https://static01.nyt.com/images/2023/04/06/multimedia/06xp-coolio/06xp-coolio-thumbWide.jpg?quality=75&auto=webp&disable=upscale,"Coolio’s death was accidental, according to the Los Angeles County medical examiner, who also said that the rapper had a heart condition and asthma.",MCKENNA OXENDEN,"April 6, 2023",
