﻿Title,Image,Section,Date,
The Real-World Costs of the Digital Race for Bitcoin,https://static01.nyt.com/images/2023/03/27/autossell/mine/mine-thumbWide.png?quality=75&auto=webp&disable=upscale,U.S. New California,9-Apr-23,
How the Latest Leaked Documents Are Different From Past Breaches,https://static01.nyt.com/images/2023/04/09/multimedia/09dc-leaks-plvz/09dc-leaks-plvz-thumbWide-v2.jpg?quality=75&auto=webp&disable=upscale,U.S. New California,9-Apr-23,
Leaked Documents Suggest Ukrainian Air Defense Is in Peril if Not Reinforced,https://static01.nyt.com/images/2023/04/04/multimedia/00dc-airforce-01-lqjc/00dc-airforce-01-lqjc-thumbWide.jpg?quality=75&auto=webp&disable=upscale,U.S. New California,9-Apr-23,
Will North Carolina Be the ‘Beginning of the End’ of the Medicaid Expansion Fight?,https://static01.nyt.com/images/2023/04/04/multimedia/00dc-gop-medicaid-02-fwzl/00dc-gop-medicaid-02-fwzl-thumbWide.jpg?quality=75&auto=webp&disable=upscale,U.S. New California,9-Apr-23,
At Least 3 California Condors Die From Bird Flu in Arizona,https://static01.nyt.com/images/2023/04/09/multimedia/09xp-condor-kmgv/09xp-condor-kmgv-thumbWide.jpg?quality=75&auto=webp&disable=upscale,U.S. New California,9-Apr-23,
Tipping Confusion,https://static01.nyt.com/images/2023/03/02/business/09-the-morning-tech-promo/00techfix-thumbWide.jpg?quality=75&auto=webp&disable=upscale,U.S. New California,9-Apr-23,
New Mexico Is Losing a Form of Spanish Spoken Nowhere Else on Earth,https://static01.nyt.com/images/2023/04/05/multimedia/00nat-atc-spanish-dippy-3-01-wphz-alert/00nat-atc-spanish-dippy-3-01-wphz-alert-thumbWide.jpg?quality=75&auto=webp&disable=upscale,U.S. New California,9-Apr-23,
The World Bank Is Getting a New Chief. Will He Pivot Toward Climate Action?,https://static01.nyt.com/images/2023/04/07/climate/00cli-worldbank/00cli-worldbank-thumbWide.jpg?quality=75&auto=webp&disable=upscale,U.S. New California,9-Apr-23,
"At Stanford Law School, the Dean Takes a Stand for Free Speech. Will It Work?",https://static01.nyt.com/images/2023/04/05/multimedia/00nat-stanford-law-tirien4-wzfb/00nat-stanford-law-tirien4-wzfb-thumbWide-v2.jpg?quality=75&auto=webp&disable=upscale,U.S. New California,9-Apr-23,
"Nashville, Battered and Mourning, Pauses for Easter",https://static01.nyt.com/images/2023/04/09/multimedia/09NAT-FAITH-NASHVILLE-01-pjvb/09NAT-FAITH-NASHVILLE-01-pjvb-thumbWide.jpg?quality=75&auto=webp&disable=upscale,U.S. New California,9-Apr-23,