﻿Title,Image,Section,Date
At Least 3 California Condors Die From Bird Flu in Arizona,https://static01.nyt.com/images/2023/04/09/multimedia/09xp-condor-kmgv/09xp-condor-kmgv-thumbWide.jpg?quality=75&auto=webp&disable=upscale,Science,9-Apr-23
The World Bank Is Getting a New Chief. Will He Pivot Toward Climate Action?,https://static01.nyt.com/images/2023/04/07/climate/00cli-worldbank/00cli-worldbank-thumbWide.jpg?quality=75&auto=webp&disable=upscale,Science,9-Apr-23
"With Dueling Rulings, Abortion Pill Cases Appear Headed to the Supreme Court",https://static01.nyt.com/images/2023/04/08/multimedia/08dc-abortion-01-hvbk/08dc-abortion-01-hvbk-thumbWide-v3.jpg?quality=75&auto=webp&disable=upscale,Science,9-Apr-23
"Overlooked No More: Alice Ball, Chemist Who Created a Treatment for Leprosy",https://static01.nyt.com/images/2023/04/10/multimedia/07overlooked-ball-01-lzjv-print1/07overlooked-ball-01-lzjv-thumbWide.jpg?quality=75&auto=webp&disable=upscale,Science,9-Apr-23
Two Federal Judges Issued Opposing Rulings on Abortion Pills. Here’s What’s Going On.,https://static01.nyt.com/images/2023/03/03/multimedia/00AbortionRuling-Explainer-01-hklp/00AbortionRuling-Explainer-01-hklp-thumbWide.jpg?quality=75&auto=webp&disable=upscale,Science,9-Apr-23
E.P.A. Is Said to Propose Rules Meant to Drive Up Electric Car Sales Tenfold,https://static01.nyt.com/images/2023/03/30/multimedia/00cli-EVs1-qljm/00cli-EVs1-qljm-thumbWide.jpg?quality=75&auto=webp&disable=upscale,Science,9-Apr-23
China Rejects W.H.O. Accusations of Hiding Wuhan Covid Data,https://static01.nyt.com/images/2023/04/08/multimedia/08china-covid-01-tklj/08china-covid-01-tklj-thumbWide.jpg?quality=75&auto=webp&disable=upscale,Science,9-Apr-23
A Swedish Warship Sank in 1628. It Is Still Yielding Secrets.,https://static01.nyt.com/images/2023/04/07/lens/00xp-swedishboat-vasamuseet/00xp-swedishboat-vasamuseet-thumbWide.jpg?quality=75&auto=webp&disable=upscale,Science,9-Apr-23
Judge Invalidates F.D.A. Approval of the Abortion Pill Mifepristone,https://static01.nyt.com/images/2023/02/24/multimedia/00AbortionRuling-mcfh/00AbortionRuling-mcfh-thumbWide.jpg?quality=75&auto=webp&disable=upscale,Science,9-Apr-23
"N.Y.C. Life Expectancy Dropped 4.6 Years in 2020, Officials Say",https://static01.nyt.com/images/2023/04/06/us/2023-04-04-nyc-pestilence-index/2023-04-04-nyc-pestilence-index-thumbWide-v4.png?quality=75&auto=webp&disable=upscale,Science,9-Apr-23
The Virtual Vet Will See You Meow,https://static01.nyt.com/images/2023/04/04/multimedia/00VIRTUAL-VETS-01b-fmzk/00VIRTUAL-VETS-01b-fmzk-thumbWide.jpg?quality=75&auto=webp&disable=upscale,Science,9-Apr-23
How A.I. and DNA Are Unlocking the Mysteries of Global Supply Chains,https://static01.nyt.com/images/2023/03/29/multimedia/00dc-tracing-01-wcjv/00dc-tracing-01-wcjv-thumbWide.jpg?quality=75&auto=webp&disable=upscale,Science,9-Apr-23
Biden Administration to Curb Toxic Pollutants From Chemical Plants,https://static01.nyt.com/images/2023/04/06/multimedia/6cli-chemicals-fqkw/6cli-chemicals-fqkw-thumbWide.jpg?quality=75&auto=webp&disable=upscale,Science,9-Apr-23
Man Accused of Kidnapping Platypus Is Charged in Australia,https://static01.nyt.com/images/2023/04/06/multimedia/06xp-platypus-2-kwhb/06xp-platypus-2-kwhb-thumbWide.jpg?quality=75&auto=webp&disable=upscale,Science,9-Apr-23
Fasten Your Seatbelts: What You Need to Know About Turbulence,https://static01.nyt.com/images/2023/04/07/travel/00travel-turbulence-illo/00travel-turbulence-illo-thumbWide.jpg?quality=75&auto=webp&disable=upscale,Science,9-Apr-23
"Moderate Drinking Has No Health Benefits, Analysis of Decades of Research Finds",https://static01.nyt.com/images/2023/04/04/multimedia/04alcohol-wmlg/04alcohol-wmlg-thumbWide.jpg?quality=75&auto=webp&disable=upscale,Science,9-Apr-23
Virgin Orbit Files for Bankruptcy After Failed Launch and Lack of Funding,https://static01.nyt.com/images/2023/04/04/multimedia/04virginorbit-klqj/04virginorbit-klqj-thumbWide.jpg?quality=75&auto=webp&disable=upscale,Science,9-Apr-23
New Marburg Outbreaks in Africa Raise Alarm About the Deadly Virus’s Spread,https://static01.nyt.com/images/2023/03/30/science/30marburg-outbreak/30marburg-outbreak-thumbWide.jpg?quality=75&auto=webp&disable=upscale,Science,9-Apr-23
NASA Announces Artemis II Moon Mission Astronauts,https://static01.nyt.com/images/2023/04/03/science/03astronauts-live-meet-the-crew2/03astronauts-live-meet-the-crew2-thumbWide-v2.jpg?quality=75&auto=webp&disable=upscale,Science,9-Apr-23
What to Know About Bacteria and Eye Drops,https://static01.nyt.com/images/2023/04/03/multimedia/03eyedrop-explainer-01-cvkw/03eyedrop-explainer-01-cvkw-thumbWide.jpg?quality=75&auto=webp&disable=upscale,Science,9-Apr-23
Canada Earns a Spot Among NASA’s Artemis II Crew,https://static01.nyt.com/images/2023/04/03/science/03astronauts-live-canada/03astronauts-live-canada-thumbWide.jpg?quality=75&auto=webp&disable=upscale,Science,9-Apr-23
Meet the four astronauts of Artemis II.,https://static01.nyt.com/images/2023/04/03/science/03astronauts-live-meet-the-crew2/03astronauts-live-meet-the-crew2-thumbWide-v2.jpg?quality=75&auto=webp&disable=upscale,Science,9-Apr-23
Watch Live: NASA Announces Artemis II Moon Mission Astronauts,https://static01.nyt.com/images/2023/03/31/science/live-blog-20230403-artemis-astronauts-nasa-header/live-blog-20230403-artemis-astronauts-nasa-header-thumbWide.jpg?quality=75&auto=webp&disable=upscale,Science,9-Apr-23
California Salmon Stocks Are Crashing. A Fishing Ban Looks Certain.,https://static01.nyt.com/images/2023/04/03/multimedia/03cli-salmon-01b-qjlm/03cli-salmon-01b-qjlm-thumbWide.jpg?quality=75&auto=webp&disable=upscale,Science,9-Apr-23
A Psychedelics Pioneer Takes the Ultimate Trip,https://static01.nyt.com/images/2023/04/09/magazine/09mag-talk/09mag-talk-thumbWide.jpg?quality=75&auto=webp&disable=upscale,Science,9-Apr-23
Drug-Resistant Bacteria Tied to Eyedrops Can Spread Person to Person,https://static01.nyt.com/images/2023/03/30/multimedia/00EYEDROPS-01-jphf/00EYEDROPS-01-jphf-thumbWide.jpg?quality=75&auto=webp&disable=upscale,Science,9-Apr-23
"April Space Events: Artemis Astronauts, a Journey to Jupiter and More",https://static01.nyt.com/images/2023/04/01/science/01spacecalendar-april-preview/01spacecalendar-april-preview-thumbWide.jpg?quality=75&auto=webp&disable=upscale,Science,9-Apr-23
April 3: NASA will announce the astronauts flying on Artemis II.,https://static01.nyt.com/images/2023/04/01/multimedia/01sci-spacecalendar-artemis-ii-announcement-mfbw/01sci-spacecalendar-artemis-ii-announcement-mfbw-thumbWide.jpg?quality=75&auto=webp&disable=upscale,Science,9-Apr-23
Health Plans No Longer Have to Cover All Preventive Care at No Cost. Here’s What to Know.,https://static01.nyt.com/images/2023/03/31/science/31aca-explainer1/31aca-explainer1-thumbWide.jpg?quality=75&auto=webp&disable=upscale,Science,9-Apr-23
Medicare Delays a Full Crackdown on Private Health Plans,https://static01.nyt.com/images/2023/03/31/science/31MED-ADVANTAGE/31MED-ADVANTAGE-thumbWide.jpg?quality=75&auto=webp&disable=upscale,Science,9-Apr-23
A Failure to Launch Appears to Sink Virgin Orbit,https://static01.nyt.com/images/2023/03/31/multimedia/31virgin-orbit-ctlb/31virgin-orbit-ctlb-thumbWide.jpg?quality=75&auto=webp&disable=upscale,Science,9-Apr-23
A Big Rover Aims to Be Like ‘U.P.S. for the Moon’,https://static01.nyt.com/images/2023/03/31/multimedia/31moon-rover-01-qgwb/31moon-rover-01-qgwb-thumbWide.jpg?quality=75&auto=webp&disable=upscale,Science,9-Apr-23
California to Require Half of All Heavy Trucks Sold by 2035 to Be Electric,https://static01.nyt.com/images/2023/03/30/multimedia/00cli-trucks2-hzwf/00cli-trucks2-hzwf-thumbWide.jpg?quality=75&auto=webp&disable=upscale,Science,9-Apr-23
What to Know About State Moves to Ban Transgender Health Care,https://static01.nyt.com/images/2023/03/30/multimedia/30trans-laws-01-wglk/30trans-laws-01-wglk-thumbWide.jpg?quality=75&auto=webp&disable=upscale,Science,9-Apr-23
The Math of Putting Tiles Together,https://static01.nyt.com/images/2023/03/29/autossell/tiles2/tiles2-thumbWide.jpg?quality=75&auto=webp&disable=upscale,Science,9-Apr-23
Ukraine Goes Dark: Images From Space Drive Home the Nation’s Anguish,https://static01.nyt.com/images/2023/03/30/science/30dark-ukraine-promo/30dark-ukraine-promo-thumbWide-v2.jpg?quality=75&auto=webp&disable=upscale,Science,9-Apr-23
"AstraZeneca’s Covid Vaccine May Have Posed a Higher Heart Risk for Young Women, Study Shows",https://static01.nyt.com/images/2023/03/29/science/29virus-vaccine/29virus-vaccine-thumbWide.jpg?quality=75&auto=webp&disable=upscale,Science,9-Apr-23
Can Nations Be Sued for Weak Climate Action? We’ll Soon Get an Answer.,https://static01.nyt.com/images/2023/03/29/multimedia/29cli-vanuatu-ghpz/29cli-vanuatu-ghpz-thumbWide.jpg?quality=75&auto=webp&disable=upscale,Science,9-Apr-23
DNA Confirms Oral History of Swahili People,https://static01.nyt.com/images/2023/04/04/science/29SCI-Swahili-DNA1/29SCI-Swahili-DNA1-thumbWide.jpg?quality=75&auto=webp&disable=upscale,Science,9-Apr-23
10 Questions About Narcan,https://static01.nyt.com/images/2023/03/29/well/Narcan_Cover_1/Narcan_Cover_1-thumbWide.jpg?quality=75&auto=webp&disable=upscale,Science,9-Apr-23
F.D.A. Approves Narcan for Over-the-Counter Sales,https://static01.nyt.com/images/2023/03/29/multimedia/29narcan-fda-hvml/29narcan-fda-hvml-thumbWide.jpg?quality=75&auto=webp&disable=upscale,Science,9-Apr-23
Over-the-Counter Narcan Could Save More Lives. But Price and Stigma Are Obstacles.,https://static01.nyt.com/images/2023/03/28/multimedia/28NARCAN-promo/28NARCAN-promo-thumbWide.jpg?quality=75&auto=webp&disable=upscale,Science,9-Apr-23
Elusive ‘Einstein’ Solves a Longstanding Math Problem,https://static01.nyt.com/images/2023/03/28/multimedia/28SCI-TILES-01-wmvf/28SCI-TILES-01-wmvf-thumbWide.jpg?quality=75&auto=webp&disable=upscale,Science,9-Apr-23
Can a Machine Know That We Know What It Knows?,https://static01.nyt.com/images/2023/03/27/science/27SCI-MIND-theoryofmind/27SCI-MIND-theoryofmind-thumbWide.jpg?quality=75&auto=webp&disable=upscale,Science,9-Apr-23
You May Need That Procedure. But Do You Really Need an Escort?,https://static01.nyt.com/images/2023/03/28/multimedia/25SCI-SPAN-tlmj/25SCI-SPAN-tlmj-thumbWide.jpg?quality=75&auto=webp&disable=upscale,Science,9-Apr-23
"In a Roman Tomb, ‘Dead Nails’ Reveal an Occult Practice",https://static01.nyt.com/images/2023/03/28/multimedia/00SCI-NAILS-01-kblj/00SCI-NAILS-01-kblj-thumbWide.jpg?quality=75&auto=webp&disable=upscale,Science,9-Apr-23
The Northern Lights Were Seen Farther South in the United States,https://static01.nyt.com/images/2023/03/24/multimedia/24xp-Aurora-gbhk/24xp-Aurora-gbhk-thumbWide.jpg?quality=75&auto=webp&disable=upscale,Science,9-Apr-23
Cleaner Air Helps Everyone. It Helps Black Communities a Lot.,https://static01.nyt.com/images/2023/03/23/multimedia/00cli-airpollution-stjames-qkgh/00cli-airpollution-stjames-qkgh-thumbWide.jpg?quality=75&auto=webp&disable=upscale,Science,9-Apr-23
California’s Plan for Cheaper Insulin Collides With Big Pharma’s Price Cuts,https://static01.nyt.com/images/2023/03/24/multimedia/24INSULIN-01-thzc/24INSULIN-01-thzc-thumbWide.jpg?quality=75&auto=webp&disable=upscale,Science,9-Apr-23
Should You Get Another Covid Booster?,https://static01.nyt.com/images/2023/03/24/multimedia/24virus-booster-tvzf/24virus-booster-tvzf-thumbWide.jpg?quality=75&auto=webp&disable=upscale,Science,9-Apr-23
The Income Gap Is Becoming a Physical-Activity Divide,https://static01.nyt.com/images/2023/03/28/multimedia/00-physicaldivide-01-fbtz/00-physicaldivide-01-fbtz-thumbWide.jpg?quality=75&auto=webp&disable=upscale,Science,9-Apr-23
Tennessee’s Rejection of $8.8 Million in Federal Funding Alarms H.I.V. Prevention Groups,https://static01.nyt.com/images/2023/03/24/multimedia/24nat-tenn-hiv-NEW-01-hzbk/24nat-tenn-hiv-NEW-01-hzbk-thumbWide-v2.jpg?quality=75&auto=webp&disable=upscale,Science,9-Apr-23
"These Devices Sickened Hundreds. The New Models Have Risks, Too.",https://static01.nyt.com/images/2023/03/23/science/24scopes/Stasis-Photo-thumbWide.jpg?quality=75&auto=webp&disable=upscale,Science,9-Apr-23
"In Montana, It’s Youth vs. the State in a Landmark Climate Case",https://static01.nyt.com/images/2023/03/23/multimedia/00cli-montana-01-ltjf/00cli-montana-01-ltjf-thumbWide.jpg?quality=75&auto=webp&disable=upscale,Science,9-Apr-23
A Paler Uranus Emerges in the Latest Hubble Telescope Image,https://static01.nyt.com/images/2023/04/04/multimedia/23sci-uranus-01-vftp/23sci-uranus-01-vftp-thumbWide.jpg?quality=75&auto=webp&disable=upscale,Science,9-Apr-23
Science Museums Take Stock of 1.1 Billion Objects From Around the World,https://static01.nyt.com/images/2023/03/28/multimedia/23SCI-MUSEUMS-04-ghcl/23SCI-MUSEUMS-04-ghcl-thumbWide.jpg?quality=75&auto=webp&disable=upscale,Science,9-Apr-23
Who Is Most at Risk for Long Covid?,https://static01.nyt.com/images/2023/03/23/multimedia/23LongCovid-RiskFactors-jtlq/23LongCovid-RiskFactors-jtlq-thumbWide.jpg?quality=75&auto=webp&disable=upscale,Science,9-Apr-23
"Autism Prevalence Rises Again, Study Finds",https://static01.nyt.com/images/2023/03/23/science/23AUTISM/23AUTISM-thumbWide.jpg?quality=75&auto=webp&disable=upscale,Science,9-Apr-23
El ADN del cabello de Beethoven revela secretos médicos y familiares,https://static01.nyt.com/images/2023/03/22/multimedia/23beethoven-ESP-00/22beethoven-01-gmjt-thumbWide.jpg?quality=75&auto=webp&disable=upscale,Science,9-Apr-23
Relativity Space Launches First 3-D Printed Rocket,https://static01.nyt.com/images/2023/03/22/multimedia/22launch-qctj/22launch-qctj-thumbWide.jpg?quality=75&auto=webp&disable=upscale,Science,9-Apr-23
The First 3-D Printed Rocket Fails Shortly After Launch,https://static01.nyt.com/images/2023/03/23/multimedia/23LAUNCH2-wkbl/23LAUNCH2-wkbl-thumbWide.jpg?quality=75&auto=webp&disable=upscale,Science,9-Apr-23
Wyoming Judge Temporarily Blocks the State’s New Abortion Ban,https://static01.nyt.com/images/2023/03/22/science/22wyo-judge/22wyo-judge-thumbWide.jpg?quality=75&auto=webp&disable=upscale,Science,9-Apr-23
Centuries of Stargazing Leave Jesuit Names Written in the Heavens,https://static01.nyt.com/images/2023/03/16/multimedia/00jesuits-stars-01-blqk/00jesuits-stars-01-blqk-thumbWide.jpg?quality=75&auto=webp&disable=upscale,Science,9-Apr-23
Rising Rate of Drug Shortages Is Framed as a National Security Threat,https://static01.nyt.com/images/2023/03/22/science/22DRUG-SHORTAGES/22DRUG-SHORTAGES-thumbWide.jpg?quality=75&auto=webp&disable=upscale,Science,9-Apr-23
"Raphael Mechoulam, ‘Father of Cannabis Research,’ Dies at 92",https://static01.nyt.com/images/2023/03/23/multimedia/21Mechoulam-vlpg-print1/21Mechoulam-vlpg-thumbWide.jpg?quality=75&auto=webp&disable=upscale,Science,9-Apr-23
"William A. Wulf, Pioneering Computer Scientist, Dies at 83",https://static01.nyt.com/images/2023/03/24/multimedia/22Wulf1-wvpm-print1/22Wulf1-wvpm-thumbWide.jpg?quality=75&auto=webp&disable=upscale,Science,9-Apr-23
"Geothermal Power, Cheap and Clean, Could Help Run Japan. So Why Doesn’t It?",https://static01.nyt.com/images/2023/03/21/multimedia/00CLI-HOTSPRING-11-mpvb/00CLI-HOTSPRING-11-mpvb-thumbWide.jpg?quality=75&auto=webp&disable=upscale,Science,9-Apr-23
"The Times Switches to C.D.C. Covid Data, Ending Daily Collection",https://static01.nyt.com/images/2023/03/19/multimedia/g-0-promo/g-0-promo-thumbWide.jpg?quality=75&auto=webp&disable=upscale,Science,9-Apr-23
DNA From Beethoven’s Hair Unlocks Medical and Family Secrets,https://static01.nyt.com/images/2023/03/22/multimedia/22beethoven-promo/22beethoven-promo-thumbWide.jpg?quality=75&auto=webp&disable=upscale,Science,9-Apr-23
"Oumuamua Was a Comet After All, a Study Suggests",https://static01.nyt.com/images/2023/03/28/multimedia/22SCI-OUMUAMUA-01-gjlh/22SCI-OUMUAMUA-01-gjlh-thumbWide.jpg?quality=75&auto=webp&disable=upscale,Science,9-Apr-23
Abel Prize Goes to Mathematician Who Studied Equations That Describe Nature,https://static01.nyt.com/images/2023/03/22/science/22abel/22abel-thumbWide.jpg?quality=75&auto=webp&disable=upscale,Science,9-Apr-23
8 Dolphins Dead After Washing Ashore in New Jersey,https://static01.nyt.com/images/2023/03/22/video/22vid-xp-dolphins/22vid-xp-dolphins-thumbWide.jpg?quality=75&auto=webp&disable=upscale,Science,9-Apr-23
"Wuhan Market Samples Contained Covid and Animal Mixtures, Report Says",https://static01.nyt.com/images/2023/03/21/science/21market/21market-thumbWide.jpg?quality=75&auto=webp&disable=upscale,Science,9-Apr-23
A ‘Rocking Chair Rebellion’: Seniors Call On Banks to Dump Big Oil,https://static01.nyt.com/images/2023/03/21/multimedia/21cli-seniorprotests-01-vfqm/21cli-seniorprotests-01-vfqm-thumbWide.jpg?quality=75&auto=webp&disable=upscale,Science,9-Apr-23
The Surgeon General’s New Mission: Adolescent Mental Health,https://static01.nyt.com/images/2023/03/21/multimedia/21SCI-SURGEONGENERAL-tjkf/21SCI-SURGEONGENERAL-tjkf-thumbWide.jpg?quality=75&auto=webp&disable=upscale,Science,9-Apr-23
‘We Were Helpless’: Despair at the C.D.C. as the Pandemic Erupted,https://static01.nyt.com/images/2023/03/21/multimedia/00virus-cdc-01-bhwv/00virus-cdc-01-bhwv-thumbWide.jpg?quality=75&auto=webp&disable=upscale,Science,9-Apr-23
Tracking the Chinese Balloon From Space,https://static01.nyt.com/images/2023/03/20/science/chinese-space-balloon-incident-promo/chinese-space-balloon-incident-promo-thumbWide-v4.jpg?quality=75&auto=webp&disable=upscale,Science,9-Apr-23
"Deadly Fungus Spread Rapidly During the Pandemic, C.D.C. Says",https://static01.nyt.com/images/2023/03/20/multimedia/20fungus-hjfb/20fungus-hjfb-thumbWide.jpg?quality=75&auto=webp&disable=upscale,Science,9-Apr-23
"Obsidian Cliff: Humanity’s Tool Shed for the Last 11,500 Years",https://static01.nyt.com/images/2023/03/21/science/00sci-obsidian/00sci-obsidian-thumbWide.jpg?quality=75&auto=webp&disable=upscale,Science,9-Apr-23
"Climate Change Is Speeding Toward Catastrophe. The Next Decade Is Crucial, U.N. Panel Says.",https://static01.nyt.com/images/2023/03/20/climate/20cli-ipcc/20cli-ipcc-thumbWide-v4.jpg?quality=75&auto=webp&disable=upscale,Science,9-Apr-23
Lab Leak or Not? How Politics Shaped the Battle Over Covid’s Origin,https://static01.nyt.com/images/2023/03/19/multimedia/19lab-leak-01-kvbq/19lab-leak-01-kvbq-thumbWide.jpg?quality=75&auto=webp&disable=upscale,Science,9-Apr-23
Flaming Space Debris Re-entering Atmosphere Lights Up California Sky,https://static01.nyt.com/images/2023/03/19/multimedia/19xp-lights1-fgvj/19xp-lights1-fgvj-thumbWide.jpg?quality=75&auto=webp&disable=upscale,Science,9-Apr-23
Space Debris Spotted Over Northern California,https://static01.nyt.com/images/2023/03/19/multimedia/19xp-lights1-fgvj/19xp-lights1-fgvj-thumbWide.jpg?quality=75&auto=webp&disable=upscale,Science,9-Apr-23
The Secret Behind Japan’s Delicious Strawberries: Kerosene,https://static01.nyt.com/images/2023/03/10/multimedia/00CLI-strawberries-promo-pjzf/00CLI-strawberries-promo-pjzf-thumbWide.jpg?quality=75&auto=webp&disable=upscale,Science,9-Apr-23
Wyoming Becomes First State to Outlaw the Use of Pills for Abortion,https://static01.nyt.com/images/2023/04/17/multimedia/17Nat-Wyoming-lfgw/17Nat-Wyoming-lfgw-thumbWide.jpg?quality=75&auto=webp&disable=upscale,Science,9-Apr-23
W.H.O. Accuses China of Hiding Data That May Link Covid’s Origins to Animals,https://static01.nyt.com/images/2023/03/17/multimedia/17virus-market-cbhv/17virus-market-cbhv-thumbWide.jpg?quality=75&auto=webp&disable=upscale,Science,9-Apr-23
What Are Raccoon Dogs?,https://static01.nyt.com/images/2023/03/17/science/17VIRUS-RACCOON-DOGS/17VIRUS-RACCOON-DOGS-thumbWide.jpg?quality=75&auto=webp&disable=upscale,Science,9-Apr-23
"Facing Extinction, but Available for Selfies in Japan’s Animal Cafes",https://static01.nyt.com/images/2023/03/17/multimedia/17sci-animalcafes-08-gfmt/17sci-animalcafes-08-gfmt-thumbWide.jpg?quality=75&auto=webp&disable=upscale,Science,9-Apr-23
"Scientists Breed Sea Dragons, but Not by the Seashore",https://static01.nyt.com/images/2023/04/04/multimedia/15xp-seadragons/15xp-seadragons-thumbWide.jpg?quality=75&auto=webp&disable=upscale,Science,9-Apr-23
"When Helpless Fish Need a Hero, She Answers the Call",https://static01.nyt.com/images/2023/03/15/nyregion/NY-FISH/NY-FISH-thumbWide.jpg?quality=75&auto=webp&disable=upscale,Science,9-Apr-23
New Data Links Pandemic’s Origins to Raccoon Dogs at Wuhan Market,https://static01.nyt.com/images/2023/03/16/multimedia/16market-raccoondog/16market-raccoondog-thumbWide.jpg?quality=75&auto=webp&disable=upscale,Science,9-Apr-23
F.D.A. Advisers Endorse Paxlovid’s Benefits as a Covid Treatment,https://static01.nyt.com/images/2023/03/15/multimedia/15paxlovid-lgkq/15paxlovid-lgkq-thumbWide.jpg?quality=75&auto=webp&disable=upscale,Science,9-Apr-23
"Lyme Isn’t the Only Tick Disease to Worry About in the Northeast, C.D.C Says",https://static01.nyt.com/images/2023/03/16/science/16SCI-TICKS/16SCI-TICKS-thumbWide.jpg?quality=75&auto=webp&disable=upscale,Science,9-Apr-23
Biden Plans to Name Nevada’s Spirit Mountain Area a National Monument,https://static01.nyt.com/images/2023/03/16/multimedia/16cli-spiritmountain-vpjq/16cli-spiritmountain-vpjq-thumbWide.jpg?quality=75&auto=webp&disable=upscale,Science,9-Apr-23
Public Health vs. Economic Growth: Toxic Chemical Rules Pose Test for Biden,https://static01.nyt.com/images/2023/03/09/multimedia/00dc-toxics-01-tcpk/00dc-toxics-01-tcpk-thumbWide.jpg?quality=75&auto=webp&disable=upscale,Science,9-Apr-23
Covid Worsened a Health Crisis Among Pregnant Women,https://static01.nyt.com/images/2023/03/16/multimedia/16virus-pregnancy-qmpt/16virus-pregnancy-qmpt-thumbWide.jpg?quality=75&auto=webp&disable=upscale,Science,9-Apr-23
Pregnancy and Covid: What Women Need to Know,https://static01.nyt.com/images/2023/03/16/multimedia/16virus-pregnancy-qa-vkzw/16virus-pregnancy-qa-vkzw-thumbWide.jpg?quality=75&auto=webp&disable=upscale,Science,9-Apr-23
"A 24-Armed Hunter, Threatened With Extinction, Is Set to Get Protection",https://static01.nyt.com/images/2023/03/15/multimedia/15cli-seastar-bqth/15cli-seastar-bqth-thumbWide.jpg?quality=75&auto=webp&disable=upscale,Science,9-Apr-23
NASA’s New Spacesuit: It’s a Look,https://static01.nyt.com/images/2023/03/19/multimedia/15NASA-STYLE-01-mcqv/15NASA-STYLE-01-mcqv-thumbWide.jpg?quality=75&auto=webp&disable=upscale,Science,9-Apr-23
Lawyers Spar Before Judge Over Rescinding of Federal Approval of Abortion Pill,https://static01.nyt.com/images/2023/03/15/multimedia/15Abortion-Hearing-1-01-ljmk/15Abortion-Hearing-1-01-ljmk-thumbWide.jpg?quality=75&auto=webp&disable=upscale,Science,9-Apr-23
NASA Showcases New Moon Suit,https://static01.nyt.com/images/2023/03/15/multimedia/15moonsuit-kneel-tglq/15moonsuit-kneel-tglq-thumbWide.jpg?quality=75&auto=webp&disable=upscale,Science,9-Apr-23
Scientists Investigate a Bird Flu Outbreak in Seals,https://static01.nyt.com/images/2023/03/15/multimedia/15SCI-SEALS-hctq/15SCI-SEALS-hctq-thumbWide.jpg?quality=75&auto=webp&disable=upscale,Science,9-Apr-23
New Moon Suit for NASA’s Artemis Astronauts Unveiled,https://static01.nyt.com/images/2023/03/15/multimedia/15moonsuit-kneel-tglq/15moonsuit-kneel-tglq-thumbWide.jpg?quality=75&auto=webp&disable=upscale,Science,9-Apr-23
The Brilliant Inventor Who Made Two of History’s Biggest Mistakes,https://static01.nyt.com/images/2023/03/19/magazine/19world/19world-thumbWide.jpg?quality=75&auto=webp&disable=upscale,Science,9-Apr-23
"Audubon Society Keeps Name Despite Slavery Ties, Dividing Birders",https://static01.nyt.com/images/2023/03/21/multimedia/15xp-audobon-01-bclg/15xp-audobon-01-bclg-thumbWide.jpg?quality=75&auto=webp&disable=upscale,Science,9-Apr-23
It’s Not a Stretch: This Dinosaur Had a 50-Foot Neck,https://static01.nyt.com/images/2023/04/04/science/15tb-long-neck/15tb-long-neck-thumbWide.jpg?quality=75&auto=webp&disable=upscale,Science,9-Apr-23
Lawyers to Face Off Before Judge in Closely Watched Abortion Pills Case,https://static01.nyt.com/images/2023/03/15/multimedia/15Abortion-Hearing-Explainer-cvjg/15Abortion-Hearing-Explainer-cvjg-thumbWide-v2.jpg?quality=75&auto=webp&disable=upscale,Science,9-Apr-23
Biden Voids Trump-Era Deal to Open Alaskan Wildlife Area,https://static01.nyt.com/images/2023/03/14/multimedia/14cli-izembek-pqgj/14cli-izembek-pqgj-thumbWide.jpg?quality=75&auto=webp&disable=upscale,Science,9-Apr-23
Polish Court Convicts Rights Activist of Aiding an Abortion by Providing Pills,https://static01.nyt.com/images/2023/03/14/multimedia/14poland-abortion-01-tlzk/14poland-abortion-01-tlzk-thumbWide.jpg?quality=75&auto=webp&disable=upscale,Science,9-Apr-23
The U.S. Program That Brought H.I.V. Treatment to 20 Million People,https://static01.nyt.com/images/2023/03/14/science/14pepfar/14pepfar-thumbWide.jpg?quality=75&auto=webp&disable=upscale,Science,9-Apr-23