﻿Title,Image,Section,Date
Will North Carolina Be the ‘Beginning of the End’ of the Medicaid Expansion Fight?,https://static01.nyt.com/images/2023/04/04/multimedia/00dc-gop-medicaid-02-fwzl/00dc-gop-medicaid-02-fwzl-thumbWide.jpg?quality=75&auto=webp&disable=upscale,Health,9-Apr-23
"With Dueling Rulings, Abortion Pill Cases Appear Headed to the Supreme Court",https://static01.nyt.com/images/2023/04/08/multimedia/08dc-abortion-01-hvbk/08dc-abortion-01-hvbk-thumbWide-v3.jpg?quality=75&auto=webp&disable=upscale,Health,9-Apr-23
"Overlooked No More: Alice Ball, Chemist Who Created a Treatment for Leprosy",https://static01.nyt.com/images/2023/04/10/multimedia/07overlooked-ball-01-lzjv-print1/07overlooked-ball-01-lzjv-thumbWide.jpg?quality=75&auto=webp&disable=upscale,Health,9-Apr-23
"Colin McCord, Who Helped Impose a Smoking Ban, Dies at 94",https://static01.nyt.com/images/2023/04/08/multimedia/06mccord-04-pctj-print1/06mccord-04-pctj-thumbWide.jpg?quality=75&auto=webp&disable=upscale,Health,9-Apr-23
Tripping in the Bronze Age,https://static01.nyt.com/images/2023/04/06/multimedia/06DRUGS-BRONZEAGE1-fpjq-qczt/06DRUGS-BRONZEAGE1-fpjq-qczt-thumbWide.jpg?quality=75&auto=webp&disable=upscale,Health,9-Apr-23
Her Unusual Wheeze Was Getting Worse. What Was It?,https://static01.nyt.com/images/2023/04/09/magazine/09mag-diagnosis-1/09mag-diagnosis-1-thumbWide.jpg?quality=75&auto=webp&disable=upscale,Health,9-Apr-23
Millions on Medicaid May Soon Lose Coverage as Pandemic Protections Expire,https://static01.nyt.com/images/2023/03/30/multimedia/00dc-medicaid-01-hqwk/00dc-medicaid-01-hqwk-thumbWide.jpg?quality=75&auto=webp&disable=upscale,Health,9-Apr-23
A Psychedelics Pioneer Takes the Ultimate Trip,https://static01.nyt.com/images/2023/04/09/magazine/09mag-talk/09mag-talk-thumbWide.jpg?quality=75&auto=webp&disable=upscale,Health,9-Apr-23
Health Plans No Longer Have to Cover All Preventive Care at No Cost. Here’s What to Know.,https://static01.nyt.com/images/2023/03/31/science/31aca-explainer1/31aca-explainer1-thumbWide.jpg?quality=75&auto=webp&disable=upscale,Health,9-Apr-23
Medicare Delays a Full Crackdown on Private Health Plans,https://static01.nyt.com/images/2023/03/31/science/31MED-ADVANTAGE/31MED-ADVANTAGE-thumbWide.jpg?quality=75&auto=webp&disable=upscale,Health,9-Apr-23
What to Know About State Moves to Ban Transgender Health Care,https://static01.nyt.com/images/2023/03/30/multimedia/30trans-laws-01-wglk/30trans-laws-01-wglk-thumbWide.jpg?quality=75&auto=webp&disable=upscale,Health,9-Apr-23
Federal Judge Strikes Down Obamacare Requirement for Free Preventive Care,https://static01.nyt.com/images/2023/03/30/multimedia/30dc-aca-tjvg/30dc-aca-tjvg-thumbWide.jpg?quality=75&auto=webp&disable=upscale,Health,9-Apr-23
Studies Link Common Childhood Viruses to Rare Hepatitis Cases,https://static01.nyt.com/images/2023/03/30/multimedia/30HEPATITIS-qhwm/30HEPATITIS-qhwm-thumbWide.jpg?quality=75&auto=webp&disable=upscale,Health,9-Apr-23
"¿Cómo usar el Narcan, el aerosol para revertir sobredosis?",https://static01.nyt.com/images/2023/03/29/well/Narcan_Cover_1/Narcan_Cover_1-thumbWide.jpg?quality=75&auto=webp&disable=upscale,Health,9-Apr-23
"AstraZeneca’s Covid Vaccine May Have Posed a Higher Heart Risk for Young Women, Study Shows",https://static01.nyt.com/images/2023/03/29/science/29virus-vaccine/29virus-vaccine-thumbWide.jpg?quality=75&auto=webp&disable=upscale,Health,9-Apr-23
How To Use Narcan to Save a Life,https://static01.nyt.com/images/2023/03/28/science/narcan-guide-burst-promo/narcan-guide-burst-promo-thumbWide-v5.jpg?quality=75&auto=webp&disable=upscale,Health,9-Apr-23
10 Questions About Narcan,https://static01.nyt.com/images/2023/03/29/well/Narcan_Cover_1/Narcan_Cover_1-thumbWide.jpg?quality=75&auto=webp&disable=upscale,Health,9-Apr-23
How to Use Narcan Nasal Spray,https://static01.nyt.com/images/2023/03/29/well/Narcan_Cover_1/Narcan_Cover_1-thumbWide.jpg?quality=75&auto=webp&disable=upscale,Health,9-Apr-23
F.D.A. Approves Narcan for Over-the-Counter Sales,https://static01.nyt.com/images/2023/03/29/multimedia/29narcan-fda-hvml/29narcan-fda-hvml-thumbWide.jpg?quality=75&auto=webp&disable=upscale,Health,9-Apr-23
The Lifesaving Power of … Paperwork?,https://static01.nyt.com/images/2023/04/02/magazine/02mag-Uncounted-14/02mag-Uncounted-14-thumbWide.jpg?quality=75&auto=webp&disable=upscale,Health,9-Apr-23
Over-the-Counter Narcan Could Save More Lives. But Price and Stigma Are Obstacles.,https://static01.nyt.com/images/2023/03/28/multimedia/28NARCAN-promo/28NARCAN-promo-thumbWide.jpg?quality=75&auto=webp&disable=upscale,Health,9-Apr-23
"Hospitals Are Increasingly Crowded With Kids Who Tried to Harm Themselves, Study Finds",https://static01.nyt.com/images/2023/03/28/multimedia/28suicidal-ptzl/28suicidal-ptzl-thumbWide.jpg?quality=75&auto=webp&disable=upscale,Health,9-Apr-23
‘We’re Going Away’: A State’s Choice to Forgo Medicaid Funds Is Killing Hospitals,https://static01.nyt.com/images/2023/03/23/multimedia/00dc-mississippi-01-qhfm/00dc-mississippi-01-qhfm-thumbWide-v3.jpg?quality=75&auto=webp&disable=upscale,Health,9-Apr-23
North Carolina Expands Medicaid After Republicans Abandon Their Opposition,https://static01.nyt.com/images/2023/03/27/multimedia/27dc-medicaid-tzcw/27dc-medicaid-tzcw-thumbWide.jpg?quality=75&auto=webp&disable=upscale,Health,9-Apr-23
Can a Machine Know That We Know What It Knows?,https://static01.nyt.com/images/2023/03/27/science/27SCI-MIND-theoryofmind/27SCI-MIND-theoryofmind-thumbWide.jpg?quality=75&auto=webp&disable=upscale,Health,9-Apr-23
Philadelphia Monitoring Water Supply After Chemical Spill,https://static01.nyt.com/images/2023/03/27/multimedia/27-XP-SPILL-PRINT/26xp-spill-thumbWide.jpg?quality=75&auto=webp&disable=upscale,Health,9-Apr-23
You May Need That Procedure. But Do You Really Need an Escort?,https://static01.nyt.com/images/2023/03/28/multimedia/25SCI-SPAN-tlmj/25SCI-SPAN-tlmj-thumbWide.jpg?quality=75&auto=webp&disable=upscale,Health,9-Apr-23
"In a Roman Tomb, ‘Dead Nails’ Reveal an Occult Practice",https://static01.nyt.com/images/2023/03/28/multimedia/00SCI-NAILS-01-kblj/00SCI-NAILS-01-kblj-thumbWide.jpg?quality=75&auto=webp&disable=upscale,Health,9-Apr-23
Cleaner Air Helps Everyone. It Helps Black Communities a Lot.,https://static01.nyt.com/images/2023/03/23/multimedia/00cli-airpollution-stjames-qkgh/00cli-airpollution-stjames-qkgh-thumbWide.jpg?quality=75&auto=webp&disable=upscale,Health,9-Apr-23
California’s Plan for Cheaper Insulin Collides With Big Pharma’s Price Cuts,https://static01.nyt.com/images/2023/03/24/multimedia/24INSULIN-01-thzc/24INSULIN-01-thzc-thumbWide.jpg?quality=75&auto=webp&disable=upscale,Health,9-Apr-23
China Rejects W.H.O. Accusations of Hiding Wuhan Covid Data,https://static01.nyt.com/images/2023/04/08/multimedia/08china-covid-01-tklj/08china-covid-01-tklj-thumbWide.jpg?quality=75&auto=webp&disable=upscale,Health Covid,9-Apr-23
Silver Linings of a ‘Doom Loop’,https://static01.nyt.com/images/2023/02/12/business/00shoptalk-DoomLoop-3x2-illo-sub/12shoptalk-DoomLoop-3x2-illo-sub-thumbWide.jpg?quality=75&auto=webp&disable=upscale,Health Covid,9-Apr-23
"Robert Kennedy Jr., a Noted Vaccine Skeptic, Files to Run for President",https://static01.nyt.com/images/2023/04/05/multimedia/05pol-rfk-2024-mkzf/05pol-rfk-2024-mkzf-thumbWide.jpg?quality=75&auto=webp&disable=upscale,Health Covid,9-Apr-23
"Track Covid-19 in Washington County, Mississippi",https://static01.nyt.com/images/2023/03/08/multimedia/covid-tracker-2023/covid-tracker-2023-thumbWide.jpg?quality=75&auto=webp&disable=upscale,Health Covid,9-Apr-23
"Track Covid-19 in Garden County, Nebraska",https://static01.nyt.com/images/2023/03/08/multimedia/covid-tracker-2023/covid-tracker-2023-thumbWide.jpg?quality=75&auto=webp&disable=upscale,Health Covid,9-Apr-23
"Track Covid-19 in Roanoke County, Virginia",https://static01.nyt.com/images/2023/03/08/multimedia/covid-tracker-2023/covid-tracker-2023-thumbWide.jpg?quality=75&auto=webp&disable=upscale,Health Covid,9-Apr-23
"Track Covid-19 in Montgomery County, Pennsylvania",https://static01.nyt.com/images/2023/03/08/multimedia/covid-tracker-2023/covid-tracker-2023-thumbWide.jpg?quality=75&auto=webp&disable=upscale,Health Covid,9-Apr-23
"Track Covid-19 in Northumberland County, Pennsylvania",https://static01.nyt.com/images/2023/03/08/multimedia/covid-tracker-2023/covid-tracker-2023-thumbWide.jpg?quality=75&auto=webp&disable=upscale,Health Covid,9-Apr-23
"Track Covid-19 in Martin County, North Carolina",https://static01.nyt.com/images/2023/03/08/multimedia/covid-tracker-2023/covid-tracker-2023-thumbWide.jpg?quality=75&auto=webp&disable=upscale,Health Covid,9-Apr-23
"Track Covid-19 in Keya Paha County, Nebraska",https://static01.nyt.com/images/2023/03/08/multimedia/covid-tracker-2023/covid-tracker-2023-thumbWide.jpg?quality=75&auto=webp&disable=upscale,Health Covid,9-Apr-23
"Is It a Cold, or Is It Allergies?",https://static01.nyt.com/images/2023/04/07/well/07WELL-COLD-VS-ALLERGIES/07WELL-COLD-VS-ALLERGIES-thumbWide.jpg?quality=75&auto=webp&disable=upscale,Health Well,9-Apr-23
Two Federal Judges Issued Opposing Rulings on Abortion Pills. Here’s What’s Going On.,https://static01.nyt.com/images/2023/03/03/multimedia/00AbortionRuling-Explainer-01-hklp/00AbortionRuling-Explainer-01-hklp-thumbWide.jpg?quality=75&auto=webp&disable=upscale,Health Well,9-Apr-23
"Have Eggs, Will Travel. To Freeze Them.",https://static01.nyt.com/images/2023/04/06/fashion/06EGG-FREEZING-TOURISM-top/06EGG-FREEZING-TOURISM-top-thumbWide.jpg?quality=75&auto=webp&disable=upscale,Health Well,9-Apr-23
"A Great Credit Score, but She Can’t Get a Mortgage",https://static01.nyt.com/images/2023/04/11/multimedia/08SCI-SPAN-promo-clgq/08SCI-SPAN-promo-clgq-thumbWide.jpg?quality=75&auto=webp&disable=upscale,Health Well,9-Apr-23
Judge Invalidates F.D.A. Approval of the Abortion Pill Mifepristone,https://static01.nyt.com/images/2023/02/24/multimedia/00AbortionRuling-mcfh/00AbortionRuling-mcfh-thumbWide.jpg?quality=75&auto=webp&disable=upscale,Health Well,9-Apr-23
Want This Snoopy T-Shirt? You’ll Have to Pay in Blood.,https://static01.nyt.com/images/2023/04/07/multimedia/07BLOOD-SNOOPY-01-kbhg/07BLOOD-SNOOPY-01-kbhg-thumbWide.jpg?quality=75&auto=webp&disable=upscale,Health Well,9-Apr-23
The Virtual Vet Will See You Meow,https://static01.nyt.com/images/2023/04/04/multimedia/00VIRTUAL-VETS-01b-fmzk/00VIRTUAL-VETS-01b-fmzk-thumbWide.jpg?quality=75&auto=webp&disable=upscale,Health Well,9-Apr-23
"Uh-Oh, I Seem to Be Dating a Chatbot",https://static01.nyt.com/images/2023/04/09/fashion/09MODERN-HARRIS/09MODERN-HARRIS-thumbWide.jpg?quality=75&auto=webp&disable=upscale,Health Well,9-Apr-23
Los sonidos de la mediana edad existen,https://static01.nyt.com/images/2023/03/23/well/23WELLNL-MIDDLE-AGE-GROAN/23WELLNL-MIDDLE-AGE-GROAN-thumbWide.jpg?quality=75&auto=webp&disable=upscale,Health Well,9-Apr-23
Did You Have Your First Child After 40?,https://static01.nyt.com/images/2023/03/31/well/WELL-OVER-40-CALLOUT1/WELL-OVER-40-CALLOUT1-thumbWide.jpg?quality=75&auto=webp&disable=upscale,Health Well,9-Apr-23
Will North Carolina Be the ‘Beginning of the End’ of the Medicaid Expansion Fight?,https://static01.nyt.com/images/2023/04/04/multimedia/00dc-gop-medicaid-02-fwzl/00dc-gop-medicaid-02-fwzl-thumbWide.jpg?quality=75&auto=webp&disable=upscale,Health Policy,9-Apr-23
"Colin McCord, Who Helped Impose a Smoking Ban, Dies at 94",https://static01.nyt.com/images/2023/04/08/multimedia/06mccord-04-pctj-print1/06mccord-04-pctj-thumbWide.jpg?quality=75&auto=webp&disable=upscale,Health Policy,9-Apr-23
Millions on Medicaid May Soon Lose Coverage as Pandemic Protections Expire,https://static01.nyt.com/images/2023/03/30/multimedia/00dc-medicaid-01-hqwk/00dc-medicaid-01-hqwk-thumbWide.jpg?quality=75&auto=webp&disable=upscale,Health Policy,9-Apr-23
Federal Judge Strikes Down Obamacare Requirement for Free Preventive Care,https://static01.nyt.com/images/2023/03/30/multimedia/30dc-aca-tjvg/30dc-aca-tjvg-thumbWide.jpg?quality=75&auto=webp&disable=upscale,Health Policy,9-Apr-23
F.D.A. Approves Narcan for Over-the-Counter Sales,https://static01.nyt.com/images/2023/03/29/multimedia/29narcan-fda-hvml/29narcan-fda-hvml-thumbWide.jpg?quality=75&auto=webp&disable=upscale,Health Policy,9-Apr-23
North Carolina Expands Medicaid After Republicans Abandon Their Opposition,https://static01.nyt.com/images/2023/03/27/multimedia/27dc-medicaid-tzcw/27dc-medicaid-tzcw-thumbWide.jpg?quality=75&auto=webp&disable=upscale,Health Policy,9-Apr-23
"Gladys Kessler, Judge Who Curbed Deceptive Tobacco Ads, Dies at 85",https://static01.nyt.com/images/2023/03/28/multimedia/Kessler-mkhp-print1/Kessler-mkhp-thumbWide.jpg?quality=75&auto=webp&disable=upscale,Health Policy,9-Apr-23
A National Medical License May Ease Canada’s Doctor Shortages,https://static01.nyt.com/images/2023/03/11/multimedia/11canadaletter-exam-mbwp/11canadaletter-exam-mbwp-thumbWide.jpg?quality=75&auto=webp&disable=upscale,Health Policy,9-Apr-23
Walgreens Faces Blowback for Not Offering Abortion Pill in 21 States,https://static01.nyt.com/images/2023/03/07/multimedia/07Walgreens-ptjm/07Walgreens-ptjm-thumbWide.jpg?quality=75&auto=webp&disable=upscale,Health Policy,9-Apr-23
Biden Budget Will Propose Tax Increase to Bolster Medicare,https://static01.nyt.com/images/2023/03/07/multimedia/07dc-Medicare1-cvqz/07dc-Medicare1-cvqz-thumbWide.jpg?quality=75&auto=webp&disable=upscale,Health Policy,9-Apr-23
How the Fall of Roe Turned North Carolina Into an Abortion Destination,https://static01.nyt.com/images/2023/03/03/multimedia/00NAT-NC-ABORTION-01-flmv/00NAT-NC-ABORTION-01-flmv-thumbWide.jpg?quality=75&auto=webp&disable=upscale,Health Policy,9-Apr-23
More Doctors Can Now Prescribe a Key Opioid Treatment. Will It Help?,https://static01.nyt.com/images/2023/03/02/multimedia/02dc-opioidtreatment-1-02-gqzj/02dc-opioidtreatment-1-02-gqzj-thumbWide.jpg?quality=75&auto=webp&disable=upscale,Health Policy,9-Apr-23
Brokers Get Lush Trips and Cash Perks to Sell Costly Medigap Plans,https://static01.nyt.com/images/2023/03/01/science/01Medigap/01Medigap-thumbWide.jpg?quality=75&auto=webp&disable=upscale,Health Policy,9-Apr-23
"Why Mississippi, a Covid Hot Spot, Left Millions in Pandemic Aid Unspent",https://static01.nyt.com/images/2023/01/31/multimedia/00dc-pandemic_7-cwfh/00dc-pandemic_7-cwfh-thumbWide.jpg?quality=75&auto=webp&disable=upscale,Health Policy,9-Apr-23
Bernie Sanders Has a New Role. It Could Be His Final Act in Washington.,https://static01.nyt.com/images/2023/02/06/multimedia/00dc-sanders_1-lgpz/00dc-sanders_1-lgpz-thumbWide-v2.jpg?quality=75&auto=webp&disable=upscale,Health Policy,9-Apr-23
"A Great Credit Score, but She Can’t Get a Mortgage",https://static01.nyt.com/images/2023/04/11/multimedia/08SCI-SPAN-promo-clgq/08SCI-SPAN-promo-clgq-thumbWide.jpg?quality=75&auto=webp&disable=upscale,The New Old Age,9-Apr-23
You May Need That Procedure. But Do You Really Need an Escort?,https://static01.nyt.com/images/2023/03/28/multimedia/25SCI-SPAN-tlmj/25SCI-SPAN-tlmj-thumbWide.jpg?quality=75&auto=webp&disable=upscale,The New Old Age,9-Apr-23
Aggressive Medical Care Remains Common at Life’s End,https://static01.nyt.com/images/2023/03/14/science/14SCI-Span-illo/14SCI-Span-illo-thumbWide.jpg?quality=75&auto=webp&disable=upscale,The New Old Age,9-Apr-23
Why Aren’t Doctors Screening Older Americans for Anxiety?,https://static01.nyt.com/images/2023/02/28/multimedia/25SCI-SPAN-vbhc/25SCI-SPAN-vbhc-thumbWide.jpg?quality=75&auto=webp&disable=upscale,The New Old Age,9-Apr-23
"For Older Americans, the Pandemic Is Not Over",https://static01.nyt.com/images/2023/02/14/multimedia/11SCI-SPAN-01-pkmq/11SCI-SPAN-01-pkmq-thumbWide.jpg?quality=75&auto=webp&disable=upscale,The New Old Age,9-Apr-23
Senior Housing That Seniors Actually Like,https://static01.nyt.com/images/2023/01/31/multimedia/28SCI-SPAN-promo-lzwc/28SCI-SPAN-promo-lzwc-thumbWide.jpg?quality=75&auto=webp&disable=upscale,The New Old Age,9-Apr-23
Medicare Begins to Rein In Drug Costs for Older Americans,https://static01.nyt.com/images/2023/01/17/multimedia/31SCI-SPAN-DRUGS-1-6148/31SCI-SPAN-DRUGS-1-6148-thumbWide.jpg?quality=75&auto=webp&disable=upscale,The New Old Age,9-Apr-23
Why Many Older Women Are Getting Pap Tests They Don’t Need,https://static01.nyt.com/images/2022/12/20/multimedia/17SCI-SPAN-1-da3d/17SCI-SPAN-1-da3d-thumbWide.jpg?quality=75&auto=webp&disable=upscale,The New Old Age,9-Apr-23
Who Will Care for ‘Kinless’ Seniors?,https://static01.nyt.com/images/2022/12/06/multimedia/06SCI-SPAN-1-9467/06SCI-SPAN-1-9467-thumbWide.jpg?quality=75&auto=webp&disable=upscale,The New Old Age,9-Apr-23
What if You Could Go to the Hospital … at Home?,https://static01.nyt.com/images/2022/11/22/science/00SCI-SPAN-HOSPITAL2/00SCI-SPAN-HOSPITAL2-thumbWide.jpg?quality=75&auto=webp&disable=upscale,The New Old Age,9-Apr-23
Medicare Advantage or Just Medicare?,https://static01.nyt.com/images/2022/11/08/science/00SCI-SPAN-MEDICARE/00SCI-SPAN-MEDICARE-thumbWide-v2.jpg?quality=75&auto=webp&disable=upscale,The New Old Age,9-Apr-23
"Among Seniors, a Declining Interest in Boosters",https://static01.nyt.com/images/2022/10/25/science/22SCI-SPAN-BOOSTERS-02/22SCI-SPAN-BOOSTERS-02-thumbWide.jpg?quality=75&auto=webp&disable=upscale,The New Old Age,9-Apr-23
‘A New Frontier’ for Hearing Aids,https://static01.nyt.com/images/2022/10/11/science/11SPAN-otc-hearing-aids/11SPAN-otc-hearing-aids-thumbWide.jpg?quality=75&auto=webp&disable=upscale,The New Old Age,9-Apr-23
Arbitration Has Come to Senior Living. You Don’t Have to Sign Up.,https://static01.nyt.com/images/2022/09/24/science/24SCI-SPAN-promo/24SCI-SPAN-promo-thumbWide.jpg?quality=75&auto=webp&disable=upscale,The New Old Age,9-Apr-23
The Quiet Cost of Family Caregiving,https://static01.nyt.com/images/2022/09/02/science/00SCI-SPAN-LABOR-promo/00SCI-SPAN-LABOR-promo-thumbWide.jpg?quality=75&auto=webp&disable=upscale,The New Old Age,9-Apr-23
The Forgotten Virus: Zika Families and Researchers Struggle for Support,https://static01.nyt.com/images/2022/08/16/science/16sci-brazil-zika1/00sci-brazil-zika1-thumbWide.jpg?quality=75&auto=webp&disable=upscale,Health Global Health,9-Apr-23
South African Company Nears License to Sell J. & J. Covid Shot Across Africa,https://static01.nyt.com/images/2021/11/30/multimedia/30virus-briefing-aspen-jj1/30virus-briefing-aspen-jj1-thumbWide.jpg?quality=75&auto=webp&disable=upscale,Health Global Health,9-Apr-23
"John Nkengasong, of the Africa C.D.C., Will Lead PEPFAR",https://static01.nyt.com/images/2021/09/21/science/21pepfar/21pepfar-thumbWide.jpg?quality=75&auto=webp&disable=upscale,Health Global Health,9-Apr-23
An Experimental H.I.V. Vaccine Fails in Africa,https://static01.nyt.com/images/2021/08/31/us/31hiv-1/31hiv-1-thumbWide.jpg?quality=75&auto=webp&disable=upscale,Health Global Health,9-Apr-23
A Simple Way to Save Lives as Covid-19 Hits Poorer Nations.,https://static01.nyt.com/images/2020/06/25/science/23VIRUS-OXYGEN1/23VIRUS-OXYGEN1-thumbWide.jpg?quality=75&auto=webp&disable=upscale,Health Global Health,9-Apr-23
C.D.C. and W.H.O. Offers to Help China Have Been Ignored for Weeks,https://static01.nyt.com/images/2020/02/07/science/07VIRUS-TEAM01/07VIRUS-TEAM01-thumbWide.jpg?quality=75&auto=webp&disable=upscale,Health Global Health,9-Apr-23
"Another H.I.V. Vaccine Fails a Trial, Disappointing Researchers",https://static01.nyt.com/images/2020/02/04/science/04HIV/04HIV-thumbWide.jpg?quality=75&auto=webp&disable=upscale,Health Global Health,9-Apr-23
"Wuhan Coronavirus Looks Increasingly Like a Pandemic, Experts Say",https://static01.nyt.com/images/2020/02/02/world/02virus-pandemic-sub/02virus-pandemic-sub-thumbWide.jpg?quality=75&auto=webp&disable=upscale,Health Global Health,9-Apr-23
Mask Hoarders May Raise Risk of a Coronavirus Outbreak in the U.S.,https://static01.nyt.com/images/2020/01/29/science/29VIRUS-MASKS4/29VIRUS-MASKS4-thumbWide.jpg?quality=75&auto=webp&disable=upscale,Health Global Health,9-Apr-23
Where Surgeons Don’t Bother With Checklists,https://static01.nyt.com/images/2020/01/15/science/15GLOBALSURGERY3/15GLOBALSURGERY3-thumbWide.jpg?quality=75&auto=webp&disable=upscale,Health Global Health,9-Apr-23
From Jan. 2020: China Identifies New Virus Causing Pneumonialike Illness,https://static01.nyt.com/images/2020/01/09/science/09CHINA-VIRUS1/09CHINA-VIRUS1-thumbWide.jpg?quality=75&auto=webp&disable=upscale,Health Global Health,9-Apr-23
"The Flu Season May Yet Turn Ugly, C.D.C. Warns",https://static01.nyt.com/images/2020/01/08/science/08FLU/08FLU-thumbWide.jpg?quality=75&auto=webp&disable=upscale,Health Global Health,9-Apr-23
"200,000 Uninsured Americans to Get Free H.I.V.-Prevention Drugs",https://static01.nyt.com/images/2019/12/03/science/03PREP1/03PREP1-thumbWide.jpg?quality=75&auto=webp&disable=upscale,Health Global Health,9-Apr-23
New Strawberry-Flavored H.I.V. Drugs for Babies Are Offered at $1 a Day,https://static01.nyt.com/images/2019/11/29/science/29AIDS2/29AIDS2-thumbWide-v2.jpg?quality=75&auto=webp&disable=upscale,Health Global Health,9-Apr-23
"To Drive Down Insulin Prices, W.H.O. Will Certify Generic Versions",https://static01.nyt.com/images/2019/11/13/science/13INSULIN1/13INSULIN1-thumbWide.jpg?quality=75&auto=webp&disable=upscale,Health Global Health,9-Apr-23
"Who Owns H.I.V.-Prevention Drugs? The Taxpayers, U.S. Says",https://static01.nyt.com/images/2019/11/09/science/07JPPREP-print/07PREP-thumbWide.jpg?quality=75&auto=webp&disable=upscale,Health Global Health,9-Apr-23
"New TB Vaccine Could Save Millions of Lives, Study Suggests",https://static01.nyt.com/images/2019/10/29/science/29TUBERCULOSIS1/29TUBERCULOSIS1-thumbWide.jpg?quality=75&auto=webp&disable=upscale,Health Global Health,9-Apr-23
Scientists Were Hunting for the Next Ebola. Now the U.S. Has Cut Off Their Funding.,https://static01.nyt.com/images/2019/10/29/science/00GLOBAL-PREDICT-5/00GLOBAL-PREDICT-5-thumbWide-v2.jpg?quality=75&auto=webp&disable=upscale,Health Global Health,9-Apr-23
W.H.O. Continues Emergency Status for Ebola Outbreak in Congo,https://static01.nyt.com/images/2019/10/18/science/18EBOLA-01/18EBOLA-01-thumbWide.jpg?quality=75&auto=webp&disable=upscale,Health Global Health,9-Apr-23
You’re Swabbing a Dead Gorilla for Ebola. Then It Gets Worse.,https://static01.nyt.com/images/2019/10/15/science/00GLOBAL-GORILLA1/00GLOBAL-GORILLA1-thumbWide.jpg?quality=75&auto=webp&disable=upscale,Health Global Health,9-Apr-23