﻿Title,Image,Section
"A Great Credit Score, but She Can’t Get a Mortgage",https://static01.nyt.com/images/2023/04/11/multimedia/08SCI-SPAN-promo-clgq/08SCI-SPAN-promo-clgq-thumbWide.jpg?quality=75&auto=webp&disable=upscale,The New Old Age
You May Need That Procedure. But Do You Really Need an Escort?,https://static01.nyt.com/images/2023/03/28/multimedia/25SCI-SPAN-tlmj/25SCI-SPAN-tlmj-thumbWide.jpg?quality=75&auto=webp&disable=upscale,The New Old Age
Aggressive Medical Care Remains Common at Life’s End,https://static01.nyt.com/images/2023/03/14/science/14SCI-Span-illo/14SCI-Span-illo-thumbWide.jpg?quality=75&auto=webp&disable=upscale,The New Old Age
Why Aren’t Doctors Screening Older Americans for Anxiety?,https://static01.nyt.com/images/2023/02/28/multimedia/25SCI-SPAN-vbhc/25SCI-SPAN-vbhc-thumbWide.jpg?quality=75&auto=webp&disable=upscale,The New Old Age
"For Older Americans, the Pandemic Is Not Over",https://static01.nyt.com/images/2023/02/14/multimedia/11SCI-SPAN-01-pkmq/11SCI-SPAN-01-pkmq-thumbWide.jpg?quality=75&auto=webp&disable=upscale,The New Old Age
Senior Housing That Seniors Actually Like,https://static01.nyt.com/images/2023/01/31/multimedia/28SCI-SPAN-promo-lzwc/28SCI-SPAN-promo-lzwc-thumbWide.jpg?quality=75&auto=webp&disable=upscale,The New Old Age
Medicare Begins to Rein In Drug Costs for Older Americans,https://static01.nyt.com/images/2023/01/17/multimedia/31SCI-SPAN-DRUGS-1-6148/31SCI-SPAN-DRUGS-1-6148-thumbWide.jpg?quality=75&auto=webp&disable=upscale,The New Old Age
Why Many Older Women Are Getting Pap Tests They Don’t Need,https://static01.nyt.com/images/2022/12/20/multimedia/17SCI-SPAN-1-da3d/17SCI-SPAN-1-da3d-thumbWide.jpg?quality=75&auto=webp&disable=upscale,The New Old Age
Who Will Care for ‘Kinless’ Seniors?,https://static01.nyt.com/images/2022/12/06/multimedia/06SCI-SPAN-1-9467/06SCI-SPAN-1-9467-thumbWide.jpg?quality=75&auto=webp&disable=upscale,The New Old Age
What if You Could Go to the Hospital … at Home?,https://static01.nyt.com/images/2022/11/22/science/00SCI-SPAN-HOSPITAL2/00SCI-SPAN-HOSPITAL2-thumbWide.jpg?quality=75&auto=webp&disable=upscale,The New Old Age
Medicare Advantage or Just Medicare?,https://static01.nyt.com/images/2022/11/08/science/00SCI-SPAN-MEDICARE/00SCI-SPAN-MEDICARE-thumbWide-v2.jpg?quality=75&auto=webp&disable=upscale,The New Old Age
"Among Seniors, a Declining Interest in Boosters",https://static01.nyt.com/images/2022/10/25/science/22SCI-SPAN-BOOSTERS-02/22SCI-SPAN-BOOSTERS-02-thumbWide.jpg?quality=75&auto=webp&disable=upscale,The New Old Age
‘A New Frontier’ for Hearing Aids,https://static01.nyt.com/images/2022/10/11/science/11SPAN-otc-hearing-aids/11SPAN-otc-hearing-aids-thumbWide.jpg?quality=75&auto=webp&disable=upscale,The New Old Age
Arbitration Has Come to Senior Living. You Don’t Have to Sign Up.,https://static01.nyt.com/images/2022/09/24/science/24SCI-SPAN-promo/24SCI-SPAN-promo-thumbWide.jpg?quality=75&auto=webp&disable=upscale,The New Old Age
The Quiet Cost of Family Caregiving,https://static01.nyt.com/images/2022/09/02/science/00SCI-SPAN-LABOR-promo/00SCI-SPAN-LABOR-promo-thumbWide.jpg?quality=75&auto=webp&disable=upscale,The New Old Age
Older Generations Are Reclaiming Rites of Passage,https://static01.nyt.com/images/2022/08/02/science/01SPAN-RITUAL1/01SPAN-RITUAL1-thumbWide.jpg?quality=75&auto=webp&disable=upscale,The New Old Age
Do Cancer Centers Push Too Many Tests?,https://static01.nyt.com/images/2022/07/26/science/17SCI-SPAN-overtesting3/17SCI-SPAN-overtesting3-thumbWide.jpg?quality=75&auto=webp&disable=upscale,The New Old Age
"New Dementia Prevention Method May Be Behavioral, Not Prescribed",https://static01.nyt.com/images/2022/07/05/science/00sci-span-dementia/00sci-span-dementia-thumbWide.jpg?quality=75&auto=webp&disable=upscale,The New Old Age
"In Older Americans, Rising Debt May Adversely Affect Health",https://static01.nyt.com/images/2022/07/07/science/05SCI-SPAN-ELDERDEBT/05SCI-SPAN-ELDERDEBT-thumbWide.jpg?quality=75&auto=webp&disable=upscale,The New Old Age
"A Daily Aspirin Regimen May Hurt More Than Help, Experts Warn",https://static01.nyt.com/images/2022/05/24/science/00SCI-SPAN-ASPIRIN/00SCI-SPAN-ASPIRIN-thumbWide.jpg?quality=75&auto=webp&disable=upscale,The New Old Age
Sizing Up the Decisions of Older Adults,https://static01.nyt.com/images/2022/05/10/science/07SPAN-IDA1/07SPAN-IDA1-thumbWide.jpg?quality=75&auto=webp&disable=upscale,The New Old Age
Exploring the Health Effects of Ageism,https://static01.nyt.com/images/2022/04/21/science/00SCI-SPAN-LEVY-promo/00SCI-SPAN-LEVY-promo-thumbWide.jpg?quality=75&auto=webp&disable=upscale,The New Old Age
"‘Transient Ischemic Attacks,’ Which Can Be Serious, May Need a New Name",https://static01.nyt.com/images/2022/04/12/science/09SCI-SPAN-TIA1/09SCI-SPAN-TIA1-thumbWide.jpg?quality=75&auto=webp&disable=upscale,The New Old Age
"In Difficult Cases, ‘Families Cannot Manage Death at Home’",https://static01.nyt.com/images/2022/03/29/science/00SCI-SPAN-HOMEDEATH/merlin_196232376_fb8362e3-5127-49e4-849e-939627bc8770-thumbWide.jpg?quality=75&auto=webp&disable=upscale,The New Old Age
Meet the Underdog of Senior Care,https://static01.nyt.com/images/2022/03/15/science/13SCI-SPAN-PACE1/merlin_203686632_5b67a713-ccd2-4448-b780-47ec54e5fdea-thumbWide.jpg?quality=75&auto=webp&disable=upscale,The New Old Age
"For Older Americans, Some Positive Health News",https://static01.nyt.com/images/2022/03/01/climate/28SCI-SPAN-GOODNEWS-topart/28SCI-SPAN-GOODNEWS-topart-thumbWide.jpg?quality=75&auto=webp&disable=upscale,The New Old Age
The Pandemic Has Made Many Seniors Less Active,https://static01.nyt.com/images/2022/02/08/science/00SCI-SPAN-MOBILITY/00SCI-SPAN-MOBILITY-thumbWide.jpg?quality=75&auto=webp&disable=upscale,The New Old Age
Social Security Opens to Survivors of Same-Sex Couples Who Could Not Marry,https://static01.nyt.com/images/2022/01/25/science/00SCI-SPAN-SSA1/00SCI-SPAN-SSA1-thumbWide.jpg?quality=75&auto=webp&disable=upscale,The New Old Age
‘People Need to Be Reminded About Flu’,https://static01.nyt.com/images/2022/01/11/science/08SCI-SPAN-FLU/08SCI-SPAN-FLU-thumbWide.jpg?quality=75&auto=webp&disable=upscale,The New Old Age
Why Older Women Face Greater Financial Hardship Than Older Men,https://static01.nyt.com/images/2021/12/26/science/26sci-span-retired-women1/26sci-span-retired-women1-thumbWide.jpg?quality=75&auto=webp&disable=upscale,The New Old Age
Telehealth Became a Lifeline for Older Americans. But It Still Has Glitches.,https://static01.nyt.com/images/2021/12/14/science/11sci-span-telehealth1/11sci-span-telehealth1-thumbWide.jpg?quality=75&auto=webp&disable=upscale,The New Old Age
"Families Cheer, Some Doctors Worry as Nursing Homes Open Doors Wide to Visitors",https://static01.nyt.com/images/2021/11/30/science/sci-span-nursing-home1/sci-span-nursing-home1-thumbWide.jpg?quality=75&auto=webp&disable=upscale,The New Old Age
"For Terminal Patients, the Barrier to Aid in Dying Can Be a State Line",https://static01.nyt.com/images/2021/11/12/science/00SCI-SPAN-DIGNITY1/00SCI-SPAN-DIGNITY1-thumbWide.jpg?quality=75&auto=webp&disable=upscale,The New Old Age
Why Aren’t More People Comparison Shopping for Health Plans?,https://static01.nyt.com/images/2021/11/02/science/29SCI-SPAN-ENROLL1/merlin_196925163_d8c618b5-acce-48d0-9e6a-f012cdda5622-thumbWide.jpg?quality=75&auto=webp&disable=upscale,The New Old Age
"Short on Staff, Some Hospices Ask New Patients To Wait",https://static01.nyt.com/images/2021/10/19/science/00SCI-SPAN-VIRUS-HOSPICE5/00SCI-SPAN-VIRUS-HOSPICE5-thumbWide.jpg?quality=75&auto=webp&disable=upscale,The New Old Age
Tallying the Cost of Growing Older,https://static01.nyt.com/images/2021/10/05/science/02SCI-SPAN-ELDERCARE03/02SCI-SPAN-ELDERCARE03-thumbWide.jpg?quality=75&auto=webp&disable=upscale,The New Old Age
More Than 80 Percent of Seniors Are Vaccinated. That’s ‘Not Safe Enough.’,https://static01.nyt.com/images/2021/09/07/science/02sci-span-vaxover65-1/merlin_194066532_c32a00a6-45f3-4cf6-8470-b58caafa44ea-thumbWide.jpg?quality=75&auto=webp&disable=upscale,The New Old Age
Seeking Early Signals of Dementia in Driving and Credit Scores,https://static01.nyt.com/images/2021/08/24/science/24dementia-span/24dementia-span-thumbWide.jpg?quality=75&auto=webp&disable=upscale,The New Old Age
"For Seniors Especially, Covid Can Be Stealthy",https://static01.nyt.com/images/2021/08/10/science/07SCI-SPAN-ATYPICAL-1/merlin_192514638_a5286e84-51f5-4f70-870e-85273cf892f4-thumbWide.jpg?quality=75&auto=webp&disable=upscale,The New Old Age
"For Older Adults, Home Care Has Become Harder to Find",https://static01.nyt.com/images/2021/07/27/science/23SCI-SPAN2/23SCI-SPAN2-thumbWide.jpg?quality=75&auto=webp&disable=upscale,The New Old Age