﻿Title,Image,Section,Date
Eight People Missing in Marseille After Building Collapses,https://static01.nyt.com/images/2023/04/10/multimedia/10marseille-vztc/10marseille-vztc-thumbWide.jpg?quality=75&auto=webp&disable=upscale,World News,9-Apr-23
How the Latest Leaked Documents Are Different From Past Breaches,https://static01.nyt.com/images/2023/04/09/multimedia/09dc-leaks-plvz/09dc-leaks-plvz-thumbWide-v2.jpg?quality=75&auto=webp&disable=upscale,World News,9-Apr-23
Leaked Documents Suggest Ukrainian Air Defense Is in Peril if Not Reinforced,https://static01.nyt.com/images/2023/04/04/multimedia/00dc-airforce-01-lqjc/00dc-airforce-01-lqjc-thumbWide.jpg?quality=75&auto=webp&disable=upscale,World News,9-Apr-23
Your Monday Briefing: Leaked U.S. Intelligence,https://static01.nyt.com/images/2023/04/10/multimedia/041023ambriefing-asia-promo/041023ambriefing-asia-promo-thumbWide.jpg?quality=75&auto=webp&disable=upscale,World News,9-Apr-23
"When Mounties Pose as Mobsters, Some Canadians Cry Foul",https://static01.nyt.com/images/2023/04/03/world/00canada-mrbig/00canada-mrbig-thumbWide.jpg?quality=75&auto=webp&disable=upscale,World News,9-Apr-23
"Russia promises bonus pay to troops who destroy NATO tanks, documents say.",https://static01.nyt.com/images/2023/04/10/multimedia/10leaked-documents-tanks-01-cghp/10leaked-documents-tanks-01-cghp-thumbWide.jpg?quality=75&auto=webp&disable=upscale,World News,9-Apr-23
Tipping Confusion,https://static01.nyt.com/images/2023/03/02/business/09-the-morning-tech-promo/00techfix-thumbWide.jpg?quality=75&auto=webp&disable=upscale,World News,9-Apr-23
The World Bank Is Getting a New Chief. Will He Pivot Toward Climate Action?,https://static01.nyt.com/images/2023/04/07/climate/00cli-worldbank/00cli-worldbank-thumbWide.jpg?quality=75&auto=webp&disable=upscale,World News,9-Apr-23
Leaked Documents Show Seoul Torn Between U.S. Demands and Its Own Policy,https://static01.nyt.com/images/2023/05/08/multimedia/08leaked-documents-skorea-hvtf/08leaked-documents-skorea-hvtf-thumbWide.jpg?quality=75&auto=webp&disable=upscale,World News,9-Apr-23
U.S. Sends Attack Submarine to Middle East as Tensions Rise Between Iran and Israel,https://static01.nyt.com/images/2023/04/08/multimedia/08gulf-submarine-florida-tvlz/08gulf-submarine-florida-tvlz-thumbWide.jpg?quality=75&auto=webp&disable=upscale,World News,9-Apr-23
Israel Denies Leaked Claim That Spy Agency Leaders Encouraged Protest,https://static01.nyt.com/images/2023/04/08/multimedia/08leaked-documents-israel-mossad-topart-kmfb/08leaked-documents-israel-mossad-topart-kmfb-thumbWide.jpg?quality=75&auto=webp&disable=upscale,World News,9-Apr-23
Leaked Document Shows Dire Nature of the Battle for Bakhmut,https://static01.nyt.com/images/2023/04/08/multimedia/08ukraine-bakhmut-roads-topart-cqwv/08ukraine-bakhmut-roads-topart-cqwv-thumbWide.jpg?quality=75&auto=webp&disable=upscale,World News,9-Apr-23
"Wagner’s Influence Extends Far Beyond Ukraine, Leaked Documents Show",https://static01.nyt.com/images/2023/04/08/multimedia/08leaked-documents-wagner-topart-kcpm/08leaked-documents-wagner-topart-kcpm-thumbWide.jpg?quality=75&auto=webp&disable=upscale,World News,9-Apr-23
"Overlooked No More: Alice Ball, Chemist Who Created a Treatment for Leprosy",https://static01.nyt.com/images/2023/04/10/multimedia/07overlooked-ball-01-lzjv-print1/07overlooked-ball-01-lzjv-thumbWide.jpg?quality=75&auto=webp&disable=upscale,World News,9-Apr-23
Leaked Documents Reveal Depth of U.S. Spy Efforts and Russia’s Military Struggles,https://static01.nyt.com/images/2023/04/08/multimedia/08dc-intel-topart-01-wbzt/08dc-intel-topart-01-wbzt-thumbWide.jpg?quality=75&auto=webp&disable=upscale,World News,9-Apr-23
E.P.A. Is Said to Propose Rules Meant to Drive Up Electric Car Sales Tenfold,https://static01.nyt.com/images/2023/03/30/multimedia/00cli-EVs1-qljm/00cli-EVs1-qljm-thumbWide.jpg?quality=75&auto=webp&disable=upscale,World News,9-Apr-23
"Benjamin B. Ferencz, Last Surviving Nuremberg Prosecutor, Dies at 103",https://static01.nyt.com/images/2023/04/09/multimedia/00ferencz-1-tjqw/00ferencz-1-tjqw-thumbWide.jpg?quality=75&auto=webp&disable=upscale,World News,9-Apr-23
China Rejects W.H.O. Accusations of Hiding Wuhan Covid Data,https://static01.nyt.com/images/2023/04/08/multimedia/08china-covid-01-tklj/08china-covid-01-tklj-thumbWide.jpg?quality=75&auto=webp&disable=upscale,World News,9-Apr-23
A Swedish Warship Sank in 1628. It Is Still Yielding Secrets.,https://static01.nyt.com/images/2023/04/07/lens/00xp-swedishboat-vasamuseet/00xp-swedishboat-vasamuseet-thumbWide.jpg?quality=75&auto=webp&disable=upscale,World News,9-Apr-23
"New Season, New Music",https://static01.nyt.com/images/2023/04/08/multimedia/08-THE-MORNING-NL/08-THE-MORNING-NL-thumbWide.jpg?quality=75&auto=webp&disable=upscale,World News,9-Apr-23
Canada’s Moonshot Moment,https://static01.nyt.com/images/2023/04/08/multimedia/08canadaletter-pjvc/08canadaletter-pjvc-thumbWide.jpg?quality=75&auto=webp&disable=upscale,World News,9-Apr-23
Ukraine Says Russia Is Preparing to Evacuate Civilians From Occupied Areas of South,https://static01.nyt.com/images/2023/04/08/multimedia/08ukraine-ledeall-01-wfzb/08ukraine-ledeall-01-wfzb-thumbWide.jpg?quality=75&auto=webp&disable=upscale,World News,9-Apr-23
Why Pope Francis Is the Star of A.I.-Generated Photos,https://static01.nyt.com/images/2023/04/06/business/00AI-POPE/00AI-POPE-thumbWide.png?quality=75&auto=webp&disable=upscale,World News,9-Apr-23
Israel Launches Retaliatory Attack on Lebanon and Gaza,https://static01.nyt.com/images/2023/04/07/multimedia/07israel-borders-01-khlz/07israel-borders-01-khlz-thumbWide.jpg?quality=75&auto=webp&disable=upscale,World News,9-Apr-23
New Batch of Classified Documents Appears on Social Media Sites,https://static01.nyt.com/images/2023/04/07/multimedia/07dc-ukraine-documents-wlvb/07dc-ukraine-documents-wlvb-thumbWide.jpg?quality=75&auto=webp&disable=upscale,World News,9-Apr-23
"Russia formally charges detained American reporter with espionage, according to state media.",https://static01.nyt.com/images/2023/04/07/multimedia/07ukraine-briefing-gershkovich-pzch/07ukraine-briefing-gershkovich-pzch-thumbWide.jpg?quality=75&auto=webp&disable=upscale,World News,9-Apr-23
"Macron Wraps Up China Visit, but Little Progress Seen on War",https://static01.nyt.com/images/2023/04/07/multimedia/07Macron-Xi01-tjmq/07Macron-Xi01-tjmq-thumbWide.jpg?quality=75&auto=webp&disable=upscale,World News,9-Apr-23
"Taliban Bar Women From U.N., Threatening Afghanistan’s Last Lifeline",https://static01.nyt.com/images/2023/04/07/multimedia/07Afghan-UN-zchp/07Afghan-UN-zchp-thumbWide.jpg?quality=75&auto=webp&disable=upscale,World News,9-Apr-23
‘Chilling Effect’: Arrest of Journalist Makes Covering Russia Even Tougher,https://static01.nyt.com/images/2023/04/07/multimedia/07russia-media-zvwc/07russia-media-zvwc-thumbWide.jpg?quality=75&auto=webp&disable=upscale,World News,9-Apr-23
Pope Will Miss Good Friday Procession Because of Cold Weather,https://static01.nyt.com/images/2023/04/07/multimedia/07pope-wtpm/07pope-wtpm-thumbWide.jpg?quality=75&auto=webp&disable=upscale,World News,9-Apr-23
Calculating the Fastest Road to an Electric Car Future,https://static01.nyt.com/images/2023/04/05/multimedia/00cli-cars-01-wqvj/00cli-cars-01-wqvj-thumbWide.jpg?quality=75&auto=webp&disable=upscale,World News,9-Apr-23
"U.A.E. Denies Extradition for Gupta Brothers, Accused of Corruption in South Africa",https://static01.nyt.com/images/2023/04/07/world/07SAFRICA-UAE-new/07SAFRICA-UAE-new-thumbWide.jpg?quality=75&auto=webp&disable=upscale,World News,9-Apr-23
Keir Starmer Is Quietly Bending the U.K. Labour Party to His Will,https://static01.nyt.com/images/2023/04/06/multimedia/06uk-labor-01-zphc/06uk-labor-01-zphc-thumbWide.jpg?quality=75&auto=webp&disable=upscale,World News,9-Apr-23
"In Dealing With China, U.S. and Europe Take Different Tacks",https://static01.nyt.com/images/2023/04/07/multimedia/07dc-europe-china-gmvj/07dc-europe-china-gmvj-thumbWide.jpg?quality=75&auto=webp&disable=upscale,World News,9-Apr-23
The custody of a Russian girl who drew an antiwar picture is still undecided.,https://static01.nyt.com/images/2023/04/07/multimedia/07ukraine-briefing-russian-girl-1-gmwj/07ukraine-briefing-russian-girl-1-gmwj-thumbWide.jpg?quality=75&auto=webp&disable=upscale,World News,9-Apr-23
A Cobra Appeared Mid-Flight. The Pilot’s Quick Thinking Saved Lives.,https://static01.nyt.com/images/2023/04/06/multimedia/07xp-plane-snake-bmfv/07xp-plane-snake-bmfv-thumbWide.jpg?quality=75&auto=webp&disable=upscale,World News,9-Apr-23
Tensions Subside in South Lebanon but Rise Again in West Bank and Israel,https://static01.nyt.com/images/2023/04/07/multimedia/07israel-borders-01-khlz/07israel-borders-01-khlz-thumbWide.jpg?quality=75&auto=webp&disable=upscale,World News,9-Apr-23
The Response to Crime,https://static01.nyt.com/images/2023/03/30/multimedia/07themorning-promo/31themorning-lede-1-bgjc-thumbWide-v2.jpg?quality=75&auto=webp&disable=upscale,World News,9-Apr-23
Suspicions Multiply as Nord Stream Sabotage Remains Unsolved,https://static01.nyt.com/images/2023/03/28/multimedia/00nordstream-theories/00nordstream-01-fqmp-thumbWide.jpg?quality=75&auto=webp&disable=upscale,World News,9-Apr-23
"A Pakistani Film, Banned at Home, Is Celebrated Abroad",https://static01.nyt.com/images/2023/04/07/multimedia/07joyland-tkvq/07joyland-tkvq-thumbWide.jpg?quality=75&auto=webp&disable=upscale,World News,9-Apr-23
How A.I. and DNA Are Unlocking the Mysteries of Global Supply Chains,https://static01.nyt.com/images/2023/03/29/multimedia/00dc-tracing-01-wcjv/00dc-tracing-01-wcjv-thumbWide.jpg?quality=75&auto=webp&disable=upscale,World News,9-Apr-23
"Amid Exile and Fire, a Revered Russian Theater Director Is Reborn",https://static01.nyt.com/images/2023/04/08/multimedia/00Krymov-01-zhtj/00Krymov-01-zhtj-thumbWide.jpg?quality=75&auto=webp&disable=upscale,World News,9-Apr-23
Who Jacinda Ardern Really Is,https://static01.nyt.com/images/2023/04/07/multimedia/07-ausletter-TK-1-fptm/07-ausletter-TK-1-fptm-thumbWide.jpg?quality=75&auto=webp&disable=upscale,World News,9-Apr-23
Baptist Minister in Myanmar Gets 6 Years in Prison for Opposing Junta,https://static01.nyt.com/images/2023/04/07/multimedia/07myanmar-01-kfmt/07myanmar-01-kfmt-thumbWide.jpg?quality=75&auto=webp&disable=upscale,World News,9-Apr-23
"As the war grinds on in Ukraine, Ireland will examine its military neutrality.",https://static01.nyt.com/images/2023/04/06/multimedia/06ukraine-brief-Ireland-qkvh/06ukraine-brief-Ireland-qkvh-thumbWide.jpg?quality=75&auto=webp&disable=upscale,World News,9-Apr-23
China and France issue a joint statement supporting ‘all efforts to restore peace in Ukraine.’,https://static01.nyt.com/images/2023/04/07/multimedia/07ukraine-briefing-xi-macron-zbkv/07ukraine-briefing-xi-macron-zbkv-thumbWide.jpg?quality=75&auto=webp&disable=upscale,World News,9-Apr-23
Your Friday Briefing,https://static01.nyt.com/images/2023/04/06/multimedia/07ambriefing-europe-nl-ukraine/07ambriefing-europe-nl-ukraine-thumbWide.jpg?quality=75&auto=webp&disable=upscale,World News,9-Apr-23
Ukraine War Plans Leak Prompts Pentagon Investigation,https://static01.nyt.com/images/2023/04/06/multimedia/06dc-ukraine-offensive-bmpz/06dc-ukraine-offensive-bmpz-thumbWide.jpg?quality=75&auto=webp&disable=upscale,World News,9-Apr-23
"The new U.S. ambassador in Moscow meets with a diplomat to discuss Evan Gershkovich, the detained reporter.",https://static01.nyt.com/images/2023/04/06/multimedia/06ukraine-brief-gershkovich-vfkw/06ukraine-brief-gershkovich-vfkw-thumbWide.jpg?quality=75&auto=webp&disable=upscale,World News,9-Apr-23
Your Friday Briefing: U.S. Admits Flaws in Afghanistan Withdrawal,https://static01.nyt.com/images/2023/04/06/multimedia/07ambriefing-asia-promo2/07ambriefing-asia-lede-2-thumbWide.jpg?quality=75&auto=webp&disable=upscale,World News,9-Apr-23
A French Minister Posed (Clothed) in Playboy. People Are Talking.,https://static01.nyt.com/images/2023/04/06/multimedia/06france-minister-playboy-jmfk/06france-minister-playboy-jmfk-thumbWide.jpg?quality=75&auto=webp&disable=upscale,World News,9-Apr-23
"Xi and Macron Call for Ukraine Peace Talks, but the Path Is Murky",https://static01.nyt.com/images/2023/04/06/multimedia/06china-macron-top-zljq/06china-macron-top-zljq-thumbWide.jpg?quality=75&auto=webp&disable=upscale,World News,9-Apr-23
Zelensky’s aides send mixed messages on Crimea and the possibility of negotiations.,https://static01.nyt.com/images/2023/04/06/multimedia/06ukraine-briefing-mixed-messages-topart-fbql/06ukraine-briefing-mixed-messages-topart-fbql-thumbWide.jpg?quality=75&auto=webp&disable=upscale,World News,9-Apr-23
"Divisions emerge in NATO over giving Ukraine a pathway to membership, officials say.",https://static01.nyt.com/images/2023/04/06/multimedia/06ukraine-briefing-NATO-divide-topart-zbck/06ukraine-briefing-NATO-divide-topart-zbck-thumbWide.jpg?quality=75&auto=webp&disable=upscale,World News,9-Apr-23
Pension Law Protests Continue to Grip France,https://static01.nyt.com/images/2023/04/06/multimedia/06france-protest-sub-top-cjvh/06france-protest-sub-top-cjvh-thumbWide.jpg?quality=75&auto=webp&disable=upscale,World News,9-Apr-23
U.S. Acknowledges Afghanistan Evacuation Should Have Started Sooner,https://static01.nyt.com/images/2023/04/06/multimedia/06dc-afghan-zwkf/06dc-afghan-zwkf-thumbWide.jpg?quality=75&auto=webp&disable=upscale,World News,9-Apr-23
Macron and Xi Call for Return to Ukraine Peace Talks,https://static01.nyt.com/images/2023/04/06/multimedia/06ukraine-briefing-xi-macron-04-lfwt/06ukraine-briefing-xi-macron-04-lfwt-thumbWide.jpg?quality=75&auto=webp&disable=upscale,World News,9-Apr-23
Biden Administration to Curb Toxic Pollutants From Chemical Plants,https://static01.nyt.com/images/2023/04/06/multimedia/6cli-chemicals-fqkw/6cli-chemicals-fqkw-thumbWide.jpg?quality=75&auto=webp&disable=upscale,World News,9-Apr-23
"Ukrainian forces are ‘not going anywhere,’ Prigozhin says.",https://static01.nyt.com/images/2023/04/06/multimedia/06ukraine-briefing-bakhmut-topart-hmbv/06ukraine-briefing-bakhmut-topart-hmbv-thumbWide.jpg?quality=75&auto=webp&disable=upscale,World News,9-Apr-23
"Silvio Berlusconi, Former Italian Prime Minister, Is Being Treated for Leukemia",https://static01.nyt.com/images/2023/04/06/multimedia/06italy-berlusconi-bmpg/06italy-berlusconi-bmpg-thumbWide.jpg?quality=75&auto=webp&disable=upscale,World News,9-Apr-23
Saudi and Iranian Foreign Ministers Meet in China After Thaw,https://static01.nyt.com/images/2023/04/06/multimedia/06saudi-china-01-vcml/06saudi-china-01-vcml-thumbWide.jpg?quality=75&auto=webp&disable=upscale,World News,9-Apr-23
"French Unions, Still Furious Over Pension Law, Resume Protests",https://static01.nyt.com/images/2023/04/06/multimedia/06france-protest-sub-top-cjvh/06france-protest-sub-top-cjvh-thumbWide.jpg?quality=75&auto=webp&disable=upscale,World News,9-Apr-23
The Power and Limits of Abortion Politics,https://static01.nyt.com/images/2023/04/06/multimedia/06themorning-copy-promo/06themorning-thumbWide.jpg?quality=75&auto=webp&disable=upscale,World News,9-Apr-23
Man Accused of Kidnapping Platypus Is Charged in Australia,https://static01.nyt.com/images/2023/04/06/multimedia/06xp-platypus-2-kwhb/06xp-platypus-2-kwhb-thumbWide.jpg?quality=75&auto=webp&disable=upscale,World News,9-Apr-23
New Indian Textbooks Purged of Muslim History and Hindu Extremism,https://static01.nyt.com/images/2023/04/06/multimedia/06india-textbook-01-bmqc/06india-textbook-01-bmqc-thumbWide.jpg?quality=75&auto=webp&disable=upscale,World News,9-Apr-23
Politics Complicates Chinese Reaction to U.S. Visit by Taiwan’s President,https://static01.nyt.com/images/2023/04/06/multimedia/06CHINA-TAIWAN-01-bjvm/06CHINA-TAIWAN-01-bjvm-thumbWide.jpg?quality=75&auto=webp&disable=upscale,World News,9-Apr-23
"In Pristine Alaska, an Oil Giant Prepares to Drill for Decades",https://static01.nyt.com/images/2023/04/06/multimedia/06cli-willow-promostill-mzqb/06cli-willow-promostill-mzqb-thumbWide.jpg?quality=75&auto=webp&disable=upscale,World News,9-Apr-23
"In Northern Ireland Town, Painful Memories Lie Beneath a Fragile Peace",https://static01.nyt.com/images/2023/04/06/multimedia/06uk-goodfriday-01-jwgp/06uk-goodfriday-01-jwgp-thumbWide.jpg?quality=75&auto=webp&disable=upscale,World News,9-Apr-23
It’s Not Just Willow: Oil and Gas Projects Are Back in a Big Way,https://static01.nyt.com/images/2023/04/03/multimedia/03cli-oilandgas-01-lhpg/03cli-oilandgas-01-lhpg-thumbWide.jpg?quality=75&auto=webp&disable=upscale,World News,9-Apr-23
How Russia’s Offensive Ran Aground,https://static01.nyt.com/images/2023/04/01/world/ukraine-town-control-promo/ukraine-town-control-promo-thumbWide-v5.jpg?quality=75&auto=webp&disable=upscale,World News,9-Apr-23
Macron’s meeting with Xi could affect the direction of the war.,https://static01.nyt.com/images/2023/04/06/multimedia/06ukraine-brief-macron-bcwh/06ukraine-brief-macron-bcwh-thumbWide-v2.jpg?quality=75&auto=webp&disable=upscale,World News,9-Apr-23
Your Thursday Briefing,https://static01.nyt.com/images/2023/04/06/multimedia/06ambriefing-europe-nl-jfpz/06ambriefing-europe-nl-jfpz-thumbWide.jpg?quality=75&auto=webp&disable=upscale,World News,9-Apr-23
Keeping an Old Italian Tradition Alive in Australia: ‘Passata Day’,https://static01.nyt.com/images/2023/03/30/multimedia/00oz-salsa-bhmv/00oz-salsa-bhmv-thumbWide.jpg?quality=75&auto=webp&disable=upscale,World News,9-Apr-23
‘Outrageous’: Russia Accused of Spreading Disinformation at U.N. Event,https://static01.nyt.com/images/2023/04/05/multimedia/05russia-un-zhmb/05russia-un-zhmb-thumbWide.jpg?quality=75&auto=webp&disable=upscale,World News,9-Apr-23
"Zelensky Gets Hero’s Welcome in Poland, Cementing Ukraine’s Ties",https://static01.nyt.com/images/2023/04/05/multimedia/05ukraine-ledeall-hpbw/05ukraine-ledeall-hpbw-thumbWide.jpg?quality=75&auto=webp&disable=upscale,World News,9-Apr-23
"Putin and Lukashenko will confer in Moscow on deepening ties, including nuclear-capable arms.",https://static01.nyt.com/images/2023/04/05/multimedia/05ukraine-brief-putin-lukashenko-lfcv/05ukraine-brief-putin-lukashenko-lfcv-thumbWide-v2.jpg?quality=75&auto=webp&disable=upscale,World News,9-Apr-23
Your Thursday Briefing: Diplomatic Visits Highlight Tension With China,https://static01.nyt.com/images/2023/04/06/multimedia/06ambriefing-asia-nl-mccarthy-01-PROMO/06ambriefing-asia-nl-mccarthy-01-kghw-thumbWide.jpg?quality=75&auto=webp&disable=upscale,World News,9-Apr-23
Italian Ex-Prime Minister Silvio Berlusconi Is Hospitalized,https://static01.nyt.com/images/2023/04/05/multimedia/05italy-berlusconi-tzcf/05italy-berlusconi-tzcf-thumbWide.jpg?quality=75&auto=webp&disable=upscale,World News,9-Apr-23
"Macron, in China, Says He’ll Urge Xi to Work for Peace in Ukraine",https://static01.nyt.com/images/2023/04/05/multimedia/05macron-ktgm/05macron-ktgm-thumbWide.jpg?quality=75&auto=webp&disable=upscale,World News,9-Apr-23
"Biden’s Ambassador to Israel, at the Center of the Storm",https://static01.nyt.com/images/2023/04/05/multimedia/05dc-nides-kpqw/05dc-nides-kpqw-thumbWide.jpg?quality=75&auto=webp&disable=upscale,World News,9-Apr-23
U.S. Tensions With China on Display as McCarthy Hosts Taiwan’s Leader,https://static01.nyt.com/images/2023/04/05/multimedia/05dc-mccarthy-sub-qpjw/05dc-mccarthy-sub-qpjw-thumbWide.jpg?quality=75&auto=webp&disable=upscale,World News,9-Apr-23
Tunisia’s Influence in Europe,https://static01.nyt.com/images/2023/04/05/multimedia/05interpreterNL-tunisia-hgwc/05interpreterNL-tunisia-hgwc-thumbWide.jpg?quality=75&auto=webp&disable=upscale,World News,9-Apr-23
E.P.A. to Tighten Limits on Mercury and Other Pollutants From Power Plants,https://static01.nyt.com/images/2023/04/05/multimedia/05cli-mercury-pwjt/05cli-mercury-pwjt-thumbWide.jpg?quality=75&auto=webp&disable=upscale,World News,9-Apr-23
"A Black Man Went to Australia for Gold, Then Stood Up for Democracy",https://static01.nyt.com/images/2023/03/15/world/00oz-rebel-02/00oz-rebel-02-thumbWide.jpg?quality=75&auto=webp&disable=upscale,World News,9-Apr-23
Nicola Sturgeon’s Husband Questioned in Inquiry Over Their Party’s Finances,https://static01.nyt.com/images/2023/04/05/multimedia/05uk-scotland-promo-tlgj/05uk-scotland-promo-tlgj-thumbWide.jpg?quality=75&auto=webp&disable=upscale,World News,9-Apr-23
Donald Trump’s Day in Court,https://static01.nyt.com/images/2023/04/05/multimedia/05themorning-lede-vwzj-promo/05themorning-lede-vwzj-thumbWide.jpg?quality=75&auto=webp&disable=upscale,World News,9-Apr-23
Polish Leaders Hope Defense of a Dead Pope Propels Them to Re-election,https://static01.nyt.com/images/2023/04/05/multimedia/05poland-pope-01-vmcq/05poland-pope-01-vmcq-thumbWide.jpg?quality=75&auto=webp&disable=upscale,World News,9-Apr-23
How a Tiny Literary Magazine Became a Springboard for Great Irish Writing,https://static01.nyt.com/images/2023/04/06/multimedia/06stingingfly1-sub-fqwt/06stingingfly1-sub-fqwt-thumbWide.jpg?quality=75&auto=webp&disable=upscale,World News,9-Apr-23
‘If I Stop Now I’ll Have Nothing’: The African Students Who Fled Ukraine,https://static01.nyt.com/images/2023/04/04/multimedia/00ukraine-africans-01-mkjb/00ukraine-africans-01-mkjb-thumbWide.jpg?quality=75&auto=webp&disable=upscale,World News,9-Apr-23
Jacinda Ardern Delivers Final Speech to New Zealand Parliament,https://static01.nyt.com/images/2023/04/05/multimedia/05nz-ardern-lpzk/05nz-ardern-lpzk-thumbWide.jpg?quality=75&auto=webp&disable=upscale,World News,9-Apr-23
Jacinda Ardern’s Career in New Zealand Politics Ends,https://static01.nyt.com/images/2023/04/05/multimedia/05nz-ardern-lpzk/05nz-ardern-lpzk-thumbWide.jpg?quality=75&auto=webp&disable=upscale,World News,9-Apr-23
"China faces pressure to rein in Russia, but may have limited sway.",https://static01.nyt.com/images/2023/04/05/multimedia/05ukraine-briefing-china-kbtc/05ukraine-briefing-china-kbtc-thumbWide.jpg?quality=75&auto=webp&disable=upscale,World News,9-Apr-23
Israeli Police Raid Jerusalem Mosque; Brief Flare-Up With Gaza Follows,https://static01.nyt.com/images/2023/04/05/multimedia/05israel-01-bmch/05israel-01-bmch-thumbWide.jpg?quality=75&auto=webp&disable=upscale,World News,9-Apr-23
Israeli Police Raid the Aqsa Mosque Compound in Jerusalem,https://static01.nyt.com/images/2023/04/05/multimedia/05israel-01-bmch/05israel-01-bmch-thumbWide.jpg?quality=75&auto=webp&disable=upscale,World News,9-Apr-23
Your Wednesday Briefing,https://static01.nyt.com/images/2023/04/05/multimedia/05ambriefing-europe-nl-promo/05themorning-lede-vwzj-thumbWide.jpg?quality=75&auto=webp&disable=upscale,World News,9-Apr-23
Can China Make Peace in Ukraine? Macron Isn’t Saying No.,https://static01.nyt.com/images/2023/04/05/multimedia/05macron-china-kzbj/05macron-china-kzbj-thumbWide.jpg?quality=75&auto=webp&disable=upscale,World News,9-Apr-23
China’s Ambassador to the E.U. Tries to Distance Beijing From Moscow,https://static01.nyt.com/images/2023/04/03/multimedia/03eu-china-02-fwmq/03eu-china-02-fwmq-thumbWide.jpg?quality=75&auto=webp&disable=upscale,World News,9-Apr-23
"Days into Russia’s U.N. Security Council presidency, Britain draws a line.",https://static01.nyt.com/images/2023/04/04/multimedia/04ukraine-brief-belova-un-clzg/04ukraine-brief-belova-un-clzg-thumbWide.jpg?quality=75&auto=webp&disable=upscale,World News,9-Apr-23
Finland Joins NATO in a Power Shift and Rebuke to Putin,https://static01.nyt.com/images/2023/04/04/multimedia/04finland-nato-01-gmwh/04finland-nato-01-gmwh-thumbWide.jpg?quality=75&auto=webp&disable=upscale,World News,9-Apr-23
"Near Bakhmut, Death Is Delivered Remotely and Watched on Video",https://static01.nyt.com/images/2023/04/04/multimedia/O4ukraine-bakhmut-jmvl/O4ukraine-bakhmut-jmvl-thumbWide.jpg?quality=75&auto=webp&disable=upscale,World News,9-Apr-23
Your Wednesday Briefing: Trump Charged With 34 Felonies,https://static01.nyt.com/images/2023/04/05/multimedia/040523ambriefing-asia-promo1/040523ambriefing-asia-promo1-thumbWide-v2.jpg?quality=75&auto=webp&disable=upscale,World News,9-Apr-23
He Told Their Stories of Repression. Now They Are Telling His.,https://static01.nyt.com/images/2023/04/04/multimedia/04gershkovich-essay-01-jcfg/04gershkovich-essay-01-jcfg-thumbWide.jpg?quality=75&auto=webp&disable=upscale,World News,9-Apr-23
"Avalanche in Indian Himalayas Kills at Least 7 Tourists, Officials Say",https://static01.nyt.com/images/2023/04/04/multimedia/04india-avalanche-bcfm/04india-avalanche-bcfm-thumbWide.jpg?quality=75&auto=webp&disable=upscale,World News,9-Apr-23
Appeals Court Punts on Due Process Rights for Guantánamo Detainees,https://static01.nyt.com/images/2023/04/04/multimedia/04dc-gitmo-kczg/04dc-gitmo-kczg-thumbWide.jpg?quality=75&auto=webp&disable=upscale,World News,9-Apr-23
What We Know About the Bomb Attack on a Russian Pro-War Blogger,https://static01.nyt.com/images/2023/04/04/multimedia/00russia-bombing-wwk-pghb/00russia-bombing-wwk-pghb-thumbWide.jpg?quality=75&auto=webp&disable=upscale,World News,9-Apr-23
Russia’s commissioner for children’s rights seeks to portray war crimes accusations as false.,https://static01.nyt.com/images/2023/04/04/multimedia/04ukraine-briefing-ukraine-russia-children-glpt/04ukraine-briefing-ukraine-russia-children-glpt-thumbWide.jpg?quality=75&auto=webp&disable=upscale,World News,9-Apr-23
Donald Trump Prepares to Surrender,https://static01.nyt.com/images/2023/04/04/multimedia/04themorning-lede-promo/04themorning-lede-gzbp-thumbWide-v2.jpg?quality=75&auto=webp&disable=upscale,World News,9-Apr-23
Surrogacy Emerges as the Wedge Issue for Italy’s Hard Right,https://static01.nyt.com/images/2023/04/01/multimedia/00italy-meloni-surrogacy-01-tbkh/00italy-meloni-surrogacy-01-tbkh-thumbWide.jpg?quality=75&auto=webp&disable=upscale,World News,9-Apr-23
"Behind Trump Indictment, the Right Wing Finds a Familiar Villain in Soros",https://static01.nyt.com/images/2023/04/04/multimedia/04pol-soros-lgqv/04pol-soros-lgqv-thumbWide.jpg?quality=75&auto=webp&disable=upscale,World News,9-Apr-23
"Train Derails in the Netherlands, Killing at Least One",https://static01.nyt.com/images/2023/04/04/multimedia/04dutch-train-cpbg/04dutch-train-cpbg-thumbWide.jpg?quality=75&auto=webp&disable=upscale,World News,9-Apr-23
Passenger Train Derails in the Netherlands,https://static01.nyt.com/images/2023/04/04/multimedia/04dutch-train-01-kgpq/04dutch-train-01-kgpq-thumbWide.jpg?quality=75&auto=webp&disable=upscale,World News,9-Apr-23
"As Temperatures Rise, Melbourne’s Bats Get Their Own Sprinkler System",https://static01.nyt.com/images/2023/03/16/multimedia/00OZ-BATS11-zbjv/00OZ-BATS11-zbjv-thumbWide.jpg?quality=75&auto=webp&disable=upscale,World News,9-Apr-23
Your Tuesday Briefing,https://static01.nyt.com/images/2023/04/03/multimedia/04ambriefing-europe-nl-promo-april/04ambriefing-europe-nl-bombing-thumbWide.jpg?quality=75&auto=webp&disable=upscale,World News,9-Apr-23
"Nigel Lawson, Economic Force Under Thatcher, Dies at 91",https://static01.nyt.com/images/2023/04/05/multimedia/03Lawson1-wmbq-print1/03Lawson1-wmbq-thumbWide.jpg?quality=75&auto=webp&disable=upscale,World News,9-Apr-23
Strange Days at the U.N. as Russia Takes the Helm of the Security Council,https://static01.nyt.com/images/2023/04/03/multimedia/03un-russia-01-lhqm/03un-russia-01-lhqm-thumbWide.jpg?quality=75&auto=webp&disable=upscale,World News,9-Apr-23
Russia Accuses Dissidents and Ukraine of Killing Pro-War Blogger,https://static01.nyt.com/images/2023/04/03/multimedia/03russia-bombing-01-hjwk/03russia-bombing-01-hjwk-thumbWide.jpg?quality=75&auto=webp&disable=upscale,World News,9-Apr-23
Your Tuesday Briefing: Ukraine Prepares a Counteroffensive,https://static01.nyt.com/images/2023/04/03/multimedia/040423ambriefing-asia-promo/040423ambriefing-asia-promo-thumbWide.jpg?quality=75&auto=webp&disable=upscale,World News,9-Apr-23
"Evan Gershkovich, the American reporter detained in Moscow, appeals his arrest.",https://static01.nyt.com/images/2023/04/03/multimedia/03ukraine-briefing-Gershkovich-lhmv/03ukraine-briefing-Gershkovich-lhmv-thumbWide.jpg?quality=75&auto=webp&disable=upscale,World News,9-Apr-23
The woman arrested in a Russian pro-war blogger’s death had attended opposition rallies.,https://static01.nyt.com/images/2023/04/03/multimedia/03ukraine-briefing-bombing-suspect-gzhl/03ukraine-briefing-bombing-suspect-gzhl-thumbWide.jpg?quality=75&auto=webp&disable=upscale,World News,9-Apr-23