﻿Title,Image,Section
"Is It a Cold, or Is It Allergies?",https://static01.nyt.com/images/2023/04/07/well/07WELL-COLD-VS-ALLERGIES/07WELL-COLD-VS-ALLERGIES-thumbWide.jpg?quality=75&auto=webp&disable=upscale,Health Well
Two Federal Judges Issued Opposing Rulings on Abortion Pills. Here’s What’s Going On.,https://static01.nyt.com/images/2023/03/03/multimedia/00AbortionRuling-Explainer-01-hklp/00AbortionRuling-Explainer-01-hklp-thumbWide.jpg?quality=75&auto=webp&disable=upscale,Health Well
"Have Eggs, Will Travel. To Freeze Them.",https://static01.nyt.com/images/2023/04/06/fashion/06EGG-FREEZING-TOURISM-top/06EGG-FREEZING-TOURISM-top-thumbWide.jpg?quality=75&auto=webp&disable=upscale,Health Well
"A Great Credit Score, but She Can’t Get a Mortgage",https://static01.nyt.com/images/2023/04/11/multimedia/08SCI-SPAN-promo-clgq/08SCI-SPAN-promo-clgq-thumbWide.jpg?quality=75&auto=webp&disable=upscale,Health Well
Judge Invalidates F.D.A. Approval of the Abortion Pill Mifepristone,https://static01.nyt.com/images/2023/02/24/multimedia/00AbortionRuling-mcfh/00AbortionRuling-mcfh-thumbWide.jpg?quality=75&auto=webp&disable=upscale,Health Well
Want This Snoopy T-Shirt? You’ll Have to Pay in Blood.,https://static01.nyt.com/images/2023/04/07/multimedia/07BLOOD-SNOOPY-01-kbhg/07BLOOD-SNOOPY-01-kbhg-thumbWide.jpg?quality=75&auto=webp&disable=upscale,Health Well
The Virtual Vet Will See You Meow,https://static01.nyt.com/images/2023/04/04/multimedia/00VIRTUAL-VETS-01b-fmzk/00VIRTUAL-VETS-01b-fmzk-thumbWide.jpg?quality=75&auto=webp&disable=upscale,Health Well
"Uh-Oh, I Seem to Be Dating a Chatbot",https://static01.nyt.com/images/2023/04/09/fashion/09MODERN-HARRIS/09MODERN-HARRIS-thumbWide.jpg?quality=75&auto=webp&disable=upscale,Health Well
Los sonidos de la mediana edad existen,https://static01.nyt.com/images/2023/03/23/well/23WELLNL-MIDDLE-AGE-GROAN/23WELLNL-MIDDLE-AGE-GROAN-thumbWide.jpg?quality=75&auto=webp&disable=upscale,Health Well
Did You Have Your First Child After 40?,https://static01.nyt.com/images/2023/03/31/well/WELL-OVER-40-CALLOUT1/WELL-OVER-40-CALLOUT1-thumbWide.jpg?quality=75&auto=webp&disable=upscale,Health Well