﻿Title,Image,Section,Date
The Real-World Costs of the Digital Race for Bitcoin,https://static01.nyt.com/images/2023/03/27/autossell/mine/mine-thumbWide.png?quality=75&auto=webp&disable=upscale,U.S. News,9-Apr-23
How the Latest Leaked Documents Are Different From Past Breaches,https://static01.nyt.com/images/2023/04/09/multimedia/09dc-leaks-plvz/09dc-leaks-plvz-thumbWide-v2.jpg?quality=75&auto=webp&disable=upscale,U.S. News,9-Apr-23
Leaked Documents Suggest Ukrainian Air Defense Is in Peril if Not Reinforced,https://static01.nyt.com/images/2023/04/04/multimedia/00dc-airforce-01-lqjc/00dc-airforce-01-lqjc-thumbWide.jpg?quality=75&auto=webp&disable=upscale,U.S. News,9-Apr-23
Will North Carolina Be the ‘Beginning of the End’ of the Medicaid Expansion Fight?,https://static01.nyt.com/images/2023/04/04/multimedia/00dc-gop-medicaid-02-fwzl/00dc-gop-medicaid-02-fwzl-thumbWide.jpg?quality=75&auto=webp&disable=upscale,U.S. News,9-Apr-23
At Least 3 California Condors Die From Bird Flu in Arizona,https://static01.nyt.com/images/2023/04/09/multimedia/09xp-condor-kmgv/09xp-condor-kmgv-thumbWide.jpg?quality=75&auto=webp&disable=upscale,U.S. News,9-Apr-23
Tipping Confusion,https://static01.nyt.com/images/2023/03/02/business/09-the-morning-tech-promo/00techfix-thumbWide.jpg?quality=75&auto=webp&disable=upscale,U.S. News,9-Apr-23
New Mexico Is Losing a Form of Spanish Spoken Nowhere Else on Earth,https://static01.nyt.com/images/2023/04/05/multimedia/00nat-atc-spanish-dippy-3-01-wphz-alert/00nat-atc-spanish-dippy-3-01-wphz-alert-thumbWide.jpg?quality=75&auto=webp&disable=upscale,U.S. News,9-Apr-23
The World Bank Is Getting a New Chief. Will He Pivot Toward Climate Action?,https://static01.nyt.com/images/2023/04/07/climate/00cli-worldbank/00cli-worldbank-thumbWide.jpg?quality=75&auto=webp&disable=upscale,U.S. News,9-Apr-23
"At Stanford Law School, the Dean Takes a Stand for Free Speech. Will It Work?",https://static01.nyt.com/images/2023/04/05/multimedia/00nat-stanford-law-tirien4-wzfb/00nat-stanford-law-tirien4-wzfb-thumbWide-v2.jpg?quality=75&auto=webp&disable=upscale,U.S. News,9-Apr-23
"Nashville, Battered and Mourning, Pauses for Easter",https://static01.nyt.com/images/2023/04/09/multimedia/09NAT-FAITH-NASHVILLE-01-pjvb/09NAT-FAITH-NASHVILLE-01-pjvb-thumbWide.jpg?quality=75&auto=webp&disable=upscale,U.S. News,9-Apr-23
Texas Governor Says He Plans to Pardon Man Convicted of Killing Protester,https://static01.nyt.com/images/2023/05/08/multimedia/08xp-texas-promo1-hwlj/08xp-texas-promo1-hwlj-thumbWide.jpg?quality=75&auto=webp&disable=upscale,U.S. News,9-Apr-23
"With Dueling Rulings, Abortion Pill Cases Appear Headed to the Supreme Court",https://static01.nyt.com/images/2023/04/08/multimedia/08dc-abortion-01-hvbk/08dc-abortion-01-hvbk-thumbWide-v3.jpg?quality=75&auto=webp&disable=upscale,U.S. News,9-Apr-23
Track Cycling Champion Dies in Collision in San Francisco,https://static01.nyt.com/images/2023/04/08/multimedia/08xp-cyclist-01-kgvl/08xp-cyclist-01-kgvl-thumbWide.jpg?quality=75&auto=webp&disable=upscale,U.S. News,9-Apr-23
"Overlooked No More: Alice Ball, Chemist Who Created a Treatment for Leprosy",https://static01.nyt.com/images/2023/04/10/multimedia/07overlooked-ball-01-lzjv-print1/07overlooked-ball-01-lzjv-thumbWide.jpg?quality=75&auto=webp&disable=upscale,U.S. News,9-Apr-23
"Mel King, Whose Boston Mayoral Bid Eased Racial Tensions, Dies at 94",https://static01.nyt.com/images/2023/04/07/obituaries/07king-01/07king-01-thumbWide.jpg?quality=75&auto=webp&disable=upscale,U.S. News,9-Apr-23
Two Federal Judges Issued Opposing Rulings on Abortion Pills. Here’s What’s Going On.,https://static01.nyt.com/images/2023/03/03/multimedia/00AbortionRuling-Explainer-01-hklp/00AbortionRuling-Explainer-01-hklp-thumbWide.jpg?quality=75&auto=webp&disable=upscale,U.S. News,9-Apr-23
Leaked Documents Reveal Depth of U.S. Spy Efforts and Russia’s Military Struggles,https://static01.nyt.com/images/2023/04/08/multimedia/08dc-intel-topart-01-wbzt/08dc-intel-topart-01-wbzt-thumbWide.jpg?quality=75&auto=webp&disable=upscale,U.S. News,9-Apr-23
E.P.A. Is Said to Propose Rules Meant to Drive Up Electric Car Sales Tenfold,https://static01.nyt.com/images/2023/03/30/multimedia/00cli-EVs1-qljm/00cli-EVs1-qljm-thumbWide.jpg?quality=75&auto=webp&disable=upscale,U.S. News,9-Apr-23
A Week of Youthful Activism Sends Out Political Shockwaves,https://static01.nyt.com/images/2023/04/07/multimedia/07pol-politicalweek-vjgm/07pol-politicalweek-vjgm-thumbWide.jpg?quality=75&auto=webp&disable=upscale,U.S. News,9-Apr-23
A Swedish Warship Sank in 1628. It Is Still Yielding Secrets.,https://static01.nyt.com/images/2023/04/07/lens/00xp-swedishboat-vasamuseet/00xp-swedishboat-vasamuseet-thumbWide.jpg?quality=75&auto=webp&disable=upscale,U.S. News,9-Apr-23
"New Season, New Music",https://static01.nyt.com/images/2023/04/08/multimedia/08-THE-MORNING-NL/08-THE-MORNING-NL-thumbWide.jpg?quality=75&auto=webp&disable=upscale,U.S. News,9-Apr-23
"Fed Up With Mayhem, Miami Beach Wants to Tame Spring Break for Good",https://static01.nyt.com/images/2023/04/06/multimedia/00nat-miami-springbreak-promo-fwlc/00nat-miami-springbreak-promo-fwlc-thumbWide.jpg?quality=75&auto=webp&disable=upscale,U.S. News,9-Apr-23
"For DeSantis, Overflowing War Chest Obscures the Challenges Ahead",https://static01.nyt.com/images/2023/03/29/multimedia/00pol-desantis-money-vtfz/00pol-desantis-money-vtfz-thumbWide.jpg?quality=75&auto=webp&disable=upscale,U.S. News,9-Apr-23
Georgia Looms Next After Trump’s Indictment in New York,https://static01.nyt.com/images/2023/04/04/multimedia/08nat-trump-georgia-sub/04trump-arraignment-carousel-afterspeech01-whzm-thumbWide-v2.jpg?quality=75&auto=webp&disable=upscale,U.S. News,9-Apr-23
Trump and His Lawyers: A Restless Search for Another Roy Cohn,https://static01.nyt.com/images/2023/04/07/multimedia/00pol-trumplawyers-bcvm/00pol-trumplawyers-bcvm-thumbWide.jpg?quality=75&auto=webp&disable=upscale,U.S. News,9-Apr-23
"A Great Credit Score, but She Can’t Get a Mortgage",https://static01.nyt.com/images/2023/04/11/multimedia/08SCI-SPAN-promo-clgq/08SCI-SPAN-promo-clgq-thumbWide.jpg?quality=75&auto=webp&disable=upscale,U.S. News,9-Apr-23
"Reaction to Texas Abortion Pill Ruling: Outrage, and Muted Praise",https://static01.nyt.com/images/2023/04/07/multimedia/07nat-abortionpill-reax-lede-fvmw/07nat-abortionpill-reax-lede-fvmw-thumbWide.jpg?quality=75&auto=webp&disable=upscale,U.S. News,9-Apr-23
Read the Court Decision Ordering the F.D.A. to Keep Mifepristone Available,https://static01.nyt.com/images/2023/04/08/doc-1387891-court-decision-or-promo/doc-1387891-court-decision-or-promo-thumbWide.png?quality=75&auto=webp&disable=upscale,U.S. News,9-Apr-23
Read the Court Decision Invalidating F.D.A. Approval of Mifepristone,https://static01.nyt.com/images/2023/04/08/doc-1387890-decision-invalida-promo/doc-1387890-decision-invalida-promo-thumbWide.png?quality=75&auto=webp&disable=upscale,U.S. News,9-Apr-23
"For Texas Judge in Abortion Case, a Life Shaped by Conservative Causes",https://static01.nyt.com/images/2023/03/17/multimedia/00dc-texasjudge-kgqf/00dc-texasjudge-kgqf-thumbWide.jpg?quality=75&auto=webp&disable=upscale,U.S. News,9-Apr-23
Biden Plan for Transgender Title IX Rules Began on Inauguration Day,https://static01.nyt.com/images/2023/04/07/multimedia/07dc-biden-trans-01-pcqk/07dc-biden-trans-01-pcqk-thumbWide.jpg?quality=75&auto=webp&disable=upscale,U.S. News,9-Apr-23
Trump’s Next Legal Threat Could Be in Georgia. That May Be Tricky for Federal Prosecutors.,https://static01.nyt.com/images/2023/04/07/multimedia/07dc-investigate-01-wtlh/07dc-investigate-01-wtlh-thumbWide.jpg?quality=75&auto=webp&disable=upscale,U.S. News,9-Apr-23
Judge Invalidates F.D.A. Approval of the Abortion Pill Mifepristone,https://static01.nyt.com/images/2023/02/24/multimedia/00AbortionRuling-mcfh/00AbortionRuling-mcfh-thumbWide.jpg?quality=75&auto=webp&disable=upscale,U.S. News,9-Apr-23
New Batch of Classified Documents Appears on Social Media Sites,https://static01.nyt.com/images/2023/04/07/multimedia/07dc-ukraine-documents-wlvb/07dc-ukraine-documents-wlvb-thumbWide.jpg?quality=75&auto=webp&disable=upscale,U.S. News,9-Apr-23
Outrage at G.O.P. Could Propel Expelled Democrats Right Back to House,https://static01.nyt.com/images/2023/04/07/multimedia/07nat-tennessee-01-gchm/07nat-tennessee-01-gchm-thumbWide.jpg?quality=75&auto=webp&disable=upscale,U.S. News,9-Apr-23
"Colin McCord, Who Helped Impose a Smoking Ban, Dies at 94",https://static01.nyt.com/images/2023/04/08/multimedia/06mccord-04-pctj-print1/06mccord-04-pctj-thumbWide.jpg?quality=75&auto=webp&disable=upscale,U.S. News,9-Apr-23
"In Hundreds of Jan. 6 Cases, Justice Dept. Wins a Battle (for Now)",https://static01.nyt.com/images/2023/04/07/multimedia/07dc-jan6-qcwf/07dc-jan6-qcwf-thumbWide.jpg?quality=75&auto=webp&disable=upscale,U.S. News,9-Apr-23
"Trump Wanted to Hire Laura Loomer, Anti-Muslim Activist",https://static01.nyt.com/images/2023/04/07/lens/07pol-trump-loomer-01/07pol-trump-loomer-01-thumbWide.jpg?quality=75&auto=webp&disable=upscale,U.S. News,9-Apr-23
Calculating the Fastest Road to an Electric Car Future,https://static01.nyt.com/images/2023/04/05/multimedia/00cli-cars-01-wqvj/00cli-cars-01-wqvj-thumbWide.jpg?quality=75&auto=webp&disable=upscale,U.S. News,9-Apr-23
"Trump’s Bet: Criminal Case Could Help His Campaign, and Vice Versa",https://static01.nyt.com/images/2023/04/07/multimedia/07pol-trump-campaign-pcvb/07pol-trump-campaign-pcvb-thumbWide.jpg?quality=75&auto=webp&disable=upscale,U.S. News,9-Apr-23
Justice Thomas Says He Was Advised Lavish Gifts Did Not Need to Be Reported,https://static01.nyt.com/images/2023/04/07/multimedia/07dc-thomas-glmb/07dc-thomas-glmb-thumbWide.jpg?quality=75&auto=webp&disable=upscale,U.S. News,9-Apr-23
Can Congress Make an End-Run Around a Debt Limit Impasse? It’s Tricky.,https://static01.nyt.com/images/2023/04/07/multimedia/07dc-discharge-01-qvkw/07dc-discharge-01-qvkw-thumbWide.jpg?quality=75&auto=webp&disable=upscale,U.S. News,9-Apr-23
New Mexico Police Fatally Shoot Man After Responding to Wrong House,https://static01.nyt.com/images/2023/04/07/lens/07xp-dotson-01/07xp-dotson-01-thumbWide.png?quality=75&auto=webp&disable=upscale,U.S. News,9-Apr-23
"In Dealing With China, U.S. and Europe Take Different Tacks",https://static01.nyt.com/images/2023/04/07/multimedia/07dc-europe-china-gmvj/07dc-europe-china-gmvj-thumbWide.jpg?quality=75&auto=webp&disable=upscale,U.S. News,9-Apr-23
How Recent Political Scandals at L.A. City Hall Have Unfolded,https://static01.nyt.com/images/2023/04/07/multimedia/07californiatoday-cityhall-gbkm/07californiatoday-cityhall-gbkm-thumbWide.jpg?quality=75&auto=webp&disable=upscale,U.S. News,9-Apr-23
The Response to Crime,https://static01.nyt.com/images/2023/03/30/multimedia/07themorning-promo/31themorning-lede-1-bgjc-thumbWide-v2.jpg?quality=75&auto=webp&disable=upscale,U.S. News,9-Apr-23
"Stabbing of Cash App Creator Raises Alarm, and Claims of ‘Lawless’ San Francisco",https://static01.nyt.com/images/2023/04/06/multimedia/00nat-sf-stabbing-01-chvw/00nat-sf-stabbing-01-chvw-thumbWide.jpg?quality=75&auto=webp&disable=upscale,U.S. News,9-Apr-23
"South Carolina Democrats, Stung by String of Losses, Clash Over Next Leader",https://static01.nyt.com/images/2023/04/07/multimedia/07pol-sc-dems-vjfg/07pol-sc-dems-vjfg-thumbWide.jpg?quality=75&auto=webp&disable=upscale,U.S. News,9-Apr-23
Tennessee G.O.P. Punishes 2 Democrats by Throwing Them Out of House,https://static01.nyt.com/images/2023/04/06/multimedia/06nat-tennessee-expulsion-subs-01-cmpv/06nat-tennessee-expulsion-subs-01-cmpv-thumbWide.jpg?quality=75&auto=webp&disable=upscale,U.S. News,9-Apr-23
"Fentanyl Contributed to Coolio’s Death, Medical Examiner Says",https://static01.nyt.com/images/2023/04/06/multimedia/06xp-coolio/06xp-coolio-thumbWide.jpg?quality=75&auto=webp&disable=upscale,U.S. News,9-Apr-23
The Real-World Costs of the Digital Race for Bitcoin,https://static01.nyt.com/images/2023/03/27/autossell/mine/mine-thumbWide.png?quality=75&auto=webp&disable=upscale,U.S. News California,9-Apr-23
How the Latest Leaked Documents Are Different From Past Breaches,https://static01.nyt.com/images/2023/04/09/multimedia/09dc-leaks-plvz/09dc-leaks-plvz-thumbWide-v2.jpg?quality=75&auto=webp&disable=upscale,U.S. News California,9-Apr-23
Leaked Documents Suggest Ukrainian Air Defense Is in Peril if Not Reinforced,https://static01.nyt.com/images/2023/04/04/multimedia/00dc-airforce-01-lqjc/00dc-airforce-01-lqjc-thumbWide.jpg?quality=75&auto=webp&disable=upscale,U.S. News California,9-Apr-23
Will North Carolina Be the ‘Beginning of the End’ of the Medicaid Expansion Fight?,https://static01.nyt.com/images/2023/04/04/multimedia/00dc-gop-medicaid-02-fwzl/00dc-gop-medicaid-02-fwzl-thumbWide.jpg?quality=75&auto=webp&disable=upscale,U.S. News California,9-Apr-23
At Least 3 California Condors Die From Bird Flu in Arizona,https://static01.nyt.com/images/2023/04/09/multimedia/09xp-condor-kmgv/09xp-condor-kmgv-thumbWide.jpg?quality=75&auto=webp&disable=upscale,U.S. News California,9-Apr-23
Tipping Confusion,https://static01.nyt.com/images/2023/03/02/business/09-the-morning-tech-promo/00techfix-thumbWide.jpg?quality=75&auto=webp&disable=upscale,U.S. News California,9-Apr-23
New Mexico Is Losing a Form of Spanish Spoken Nowhere Else on Earth,https://static01.nyt.com/images/2023/04/05/multimedia/00nat-atc-spanish-dippy-3-01-wphz-alert/00nat-atc-spanish-dippy-3-01-wphz-alert-thumbWide.jpg?quality=75&auto=webp&disable=upscale,U.S. News California,9-Apr-23
The World Bank Is Getting a New Chief. Will He Pivot Toward Climate Action?,https://static01.nyt.com/images/2023/04/07/climate/00cli-worldbank/00cli-worldbank-thumbWide.jpg?quality=75&auto=webp&disable=upscale,U.S. News California,9-Apr-23
"At Stanford Law School, the Dean Takes a Stand for Free Speech. Will It Work?",https://static01.nyt.com/images/2023/04/05/multimedia/00nat-stanford-law-tirien4-wzfb/00nat-stanford-law-tirien4-wzfb-thumbWide-v2.jpg?quality=75&auto=webp&disable=upscale,U.S. News California,9-Apr-23
,,,
,,,
,,,
,,,
,,,
,,,
,,,
,,,
,,,
,,,
,,,
,,,
,,,
,,,
,,,
,,,
,,,
,,,
,,,
,,,
,,,
,,,
,,,
,,,
,,,
,,,
,,,
,,,
,,,
,,,
,,,
,,,
,,,
,,,
,,,
,,,
,,,
,,,
,,,
,,,
,,,