﻿Title,Image,Section,Date
The refugees making a living after fleeing Ukraine,https://ichef.bbci.co.uk/live-experience/cps/320/cpsprodpb/724A/production/_128685292_anastasia_southport_2.jpg,U.S. and Canada News,9-Apr-23
PM calls on Stormont return ahead of Biden visit,https://ichef.bbci.co.uk/live-experience/cps/320/cpsprodpb/E7EB/production/_129317395_a766b15b071597346f9336008d8b2c6970edcb09.jpg,U.S. and Canada News,9-Apr-23
PM praises Good Friday peace ahead of Biden visit,https://ichef.bbci.co.uk/live-experience/cps/320/cpsprodpb/2743/production/_129315001_15a15656cbad46958527d14f42e805713f6bd9f0.jpg,U.S. and Canada News,9-Apr-23
Hulk crashes Welsh couple's Central Park wedding,https://ichef.bbci.co.uk/live-experience/cps/320/cpsprodpb/474B/production/_129315281_hulk.jpg,U.S. and Canada News,9-Apr-23
Joe Biden to give key address at Ulster University,https://ichef.bbci.co.uk/live-experience/cps/320/cpsprodpb/12D37/production/_129311177_3383ca92d68a826d97ee2a1b1803ef5fdf368ea5.jpg,U.S. and Canada News,9-Apr-23
Chinese military rehearses encirclement of Taiwan,https://ichef.bbci.co.uk/live-experience/cps/320/cpsprodpb/38A5/production/_129310541_5c9c1cdb58cfef394613fb2a5ebcb28e995816980_313_3000_16881000x563.jpg,U.S. and Canada News,9-Apr-23
US abortion pill access in doubt after court rulings,https://ichef.bbci.co.uk/live-experience/cps/320/cpsprodpb/16878/production/_129308229_gettyimages-1356608449.jpg,U.S. and Canada News,9-Apr-23
How safe is the abortion pill mifepristone?,https://ichef.bbci.co.uk/live-experience/cps/320/cpsprodpb/79E1/production/_129010213_pillsreuters.jpg,U.S. and Canada News,9-Apr-23
Expelled Tennessee lawmaker vows to return,https://ichef.bbci.co.uk/live-experience/cps/320/cpsprodpb/4A74/production/_129306091_4e95331595c0fc95339827e88af082051ba4f18a.jpg,U.S. and Canada News,9-Apr-23
How this college gymnastics team is making history,https://ichef.bbci.co.uk/live-experience/cps/320/cpsprodpb/170B/production/_129299850_morgan-39-rlk.jpg,U.S. and Canada News,9-Apr-23
Biden vows to fight 'ideological' abortion pill ruling,https://ichef.bbci.co.uk/live-experience/cps/320/cpsprodpb/2DBF/production/_129011711_pillsreuters.jpg,U.S. and Canada News,9-Apr-23
What goes on at men's-only club Bohemian Grove?,https://ichef.bbci.co.uk/live-experience/cps/320/cpsprodpb/11D0A/production/_129307927_bohemiangrove.jpg,U.S. and Canada News,9-Apr-23
Supreme Court Justice Thomas defends luxury trips,https://ichef.bbci.co.uk/live-experience/cps/320/cpsprodpb/E646/production/_129305985_clarencethomas.jpg,U.S. and Canada News,9-Apr-23
DeSantis threatens Disney with taxes and tolls,https://ichef.bbci.co.uk/live-experience/cps/320/cpsprodpb/9F42/production/_129307704_gettyimages-1472685421.jpg,U.S. and Canada News,9-Apr-23
How to stay alive when a tornado strikes,https://ichef.bbci.co.uk/live-experience/cps/320/cpsprodpb/0686/production/_129307610_gettyimages-51043045.jpg,U.S. and Canada News,9-Apr-23
Dice roll decides election in small Wisconsin town,https://ichef.bbci.co.uk/live-experience/cps/320/cpsprodpb/8340/production/_129300633_gettyimages-1434675909-2.jpg,U.S. and Canada News,9-Apr-23
Are the Tennessee expulsions permanent? and other questions,https://ichef.bbci.co.uk/live-experience/cps/320/cpsprodpb/F0D9/production/_129275616_a4b414b3e54e32d05386ec8d7a612512cf579d6f0_0_5000_33331000x667.jpg,U.S. and Canada News,9-Apr-23
Who is Clarence Thomas? The Supreme Court explained,https://ichef.bbci.co.uk/live-experience/cps/320/cpsprodpb/11F4B/production/_83674537_thomas_1024_v2.jpg,U.S. and Canada News,9-Apr-23
"Who is Juan Merchan, the judge in Trump's case?",https://ichef.bbci.co.uk/live-experience/cps/320/cpsprodpb/13661/production/_129275497_908f16ae-dada-4acf-b58b-97c20eaba32d.jpg,U.S. and Canada News,9-Apr-23
When Trump sucks all the oxygen in the race,https://ichef.bbci.co.uk/live-experience/cps/320/cpsprodpb/11915/production/_129275917_a282d6e2665d1c905b228e759953abc80f3add94.jpg,U.S. and Canada News,9-Apr-23
Bob Lee killing highlights San Francisco crime fears,https://ichef.bbci.co.uk/live-experience/cps/320/cpsprodpb/A4B8/production/_129286124_06feb74d-e797-4d98-b8a2-998fe12bd34d.png,U.S. and Canada News,9-Apr-23
Tennessee statehouse expels Democrats over protest,https://ichef.bbci.co.uk/live-experience/cps/320/cpsprodpb/1DBA/production/_129301670_e14fbe7c555763f53c35a0e3015e18c81d02f5e50_0_3000_20001000x667.jpg,U.S. and Canada News,9-Apr-23
Life in jail for killers of rapper XXXTentacion,https://ichef.bbci.co.uk/live-experience/cps/320/cpsprodpb/67EB/production/_128930662_gettyimages-1083369924.jpg,U.S. and Canada News,9-Apr-23
Stormy Daniels: Trump doesn't deserve prison,https://ichef.bbci.co.uk/live-experience/cps/320/cpsprodpb/120B9/production/_129231937_mediaitem129231936.jpg,U.S. and Canada News,9-Apr-23
Rap star Coolio died of fentanyl overdose - manager,https://ichef.bbci.co.uk/live-experience/cps/320/cpsprodpb/ACB1/production/_126890244_coolio_getty.jpg,U.S. and Canada News,9-Apr-23
One Romanian family's fatal attempt to reach the US,https://ichef.bbci.co.uk/live-experience/cps/320/cpsprodpb/332B/production/_129299031_iordache1.jpg,U.S. and Canada News,9-Apr-23
White House blames chaotic Afghan pull-out on Trump,https://ichef.bbci.co.uk/live-experience/cps/320/cpsprodpb/19C8/production/_129300660_mediaitem129300659.jpg,U.S. and Canada News,9-Apr-23
Four key findings in Maryland clerical abuse report,https://ichef.bbci.co.uk/live-experience/cps/320/cpsprodpb/4248/production/_129286961_church.jpg,U.S. and Canada News,9-Apr-23
"If Joe Biden does not run in 2024, who might?",https://ichef.bbci.co.uk/live-experience/cps/320/cpsprodpb/13235/production/_127698387_gettyimages-1411483164.jpg,U.S. and Canada News,9-Apr-23
US president expected to visit only one NI venue,https://ichef.bbci.co.uk/live-experience/cps/320/cpsprodpb/14B2B/production/_129297748_50a1ed3f5dac6f70a3b994c2499aa42b6c202008.jpg,U.S. and Canada News,9-Apr-23
Canada repatriating families from Syria camps,https://ichef.bbci.co.uk/live-experience/cps/320/cpsprodpb/14CC4/production/_129288158_gettyimages-1242723262.jpg,U.S. and Canada News,9-Apr-23
Anti-vaccine Kennedy to challenge Biden in 2024,https://ichef.bbci.co.uk/live-experience/cps/320/cpsprodpb/1A35/production/_129290760_gettyimages-622854334.jpg,U.S. and Canada News,9-Apr-23
FBI detains wrong man in mock raid at hotel,https://ichef.bbci.co.uk/live-experience/cps/320/cpsprodpb/37F9/production/_129292341_mediaitem129292337.jpg,U.S. and Canada News,9-Apr-23
China moves warships after US hosts Taiwan's Tsai,https://ichef.bbci.co.uk/live-experience/cps/320/cpsprodpb/FF76/production/_129289356_gettyimages-1480120632.jpg,U.S. and Canada News,9-Apr-23
Cash App founder killed in San Francisco stabbing,https://ichef.bbci.co.uk/live-experience/cps/320/cpsprodpb/328A/production/_129283921_screenshot-61.png,U.S. and Canada News,9-Apr-23
Exonerated Central Park Five man lampoons Trump ad,https://ichef.bbci.co.uk/live-experience/cps/320/cpsprodpb/17762/production/_129289069_trump398.jpg,U.S. and Canada News,9-Apr-23
US teen shot by officer sitting behind him in car,https://ichef.bbci.co.uk/live-experience/cps/320/cpsprodpb/C344/production/_129288994_cbsn_fusion_feds-launch-civil-rights-investigation-into-shooting-death-of-teen-by-us-park-police_thumbnail_1858832_1920x1080.jpg,U.S. and Canada News,9-Apr-23
US reaches $144m settlement in Texas church attack,https://ichef.bbci.co.uk/live-experience/cps/320/cpsprodpb/5256/production/_129287012_gettyimages-1024740128.jpg,U.S. and Canada News,9-Apr-23
Who is Karen McDougal and is she linked to Trump's case?,https://ichef.bbci.co.uk/live-experience/cps/320/cpsprodpb/8B66/production/_129268653_karen-index-getty.jpg,U.S. and Canada News,9-Apr-23
King Charles invites Joe Biden for state visit,https://ichef.bbci.co.uk/live-experience/cps/320/cpsprodpb/A8B4/production/_129288134_7085aa876602e8327cbf832ba3f6ccf9d36154fd.jpg,U.S. and Canada News,9-Apr-23
President Biden confirms visit to Belfast next week,https://ichef.bbci.co.uk/live-experience/cps/320/cpsprodpb/1142/production/_129281440_dc64a4f0f13dcd42cc5efd410965112c9536c137.jpg,U.S. and Canada News,9-Apr-23
"Will Trump face a gag order, and what happens next?",https://ichef.bbci.co.uk/live-experience/cps/320/cpsprodpb/2627/production/_129276790_gettyimages-1479830181.jpg,U.S. and Canada News,9-Apr-23
Chicago chooses a mayor - and a way to fight crime,https://ichef.bbci.co.uk/live-experience/cps/320/cpsprodpb/BD40/production/_129284484_brandonjohnson.jpg,U.S. and Canada News,9-Apr-23
Canadian jailed over Aberdeen Airport drugs haul,https://ichef.bbci.co.uk/live-experience/cps/320/cpsprodpb/131A8/production/_129284287_cannabisholdforsentencenca.jpg,U.S. and Canada News,9-Apr-23
Trump wins legal fees in Stormy Daniels tweet case,https://ichef.bbci.co.uk/live-experience/cps/320/cpsprodpb/0E40/production/_129284630_478444b9871f8578e5339faf9cb1e690c73f6a070_0_2460_17822000x1449.jpg,U.S. and Canada News,9-Apr-23
Body of indigenous woman found in Canada landfill,https://ichef.bbci.co.uk/live-experience/cps/320/cpsprodpb/21BE/production/_129283680_f84021aa0d376958405666155f6fefbc8e611a460_0_4000_26671000x667.jpg,U.S. and Canada News,9-Apr-23
How the world reacted to Trump's arrest,https://ichef.bbci.co.uk/live-experience/cps/320/cpsprodpb/17E05/production/_129279779_capture.png,U.S. and Canada News,9-Apr-23
"US going to hell, says Trump after being charged",https://ichef.bbci.co.uk/live-experience/cps/320/cpsprodpb/13D91/production/_129279218_gettyimages-1479877946.jpg,U.S. and Canada News,9-Apr-23
What Trump indictment means - a simple guide,https://ichef.bbci.co.uk/live-experience/cps/320/cpsprodpb/123BE/production/_129268647_trump-index-getty.jpg,U.S. and Canada News,9-Apr-23
Liberals win control of Wisconsin Supreme Court,https://ichef.bbci.co.uk/live-experience/cps/320/cpsprodpb/6A6E/production/_129264272_1ffcbb3a-bccd-4284-894b-414aaa6b6285.jpg,U.S. and Canada News,9-Apr-23
Political battle lines will harden over Trump case,https://ichef.bbci.co.uk/live-experience/cps/320/cpsprodpb/149FD/production/_129277448_gettyimages-1285663191.jpg,U.S. and Canada News,9-Apr-23
What the 34 felony charges against Trump reveal,https://ichef.bbci.co.uk/live-experience/cps/320/cpsprodpb/A3E5/production/_129275914_3f2d49e9803b9f379922150845616ee619e625cd.jpg,U.S. and Canada News,9-Apr-23
Rupert Murdoch's engagement called off - reports,https://ichef.bbci.co.uk/live-experience/cps/320/cpsprodpb/9FD5/production/_127671904_gettyimages-1132383737.jpg,U.S. and Canada News,9-Apr-23
Trump pleads not guilty to falsifying business records,https://ichef.bbci.co.uk/live-experience/cps/320/cpsprodpb/13F5D/production/_129275718_63fd43efe2e0c00dfd479964e9bd8f2fac242485.jpg,U.S. and Canada News,9-Apr-23
"Inside the courtroom, an unusually quiet Trump",https://ichef.bbci.co.uk/live-experience/cps/320/cpsprodpb/6259/production/_129277152_21436bb9cddbe40fb60803351b4fb335476236cc.jpg,U.S. and Canada News,9-Apr-23
'Queen Camilla' title debuts on coronation invite,https://ichef.bbci.co.uk/live-experience/cps/320/cpsprodpb/00ED/production/_129273200_hi083616201.jpg,U.S. and Canada News,9-Apr-23
'I'm not selling. Am I part of the housing problem?',https://ichef.bbci.co.uk/live-experience/cps/320/cpsprodpb/104EE/production/_129189766_whatsubject.jpg,U.S. and Canada News,9-Apr-23
What happened between Stormy Daniels and Trump?,https://ichef.bbci.co.uk/live-experience/cps/320/cpsprodpb/120B9/production/_129231937_mediaitem129231936.jpg,U.S. and Canada News,9-Apr-23
President Biden avoids questions on Trump arrest,https://ichef.bbci.co.uk/live-experience/cps/320/cpsprodpb/17D83/production/_129276679_bidenscience.jpg,U.S. and Canada News,9-Apr-23
,,,
,,,
,,,
,,,
,,,
,,,
,,,
,,,
,,,
,,,
,,,
,,,
,,,
,,,
,,,
,,,
,,,
,,,
,,,
,,,
,,,
,,,
,,,
,,,
,,,
,,,
,,,
,,,
,,,
,,,
,,,
,,,
,,,
,,,
,,,
,,,
,,,
,,,
,,,
,,,
,,,
,,,
,,,
,,,
,,,
,,,
,,,