﻿Title,Image,Section,Date
The Aboriginal artist seeking a body 'of British descent',https://ichef.bbci.co.uk/live-experience/cps/320/cpsprodpb/3F03/production/_129013161_nathan_maynard.jpg,World News,9-Apr-23
The refugees making a living after fleeing Ukraine,https://ichef.bbci.co.uk/live-experience/cps/320/cpsprodpb/724A/production/_128685292_anastasia_southport_2.jpg,World News,9-Apr-23
Thousands join mass Georgian anti-government rally,https://ichef.bbci.co.uk/live-experience/cps/320/cpsprodpb/125AD/production/_129318157_df0d66c0a839394bb22616bcaf95cbce6303da2d.jpg,World News,9-Apr-23
What does the huge leak of Ukraine war documents tell us?,https://ichef.bbci.co.uk/live-experience/cps/320/cpsprodpb/10B13/production/_129317386_22d78eeb9cf3e55a2ab2ca3f3f07600e785312d00_573_5500_30955500x3095.jpg,World News,9-Apr-23
Mountain guides among 4 dead in French Alps avalanche,https://ichef.bbci.co.uk/live-experience/cps/320/cpsprodpb/1E51/production/_129316770_19d77ed911f4ca17e64b30c8d215d7f5a86b522a.jpg,World News,9-Apr-23
Eight missing as explosion destroys Marseille building,https://ichef.bbci.co.uk/live-experience/cps/320/cpsprodpb/4827/production/_129317481_30c9ac0b9e69a1799e96b2b7231f8014972e22910_20_1232_6931000x563.jpg,World News,9-Apr-23
Father mourns murdered daughters at West Bank funeral,https://ichef.bbci.co.uk/live-experience/cps/320/cpsprodpb/E075/production/_129316475_gettyimages-1251117614.jpg,World News,9-Apr-23
Six jailed in chained woman case that horrified China,https://ichef.bbci.co.uk/live-experience/cps/320/cpsprodpb/154C4/production/_123063278_976_blur_tiktok.jpg,World News,9-Apr-23
Woman in her 70s dies after Monaghan crash,https://ichef.bbci.co.uk/news/320/cpsprodpb/e66b/live/93612060-d6c9-11ed-aa8e-31a9f3ff4e07.jpg,World News,9-Apr-23
Relief as Pope delivers Easter Mass after illness,https://ichef.bbci.co.uk/live-experience/cps/320/cpsprodpb/918D/production/_129316273_pope.jpg,World News,9-Apr-23
British-Israeli sisters killed in West Bank named,https://ichef.bbci.co.uk/live-experience/cps/320/cpsprodpb/1296D/production/_129314167_565a28f71d8430196020e78f9e89f6cef1ade99c0_0_2475_13921000x562.jpg,World News,9-Apr-23
Saudi-Houthi talks bring hope of Yemen ceasefire,https://ichef.bbci.co.uk/live-experience/cps/320/cpsprodpb/12657/production/_129315357_5a23d60c7ed3fd038235ed3f03686f6b69b39cc1163_867_6423_36136423x3613.jpg,World News,9-Apr-23
Israel hits targets in Syria after rocket attacks,https://ichef.bbci.co.uk/live-experience/cps/320/cpsprodpb/9683/production/_129313583_golan.png,World News,9-Apr-23
China simulates hitting 'key targets' on Taiwan,https://ichef.bbci.co.uk/live-experience/cps/320/cpsprodpb/DB4D/production/_129314165_fcdae8f3c9f9d715544280872f503df6ed08fff2.jpg,World News,9-Apr-23
Village to return Somme crucifix after 107 years,https://ichef.bbci.co.uk/live-experience/cps/320/cpsprodpb/1AAF/production/_129313860_crucifix.jpg,World News,9-Apr-23
Good Friday Agreement - the view from the Republic,https://ichef.bbci.co.uk/live-experience/cps/320/cpsprodpb/13449/production/_129312987_gettyimages-110144590.jpg,World News,9-Apr-23
The rising star who scuppered Macron's pension vote,https://ichef.bbci.co.uk/live-experience/cps/320/cpsprodpb/107F0/production/_129286576_gettyimages-1247327341.jpg,World News,9-Apr-23
'They offered me a spot in a Wagner cemetery',https://ichef.bbci.co.uk/live-experience/cps/320/cpsprodpb/15018/production/_129304068_vitalywithnotoputintshirton.jpg,World News,9-Apr-23
Searching for the owner of a wallet lost at sea,https://ichef.bbci.co.uk/live-experience/cps/320/cpsprodpb/3607/production/_129313831_licensesmall.jpg,World News,9-Apr-23
Dozens killed in 'barbaric' Burkina Faso attacks,https://ichef.bbci.co.uk/live-experience/cps/320/cpsprodpb/E283/production/_126878975_gettyimages-1198467289.jpg,World News,9-Apr-23
Dozens missing after migrant boats sink near Tunisia,https://ichef.bbci.co.uk/live-experience/cps/320/cpsprodpb/23FB/production/_129311290_gettyimages-1247274936.jpg,World News,9-Apr-23
Joe Biden to give key address at Ulster University,https://ichef.bbci.co.uk/live-experience/cps/320/cpsprodpb/12D37/production/_129311177_3383ca92d68a826d97ee2a1b1803ef5fdf368ea5.jpg,World News,9-Apr-23
Seán Rooney: Lebanon completes first phase of inquiry into killing,https://ichef.bbci.co.uk/news/320/cpsprodpb/faac/live/fbb6a3c0-d628-11ed-9885-9df88b7a0e75.jpg,World News,9-Apr-23
Rapist who escaped prison by faking death arrested,https://ichef.bbci.co.uk/live-experience/cps/320/cpsprodpb/1806B/production/_129311489_gettyimages-129143970.jpg,World News,9-Apr-23
Man accused of killing woman in 'frenzied attack',https://ichef.bbci.co.uk/live-experience/cps/320/cpsprodpb/E218/production/_129308875_geilaibram-002.jpg,World News,9-Apr-23
Tourist dead and 7 injured in Tel Aviv car-ramming,https://ichef.bbci.co.uk/live-experience/cps/320/cpsprodpb/11DDC/production/_129308137_8af419ed8f5ca0a71dbe659855434c019680d1b5.jpg,World News,9-Apr-23
Ukraine to export electricity again after attacks,https://ichef.bbci.co.uk/live-experience/cps/320/cpsprodpb/15306/production/_129309768_d5f096bee8e706435dd86eb192cd64edb926ea420_0_6720_37801000x563-1.jpg,World News,9-Apr-23
Chinese military rehearses encirclement of Taiwan,https://ichef.bbci.co.uk/live-experience/cps/320/cpsprodpb/38A5/production/_129310541_5c9c1cdb58cfef394613fb2a5ebcb28e995816980_313_3000_16881000x563.jpg,World News,9-Apr-23
US abortion pill access in doubt after court rulings,https://ichef.bbci.co.uk/live-experience/cps/320/cpsprodpb/16878/production/_129308229_gettyimages-1356608449.jpg,World News,9-Apr-23
The young girls shipped from Newry to Australia,https://ichef.bbci.co.uk/live-experience/cps/320/cpsprodpb/1344E/production/_129262987_melbourne.jpg,World News,9-Apr-23
Israel strikes Lebanon and Gaza after rocket fire,https://ichef.bbci.co.uk/live-experience/cps/320/cpsprodpb/E254/production/_129304975_mediaitem129302308.jpg,World News,9-Apr-23
The men risking their lives to be Catholic priests,https://ichef.bbci.co.uk/live-experience/cps/320/cpsprodpb/16DE3/production/_129276639_mediaitem129276637.jpg,World News,9-Apr-23
How safe is the abortion pill mifepristone?,https://ichef.bbci.co.uk/live-experience/cps/320/cpsprodpb/79E1/production/_129010213_pillsreuters.jpg,World News,9-Apr-23
Expelled Tennessee lawmaker vows to return,https://ichef.bbci.co.uk/live-experience/cps/320/cpsprodpb/4A74/production/_129306091_4e95331595c0fc95339827e88af082051ba4f18a.jpg,World News,9-Apr-23
How this college gymnastics team is making history,https://ichef.bbci.co.uk/live-experience/cps/320/cpsprodpb/170B/production/_129299850_morgan-39-rlk.jpg,World News,9-Apr-23
Fantasy football tips from the world's best players,https://ichef.bbci.co.uk/live-experience/cps/320/cpsprodpb/CBA9/production/_129273125_saka.jpg,World News,9-Apr-23
Supreme Court Justice Thomas defends luxury trips,https://ichef.bbci.co.uk/live-experience/cps/320/cpsprodpb/E646/production/_129305985_clarencethomas.jpg,World News,9-Apr-23
How to stay alive when a tornado strikes,https://ichef.bbci.co.uk/live-experience/cps/320/cpsprodpb/0686/production/_129307610_gettyimages-51043045.jpg,World News,9-Apr-23
Russia charges US journalist with spying - reports,https://ichef.bbci.co.uk/live-experience/cps/320/cpsprodpb/10B8B/production/_129219486_untitled-2-2-1.jpg,World News,9-Apr-23
Two British-Israeli women killed in West Bank,https://ichef.bbci.co.uk/live-experience/cps/320/cpsprodpb/FE74/production/_129304156_mediaitem129304155.jpg,World News,9-Apr-23
Dice roll decides election in small Wisconsin town,https://ichef.bbci.co.uk/live-experience/cps/320/cpsprodpb/8340/production/_129300633_gettyimages-1434675909-2.jpg,World News,9-Apr-23
Are the Tennessee expulsions permanent? and other questions,https://ichef.bbci.co.uk/live-experience/cps/320/cpsprodpb/F0D9/production/_129275616_a4b414b3e54e32d05386ec8d7a612512cf579d6f0_0_5000_33331000x667.jpg,World News,9-Apr-23
Who is Clarence Thomas? The Supreme Court explained,https://ichef.bbci.co.uk/live-experience/cps/320/cpsprodpb/11F4B/production/_83674537_thomas_1024_v2.jpg,World News,9-Apr-23
"Who is Juan Merchan, the judge in Trump's case?",https://ichef.bbci.co.uk/live-experience/cps/320/cpsprodpb/13661/production/_129275497_908f16ae-dada-4acf-b58b-97c20eaba32d.jpg,World News,9-Apr-23
Gunmen kill dozens in rural Nigerian village,https://ichef.bbci.co.uk/live-experience/cps/320/cpsprodpb/E1FA/production/_129305875_nigeria976.jpg,World News,9-Apr-23
When Trump sucks all the oxygen in the race,https://ichef.bbci.co.uk/live-experience/cps/320/cpsprodpb/11915/production/_129275917_a282d6e2665d1c905b228e759953abc80f3add94.jpg,World News,9-Apr-23
Life sentences for Italian ambassador's killers,https://ichef.bbci.co.uk/live-experience/cps/320/cpsprodpb/93DA/production/_129305873_gettyimages-1250857111_afp.jpg,World News,9-Apr-23
Bob Lee killing highlights San Francisco crime fears,https://ichef.bbci.co.uk/live-experience/cps/320/cpsprodpb/A4B8/production/_129286124_06feb74d-e797-4d98-b8a2-998fe12bd34d.png,World News,9-Apr-23
S Africa's bid to extradite wealthy Guptas fails,https://ichef.bbci.co.uk/live-experience/cps/320/cpsprodpb/1323F/production/_125299387_hi045058646.jpg,World News,9-Apr-23
Tennessee statehouse expels Democrats over protest,https://ichef.bbci.co.uk/live-experience/cps/320/cpsprodpb/1DBA/production/_129301670_e14fbe7c555763f53c35a0e3015e18c81d02f5e50_0_3000_20001000x667.jpg,World News,9-Apr-23
Russian rouble falls to lowest value for a year,https://ichef.bbci.co.uk/live-experience/cps/320/cpsprodpb/B4A0/production/_129304264_gettyimages-1240065587.jpg,World News,9-Apr-23
Plastics firm gives film to fix windows in Ukraine,https://ichef.bbci.co.uk/live-experience/cps/320/cpsprodpb/43F7/production/_129299371_insulateukraine1.jpg,World News,9-Apr-23
NZ pilot's kidnappers tell Indonesia to negotiate,https://ichef.bbci.co.uk/live-experience/cps/320/cpsprodpb/1039E/production/_128626466_newzealandpilot_1.jpg,World News,9-Apr-23
Stormy Daniels: Trump doesn't deserve prison,https://ichef.bbci.co.uk/live-experience/cps/320/cpsprodpb/120B9/production/_129231937_mediaitem129231936.jpg,World News,9-Apr-23
"People were taking drugs in Spain 3,000 years ago",https://ichef.bbci.co.uk/live-experience/cps/320/cpsprodpb/9F10/production/_129302704_gettyimages-1415228387.jpg,World News,9-Apr-23
"Fighting forces 10,000 Burmese to flee to Thailand",https://ichef.bbci.co.uk/live-experience/cps/320/cpsprodpb/792C/production/_129302013_whatsappimage2023-04-07at07.22.33.jpg,World News,9-Apr-23
Teenage carpenter creates second bowl for charity,https://ichef.bbci.co.uk/live-experience/cps/320/cpsprodpb/C8E5/production/_129292415_gabrielmakinghopebowlsavethechildrenpa.jpg,World News,9-Apr-23
Couple raise almost £9k in Norway charity drive,https://ichef.bbci.co.uk/live-experience/cps/320/cpsprodpb/120C9/production/_129292937_niall.jpg,World News,9-Apr-23
Cyprus media guide,https://ichef.bbci.co.uk/live-experience/cps/320/cpsprodpb/160BA/production/_127189209_gettyimages-164714803.jpg,World News,9-Apr-23
Cyprus country profile,https://ichef.bbci.co.uk/live-experience/cps/320/cpsprodpb/05FB/production/_128313510_bbcmp_cyprus.png,World News,9-Apr-23
Chinese scientists publish long-awaited Covid data,https://ichef.bbci.co.uk/live-experience/cps/320/cpsprodpb/1608B/production/_129115209_mediaitem126056290.jpg,World News,9-Apr-23
'Don't be a CEO during Covid' - Sri Lanka airline boss,https://ichef.bbci.co.uk/live-experience/cps/320/cpsprodpb/94C7/production/_129278083_gettyimages-1232986643.jpg,World News,9-Apr-23
Rap star Coolio died of fentanyl overdose - manager,https://ichef.bbci.co.uk/live-experience/cps/320/cpsprodpb/ACB1/production/_126890244_coolio_getty.jpg,World News,9-Apr-23
Bloodywood - from Indian parody band to metal music royalty,https://ichef.bbci.co.uk/live-experience/cps/320/cpsprodpb/9BD9/production/_129279893_capture.png,World News,9-Apr-23
Why Jewish reporters left an empty seat at Passover,https://ichef.bbci.co.uk/live-experience/cps/320/cpsprodpb/0E10/production/_129300630_50ab2793-e770-42ab-bee7-b4c7077c0e58.jpg,World News,9-Apr-23
One Romanian family's fatal attempt to reach the US,https://ichef.bbci.co.uk/live-experience/cps/320/cpsprodpb/332B/production/_129299031_iordache1.jpg,World News,9-Apr-23
Debris found in hunt for missing Japanese helicopter,https://ichef.bbci.co.uk/live-experience/cps/320/cpsprodpb/8EF8/production/_129300663_mediaitem129300662.jpg,World News,9-Apr-23
White House blames chaotic Afghan pull-out on Trump,https://ichef.bbci.co.uk/live-experience/cps/320/cpsprodpb/19C8/production/_129300660_mediaitem129300659.jpg,World News,9-Apr-23
Israel blames Hamas for Lebanon rocket barrage,https://ichef.bbci.co.uk/live-experience/cps/320/cpsprodpb/156ED/production/_129298778_mediaitem129298770.jpg,World News,9-Apr-23
Being in Scotland is my miracle after fleeing genocide,https://ichef.bbci.co.uk/live-experience/cps/320/cpsprodpb/25A2/production/_129243690_umutesi1.jpg,World News,9-Apr-23
The daughter who fled North Korea to find her mother,https://ichef.bbci.co.uk/live-experience/cps/320/cpsprodpb/12CB7/production/_128938967_songmiandmumreunited.jpg,World News,9-Apr-23
Four key findings in Maryland clerical abuse report,https://ichef.bbci.co.uk/live-experience/cps/320/cpsprodpb/4248/production/_129286961_church.jpg,World News,9-Apr-23
"If Joe Biden does not run in 2024, who might?",https://ichef.bbci.co.uk/live-experience/cps/320/cpsprodpb/13235/production/_127698387_gettyimages-1411483164.jpg,World News,9-Apr-23
"Minister held over theft of 14,500 metal roof sheets",https://ichef.bbci.co.uk/live-experience/cps/320/cpsprodpb/1081A/production/_129301676_2023-04-06t165536z_825711784_rc2190a8ru07_rtrmadp_3_uganda-corruption.jpg,World News,9-Apr-23
Italy ex-PM Berlusconi in hospital with leukaemia,https://ichef.bbci.co.uk/live-experience/cps/320/cpsprodpb/15139/production/_129292368_4254249483aef218824bec6080214c8eeb5a87d80_0_1936_12961000x669.jpg,World News,9-Apr-23
One of Macron's favourite cafes attacked in protests,https://ichef.bbci.co.uk/live-experience/cps/320/cpsprodpb/0757/production/_129297810_microsoftteams-image.png,World News,9-Apr-23
How many Afghan refugees has the UK resettled?,https://ichef.bbci.co.uk/live-experience/cps/320/cpsprodpb/C879/production/_122012315_gettyimages-1234734838.jpg,World News,9-Apr-23
US president expected to visit only one NI venue,https://ichef.bbci.co.uk/live-experience/cps/320/cpsprodpb/14B2B/production/_129297748_50a1ed3f5dac6f70a3b994c2499aa42b6c202008.jpg,World News,9-Apr-23
Mayor starts legal bid over ChatGPT bribery claim,https://ichef.bbci.co.uk/live-experience/cps/320/cpsprodpb/15D73/production/_129295498_ybcu5y7q.jpeg-2.jpg,World News,9-Apr-23
Canada repatriating families from Syria camps,https://ichef.bbci.co.uk/live-experience/cps/320/cpsprodpb/14CC4/production/_129288158_gettyimages-1242723262.jpg,World News,9-Apr-23
Europe’s good cop and bad cop meet Xi Jinping,https://ichef.bbci.co.uk/live-experience/cps/320/cpsprodpb/4ED3/production/_129297102_5ef86b486c4b7ce353480694623f7e30103f410e.jpg,World News,9-Apr-23
Macron counting on Xi to 'bring Russia to senses',https://ichef.bbci.co.uk/live-experience/cps/320/cpsprodpb/0491/production/_129296110_871a213294b798d64206554ddb9d2987c86973d6.jpg,World News,9-Apr-23
Girl who drew anti-war image handed to mother,https://ichef.bbci.co.uk/live-experience/cps/320/cpsprodpb/F969/production/_129094836_mashalastseeninpublic.jpg,World News,9-Apr-23
China and Taiwan: A really simple guide,https://ichef.bbci.co.uk/live-experience/cps/320/cpsprodpb/3FF2/production/_129307361_taiwan_china_index_976.jpg,World News,9-Apr-23
Indonesia shaman accused of killing at least 12,https://ichef.bbci.co.uk/live-experience/cps/320/cpsprodpb/154C7/production/_129293278_shaman.jpg,World News,9-Apr-23
FBI detains wrong man in mock raid at hotel,https://ichef.bbci.co.uk/live-experience/cps/320/cpsprodpb/37F9/production/_129292341_mediaitem129292337.jpg,World News,9-Apr-23
Technique to help Ukraine therapists with PTSD,https://ichef.bbci.co.uk/live-experience/cps/320/cpsprodpb/27EC/production/_112702201_poorsleep.jpg,World News,9-Apr-23
Tiger and lions seized in raid on Mexican ranch,https://ichef.bbci.co.uk/live-experience/cps/320/cpsprodpb/1339C/production/_129284787_fs_bqzoxgaipazx.jpg,World News,9-Apr-23
Rivals Iran and Saudi Arabia hold high-level talks,https://ichef.bbci.co.uk/live-experience/cps/320/cpsprodpb/D3C1/production/_129290245_41d5456eb24a1949e172564595080bb3f8cedef9.jpg,World News,9-Apr-23
Man charged after taking wild platypus on train,https://ichef.bbci.co.uk/live-experience/cps/320/cpsprodpb/119A2/production/_129289027_platypus.jpg,World News,9-Apr-23
Beloved Japanese director of Milo and Otis dies,https://ichef.bbci.co.uk/live-experience/cps/320/cpsprodpb/16A1A/production/_129289629_hataindex.jpg,World News,9-Apr-23
Man held in Morocco over fake money to stand trial,https://ichef.bbci.co.uk/live-experience/cps/320/cpsprodpb/EFF3/production/_128472416_oliver.jpg,World News,9-Apr-23
Why Indian trains kill thousands of cattle every year,https://ichef.bbci.co.uk/live-experience/cps/320/cpsprodpb/5A69/production/_129254132_gettyimages-1135125090.jpg,World News,9-Apr-23
China moves warships after US hosts Taiwan's Tsai,https://ichef.bbci.co.uk/live-experience/cps/320/cpsprodpb/FF76/production/_129289356_gettyimages-1480120632.jpg,World News,9-Apr-23
Cash App founder killed in San Francisco stabbing,https://ichef.bbci.co.uk/live-experience/cps/320/cpsprodpb/328A/production/_129283921_screenshot-61.png,World News,9-Apr-23
Exonerated Central Park Five man lampoons Trump ad,https://ichef.bbci.co.uk/live-experience/cps/320/cpsprodpb/17762/production/_129289069_trump398.jpg,World News,9-Apr-23
US teen shot by officer sitting behind him in car,https://ichef.bbci.co.uk/live-experience/cps/320/cpsprodpb/C344/production/_129288994_cbsn_fusion_feds-launch-civil-rights-investigation-into-shooting-death-of-teen-by-us-park-police_thumbnail_1858832_1920x1080.jpg,World News,9-Apr-23
Home Office pauses removal of ex-Kabul Gurkhas,https://ichef.bbci.co.uk/live-experience/cps/320/cpsprodpb/4E14/production/_129288991_britishembassyinkabul.png,World News,9-Apr-23
Hugh Jackman thanks fans after skin cancer all clear,https://ichef.bbci.co.uk/live-experience/cps/320/cpsprodpb/044A/production/_129289010_8e847756593da2690af569cbe84239bef3425b58.jpg,World News,9-Apr-23