﻿Title,Image,Section,Date
Weather warning for 60mph wind gusts across Wales,https://ichef.bbci.co.uk/live-experience/cps/320/cpsprodpb/148D/production/_129316250_newproject-1.png,Science,9-Apr-23
"Trust aims to get 1,000 people gardening for nature",https://ichef.bbci.co.uk/live-experience/cps/320/cpsprodpb/A5EC/production/_129267424_hog.jpg,Science,9-Apr-23
Wildlife artist hails community link with role,https://ichef.bbci.co.uk/live-experience/cps/320/cpsprodpb/47CB/production/_129297381_img_0310.jpg,Science,9-Apr-23
Archaeologists revisit Jersey's Neanderthal site,https://ichef.bbci.co.uk/live-experience/cps/320/cpsprodpb/9CFA/production/_129268104_cotte.jpg,Science,9-Apr-23
Animals at London Zoo enjoy Easter egg hunt treats,https://ichef.bbci.co.uk/live-experience/cps/320/cpsprodpb/18627/production/_129297899_40bd9081aa8f79647e303f3a772ab17364369d11.jpg,Science,9-Apr-23
Part of country park closes to support wildlife,https://ichef.bbci.co.uk/live-experience/cps/320/cpsprodpb/9BC8/production/_129308893_screenshot2023-04-06170004.jpg,Science,9-Apr-23
The women who left their jobs to code,https://ichef.bbci.co.uk/live-experience/cps/320/cpsprodpb/FA26/production/_129283046_gettyimages-684641103.jpg,Science,9-Apr-23
How to stay alive when a tornado strikes,https://ichef.bbci.co.uk/live-experience/cps/320/cpsprodpb/0686/production/_129307610_gettyimages-51043045.jpg,Science,9-Apr-23
Northampton boy relaunches space book for other autistic children,https://ichef.bbci.co.uk/news/320/cpsprodpb/da87/live/bd4ac520-d3c7-11ed-8577-d3942f6377db.jpg,Science,9-Apr-23
'Our beach is the jewel in the crown for Hemsby',https://ichef.bbci.co.uk/live-experience/cps/320/cpsprodpb/146B7/production/_129293638_mediaitem129292123.jpg,Science,9-Apr-23
Appeal for volunteer beach wardens at beauty spot,https://ichef.bbci.co.uk/live-experience/cps/320/cpsprodpb/3D79/production/_129273751_little_tern_peoplecreditjoshjaggard.jpg,Science,9-Apr-23
Anti-plastic group has beef with Sainsbury's mince,https://ichef.bbci.co.uk/live-experience/cps/320/cpsprodpb/176A5/production/_129290959_sains-index-bbc.jpg,Science,9-Apr-23
Hospital employs robot to help free up staff,https://ichef.bbci.co.uk/live-experience/cps/320/cpsprodpb/2E17/production/_129299711_pharmacy_team_in_front_of_robot.png,Science,9-Apr-23
Operator seeks two-year extension to tip waste,https://ichef.bbci.co.uk/live-experience/cps/320/cpsprodpb/181BD/production/_129294789_tipsign976.jpg,Science,9-Apr-23
Animals 'traumatised' after joyriders ram fence,https://ichef.bbci.co.uk/live-experience/cps/320/cpsprodpb/172A9/production/_129298849_alpacas.jpg,Science,9-Apr-23
More than 160 rabbits rescued from one garage,https://ichef.bbci.co.uk/live-experience/cps/320/cpsprodpb/9C0D/production/_129294993_tempg.erabbits.jpg,Science,9-Apr-23
RSPB confirms its most northerly breeding bitterns,https://ichef.bbci.co.uk/news/320/cpsprodpb/57fa/live/aa427070-d44b-11ed-983f-d19032342163.jpg,Science,9-Apr-23
Plans for Wales' largest publicly-owned solar farm,https://ichef.bbci.co.uk/live-experience/cps/320/cpsprodpb/07D9/production/_129290020_gettyimages-1015903130-1.jpg,Science,9-Apr-23
Fight to save mussels from extinction in Wales,https://ichef.bbci.co.uk/live-experience/cps/320/cpsprodpb/5B7A/production/_129281432_editfwpmphoto.jpg,Science,9-Apr-23
Academic selected to make BBC programmes,https://ichef.bbci.co.uk/live-experience/cps/320/cpsprodpb/E5EA/production/_129285885_marianne737.jpg,Science,9-Apr-23
Jersey hosts endangered seabird workshop,https://ichef.bbci.co.uk/live-experience/cps/320/cpsprodpb/8A0A/production/_129283353_mediaitem129283352.jpg,Science,9-Apr-23
Sainsbury's defends vac-pack mince after complaints,https://ichef.bbci.co.uk/live-experience/cps/320/cpsprodpb/176A5/production/_129290959_sains-index-bbc.jpg,Science,9-Apr-23
Swans use plastic rubbish from water for nests,https://ichef.bbci.co.uk/live-experience/cps/320/cpsprodpb/AA30/production/_129286534_img-20230405-wa0004.jpg,Science,9-Apr-23
Southern Water launches storm overflow plan,https://ichef.bbci.co.uk/live-experience/cps/320/cpsprodpb/C73A/production/_129220015_ezgif-2-8c60b055c2.jpg,Science,9-Apr-23
Flood-hit areas to receive funding for defences,https://ichef.bbci.co.uk/live-experience/cps/320/cpsprodpb/4FEA/production/_129285402_d80dc13b1d3e633878a101bcb4d68d59d9bd70840_308_6000_33756000x3375.jpg,Science,9-Apr-23
Penguins hatched at Manx wildlife park relocated,https://ichef.bbci.co.uk/live-experience/cps/320/cpsprodpb/2D08/production/_129282511_penguins1.jpg,Science,9-Apr-23
"Stowaway frog hitches a 3,000-mile lift to Lidl",https://ichef.bbci.co.uk/live-experience/cps/320/cpsprodpb/11966/production/_129283027_frog3.jpg,Science,9-Apr-23
Virgin Orbit boss blasts leaders in parting email,https://ichef.bbci.co.uk/live-experience/cps/320/cpsprodpb/1367A/production/_129228497_virgin-orbit-88.jpg,Science,9-Apr-23
Tower tours suspended to encourage falcon breeding,https://ichef.bbci.co.uk/live-experience/cps/320/cpsprodpb/27D5/production/_129279101_screenshot2023-04-05084441.jpg,Science,9-Apr-23
"New reef will be home to 30,000 oysters",https://ichef.bbci.co.uk/news/320/cpsprodpb/9a1d/live/5b3b8ad0-d2f6-11ed-be2e-754a65c11505.jpg,Science,9-Apr-23
Salmon breeding after straightened stream rewiggled,https://ichef.bbci.co.uk/live-experience/cps/320/cpsprodpb/171A3/production/_129272649_swindale-imge.jpgrspb.jpg,Science,9-Apr-23
Live stream of cathedral's falcon pair launched,https://ichef.bbci.co.uk/live-experience/cps/320/cpsprodpb/ECC9/production/_129271606_peregrinefalconatstalbanscathedral-cpatrickwainwright.jpg,Science,9-Apr-23
Protesters convicted over bridge-scaling protest,https://ichef.bbci.co.uk/live-experience/cps/320/cpsprodpb/113C4/production/_129269507_qe2bridge_gettyimages-1465916146copy.jpg,Science,9-Apr-23
Richard Branson's rocket firm files for bankruptcy,https://ichef.bbci.co.uk/live-experience/cps/320/cpsprodpb/126DA/production/_129228457_gettyimages-1233924777.jpg,Science,9-Apr-23
Prince recruits Jacinda Ardern for environment role,https://ichef.bbci.co.uk/live-experience/cps/320/cpsprodpb/81D5/production/_129273233_gettyimages-1139159165.jpg,Science,9-Apr-23
Swiss tourist finds 14ft shark on Irish beach,https://ichef.bbci.co.uk/live-experience/cps/320/cpsprodpb/182C9/production/_129271099_profnicholaspayneanddrjennybortoluzzimeasuringthelarge14-footfemalesmalltoothsandtigershark.jpg,Science,9-Apr-23
Sewage spills targeted in £800m investment,https://ichef.bbci.co.uk/live-experience/cps/320/cpsprodpb/3058/production/_129267321_hi033408245.jpg,Science,9-Apr-23
Engineering firm celebrates 50 years of innovation,https://ichef.bbci.co.uk/live-experience/cps/320/cpsprodpb/8594/production/_129269143_screenshot2023-04-04120046.jpg,Science,9-Apr-23
Rare pearl mussels discovered in Scottish lochs ,https://ichef.bbci.co.uk/news/320/cpsprodpb/b1e0/live/6a1b2650-d2d3-11ed-87ff-a981a694765c.jpg,Science,9-Apr-23
Vaccine call to save red squirrels from killer pox,https://ichef.bbci.co.uk/live-experience/cps/320/cpsprodpb/2DC4/production/_129261711_squirrel2hughr.png,Science,9-Apr-23
Bin collection changes delayed until after elections,https://ichef.bbci.co.uk/live-experience/cps/320/cpsprodpb/13CB3/production/_129257018_gettyimages-1405851208-594x594.jpg,Science,9-Apr-23
Discoloured harbour water investigation continues,https://ichef.bbci.co.uk/live-experience/cps/320/cpsprodpb/FBE4/production/_128548446_whitehavenharbour2orangeindexandlead.jpg,Science,9-Apr-23
I'm being terrorised by the squirrels in my kitchen,https://ichef.bbci.co.uk/live-experience/cps/320/cpsprodpb/2C16/production/_129268211_michelle_collins.jpg,Science,9-Apr-23
Catalonia in grip of worst drought in decades,https://ichef.bbci.co.uk/live-experience/cps/320/cpsprodpb/102D9/production/_129256266_5d7fc5a444de0c6eaf26f6455624abd6102c7946.jpg,Science,9-Apr-23
A nutty solution for cleaner stoves and barbecues,https://ichef.bbci.co.uk/live-experience/cps/320/cpsprodpb/FD73/production/_128938846_20211023_171351.jpg,Science,9-Apr-23
Wet wipes ban planned to tackle water pollution,https://ichef.bbci.co.uk/live-experience/cps/320/cpsprodpb/166DA/production/_129266819_wipe-index-getty.jpg,Science,9-Apr-23
Nasa names first woman and black man on Moon mission,https://ichef.bbci.co.uk/live-experience/cps/320/cpsprodpb/1094C/production/_129261976_screenshot2023-04-03at16.43.44-2.png,Science,9-Apr-23
Death toll rises to 32 as storms ravage parts of US,https://ichef.bbci.co.uk/live-experience/cps/320/cpsprodpb/AAF5/production/_129256734_8be80933e90fba756e1b064cc52f3f7ffd0eb8520_0_5500_36671000x667.jpg,Science,9-Apr-23
Residents evacuated from slopes of Colombia volcano,https://ichef.bbci.co.uk/live-experience/cps/320/cpsprodpb/17679/production/_129256859_48884b61d480ce29169fd1197ce57dbb239f18440_0_3888_25921000x667.jpg,Science,9-Apr-23
"Sewage dumped in Welsh waterways for 600,000 hours",https://ichef.bbci.co.uk/live-experience/cps/320/cpsprodpb/633D/production/_129250452_padarnelyrch.jpg,Science,9-Apr-23
"Plans unveiled for solar farm to power 190,000 homes",https://ichef.bbci.co.uk/live-experience/cps/320/cpsprodpb/16281/production/_129235709_solar_farm.jpg,Science,9-Apr-23
Federal aid released to tornado-stricken Arkansas,https://ichef.bbci.co.uk/live-experience/cps/320/cpsprodpb/17C91/production/_129252479_1b5addac1ef078ec34513e622716b46d0151686c.jpg,Science,9-Apr-23
Student designs plastic windows for Ukraine homes,https://ichef.bbci.co.uk/live-experience/cps/320/cpsprodpb/134F6/production/_129249097_harryblakistonhouston-creditinsulateukraine.jpg,Science,9-Apr-23
China's loans to Africa worry World Bank chief,https://ichef.bbci.co.uk/live-experience/cps/320/cpsprodpb/ABCF/production/_129238934_gettyimages-1249941027.jpg,Science,9-Apr-23
Unlimited fines for water companies dumping sewage,https://ichef.bbci.co.uk/live-experience/cps/320/cpsprodpb/DB32/production/_129241165_gettyimages-1372559000.jpg,Science,9-Apr-23
Deepest ever fish caught on camera off Japan,https://ichef.bbci.co.uk/live-experience/cps/320/cpsprodpb/12491/production/_129279847_e64e8bcf-2c3c-4e43-9122-eabdc62fad7e.jpg,Science,9-Apr-23
Donations since O'Grady's death overwhelm charity,https://ichef.bbci.co.uk/live-experience/cps/320/cpsprodpb/13910/production/_129244108_mediaitem129244052.jpg,Science,9-Apr-23
Deliberate fire started at animal rescue farm,https://ichef.bbci.co.uk/live-experience/cps/320/cpsprodpb/CFF2/production/_129243235_horse.jpg,Science,9-Apr-23
Anger over 'disgusting' South West sewage spills,https://ichef.bbci.co.uk/live-experience/cps/320/cpsprodpb/B620/production/_129242664_0e40a4539a284e4e9eafb7ae7871de1298d687d7.jpg,Science,9-Apr-23
Zoo opens new habitats after two-year delay,https://ichef.bbci.co.uk/live-experience/cps/320/cpsprodpb/18275/production/_129233989_kumal-jaguar.jpg,Science,9-Apr-23
The litter-picking dog cleaning up a park,https://ichef.bbci.co.uk/live-experience/cps/320/cpsprodpb/6F2F/production/_129236482_photo30-03-2023182423.jpg,Science,9-Apr-23
Football kit redesigns highlight climate change,https://ichef.bbci.co.uk/live-experience/cps/320/cpsprodpb/DD89/production/_129231765_ipswich3.jpg,Science,9-Apr-23
'Devastating' Arkansas tornado sparks emergency,https://ichef.bbci.co.uk/live-experience/cps/320/cpsprodpb/B094/production/_129240254_microsoftteams-image-21.png,Science,9-Apr-23
"After 50 years on stage, this whale is going home",https://ichef.bbci.co.uk/live-experience/cps/320/cpsprodpb/0944/production/_129227320_lolita-665421064.jpg,Science,9-Apr-23
At least two reported dead as tornadoes hit US,https://ichef.bbci.co.uk/live-experience/cps/320/cpsprodpb/171F0/production/_129240749_microsoftteams-image-27.png,Science,9-Apr-23
Powering up policy lands with a thump,https://ichef.bbci.co.uk/live-experience/cps/320/cpsprodpb/51F7/production/_129238902_gettyimages-691127471.jpg,Science,9-Apr-23
Sewage entered rivers and seas 825 times a day,https://ichef.bbci.co.uk/live-experience/cps/320/cpsprodpb/24F7/production/_129236490_gettyimages-1372559000.jpg,Science,9-Apr-23
Gamekeeper filmed by RSPB shooting bird of prey,https://ichef.bbci.co.uk/live-experience/cps/320/cpsprodpb/2F83/production/_129236121_sparrowhawk-gettyimages-521074979.jpg,Science,9-Apr-23
Red kite 'fighting for its life' after being shot,https://ichef.bbci.co.uk/live-experience/cps/320/cpsprodpb/117E5/production/_129235617_untitleddesign-7.png,Science,9-Apr-23
Cairngorms tourists urged not to seek out rare capercaillie,https://ichef.bbci.co.uk/news/320/cpsprodpb/0afa/live/a04dab90-cfad-11ed-ba41-8f6fba0dffcb.jpg,Science,9-Apr-23
Council analyses households' black bin contents,https://ichef.bbci.co.uk/live-experience/cps/320/cpsprodpb/3F57/production/_128351261_8b02722d-d1c6-4a72-ab7e-713f6d4d2bbb.jpg,Science,9-Apr-23
"Past health risks from contaminated meat, says FSA",https://ichef.bbci.co.uk/live-experience/cps/320/cpsprodpb/1CFF/production/_129232470_mediaitem129232469.jpg,Science,9-Apr-23
Zoo's baby reindeer is a real Peach,https://ichef.bbci.co.uk/news/320/cpsprodpb/d07f/live/666237e0-cfb0-11ed-be2e-754a65c11505.jpg,Science,9-Apr-23
Murals aim to inspire climate change action,https://ichef.bbci.co.uk/live-experience/cps/320/cpsprodpb/CF1F/production/_129232035_muralsss.jpg,Science,9-Apr-23
'Metal detecting is escapism from stress of today',https://ichef.bbci.co.uk/live-experience/cps/320/cpsprodpb/87E7/production/_129219743_mediaitem129219742.jpg,Science,9-Apr-23
Under threat cliff edge home moved inland,https://ichef.bbci.co.uk/live-experience/cps/320/cpsprodpb/CFDD/production/_129231235_7a6e7c3a-3815-407d-9d74-f739002f1325.jpg,Science,9-Apr-23
Island's emissions lower than pre-pandemic - States,https://ichef.bbci.co.uk/live-experience/cps/320/cpsprodpb/0A02/production/_129226520_11fe0321a078ac4ec08a015ed18156ca8bd18eb6.jpg,Science,9-Apr-23
First crops planted at UK's largest urban farm,https://ichef.bbci.co.uk/live-experience/cps/320/cpsprodpb/1469C/production/_129221638_nr-nc.jpg,Science,9-Apr-23
Local community unite to plant trees on their street,https://ichef.bbci.co.uk/live-experience/cps/320/cpsprodpb/34FA/production/_129226531_mediaitem129226530.jpg,Science,9-Apr-23
Four giant tortoises have moved in to Jersey Zoo,https://ichef.bbci.co.uk/live-experience/cps/320/cpsprodpb/156EF/production/_129219778_twiggy-small2.jpg,Science,9-Apr-23
Branson's rocket company cuts majority of workforce,https://ichef.bbci.co.uk/live-experience/cps/320/cpsprodpb/9A3A/production/_129228493_virgin-orbit-17.jpg,Science,9-Apr-23
Just Stop Oil bridge activist 'was sending warning',https://ichef.bbci.co.uk/live-experience/cps/320/cpsprodpb/13D46/production/_129222218_de27-13.jpg,Science,9-Apr-23
Probe into 'falsely labelled' meat at supermarkets,https://ichef.bbci.co.uk/live-experience/cps/320/cpsprodpb/8479/production/_129231933_mediaitem129231932.jpg,Science,9-Apr-23
Southern Water permit breaches up 153% in one year,https://ichef.bbci.co.uk/live-experience/cps/320/cpsprodpb/EE4A/production/_129220016_ezgif-2-8c60b055c2.jpg,Science,9-Apr-23
Dead deer found after police's don't eat it plea,https://ichef.bbci.co.uk/live-experience/cps/320/cpsprodpb/D1C6/production/_129220735_canva-35.jpg,Science,9-Apr-23
Food factory staff made redundant after arrests,https://ichef.bbci.co.uk/live-experience/cps/320/cpsprodpb/21C9/production/_129094680_loscoe.png,Science,9-Apr-23
What is carbon capture and can it fight climate change?,https://ichef.bbci.co.uk/live-experience/cps/320/cpsprodpb/7256/production/_128707292_img_3914.jpg,Science,9-Apr-23
New UK plan to reach net zero goal faces criticism,https://ichef.bbci.co.uk/live-experience/cps/320/cpsprodpb/1318E/production/_125922287_gettyimages-640681671-1.jpg,Science,9-Apr-23
Hydrogen plant shortlisted for government support,https://ichef.bbci.co.uk/live-experience/cps/320/cpsprodpb/8459/production/_129218833_solar.png,Science,9-Apr-23
First vulture chick in 40 years hatches at London Zoo,https://ichef.bbci.co.uk/live-experience/cps/320/cpsprodpb/16D52/production/_129222539_23b1ad832d9feee2eb1cd018b1516d057b38eb24.jpg,Science,9-Apr-23
NI green hydrogen projects win government grants,https://ichef.bbci.co.uk/live-experience/cps/320/cpsprodpb/10896/production/_124943776_hi073870675.jpg,Science,9-Apr-23
More shellfish washed up on beach after die-off,https://ichef.bbci.co.uk/live-experience/cps/320/cpsprodpb/8AF3/production/_129217553_mediaitem129217552.jpg,Science,9-Apr-23
What does net zero mean?,https://ichef.bbci.co.uk/live-experience/cps/320/cpsprodpb/A458/production/_121127024_gettyimages-1327499341.jpg,Science,9-Apr-23
Crane erected in fight to stop 60 miles of pylons,https://ichef.bbci.co.uk/live-experience/cps/320/cpsprodpb/D428/production/_129221345_5.jpg,Science,9-Apr-23
Views sought on phasing out fossil fuel boilers,https://ichef.bbci.co.uk/live-experience/cps/320/cpsprodpb/1403F/production/_89838918_radiatorpa.jpg,Science,9-Apr-23
Is the UK on track to meet its climate targets?,https://ichef.bbci.co.uk/live-experience/cps/320/cpsprodpb/7214/production/_127540292_gettyimages-1311828504.jpg,Science,9-Apr-23
Carbon capture scheme 'best placed' for UK backing,https://ichef.bbci.co.uk/live-experience/cps/320/cpsprodpb/16653/production/_104513719_stfergus.jpg,Science,9-Apr-23
Heat pumps: How do they work and how do I get one?,https://ichef.bbci.co.uk/live-experience/cps/320/cpsprodpb/123B1/production/_121137647_heatpump.jpg,Science,9-Apr-23
Record number of puffins recorded in island count,https://ichef.bbci.co.uk/live-experience/cps/320/cpsprodpb/11351/production/_129218407_gettyimages-1424889388.jpg,Science,9-Apr-23
Müller pays £100K to charity after river discharge,https://ichef.bbci.co.uk/live-experience/cps/320/cpsprodpb/1046F/production/_129217666_gettyimages-855421164.jpg,Science,9-Apr-23
"Boy, 9, finds 200-million-year-old fossil on beach",https://ichef.bbci.co.uk/live-experience/cps/320/cpsprodpb/183D8/production/_129188299_fossilbeach.png,Science,9-Apr-23
Deep ocean currents heading for collapse - report,https://ichef.bbci.co.uk/live-experience/cps/320/cpsprodpb/12021/production/_129216737_190129cdea4a0f7859f7386e9b8b6871e70f5e12.jpg,Science,9-Apr-23
Spice sales boom as home cooks get more adventurous,https://ichef.bbci.co.uk/live-experience/cps/320/cpsprodpb/A359/production/_129171814_gettyimages-1178111197.jpg,Science,9-Apr-23
Gigantic dinosaur skeleton on show in London,https://ichef.bbci.co.uk/live-experience/cps/320/cpsprodpb/65DD/production/_129177062_230327_088-credit-trustees-of-the-nhm-london-.jpg,Science,9-Apr-23
World's top court to weigh in on climate change,https://ichef.bbci.co.uk/live-experience/cps/320/cpsprodpb/4CBF/production/_129174691_gettyimages-466796648.jpg,Science,9-Apr-23
Wind warning with 70mph gusts expected,https://ichef.bbci.co.uk/live-experience/cps/320/cpsprodpb/9D52/production/_123047204_porthcawlsea1.jpg,Science,9-Apr-23
Solar panels among goods to see VAT cut in NI,https://ichef.bbci.co.uk/live-experience/cps/320/cpsprodpb/2434/production/_129186290_gettyimages-523409950-1.jpg,Science,9-Apr-23
Cheetahs born in India 70 years after extinction,https://ichef.bbci.co.uk/live-experience/cps/320/cpsprodpb/13540/production/_129186197_indiacheetahcubs.jpg,Science,9-Apr-23
Steeper fines for idling car 'repeat offenders',https://ichef.bbci.co.uk/live-experience/cps/320/cpsprodpb/10A04/production/_105900186_pollutoin.jpg,Science,9-Apr-23
Space scientists reveal brightest gamma blast,https://ichef.bbci.co.uk/live-experience/cps/320/cpsprodpb/54FD/production/_129175712_gamma.png,Science,9-Apr-23
What do young people want from new SNP leader?,https://ichef.bbci.co.uk/live-experience/cps/320/cpsprodpb/2592/production/_129181690_jodyvan.jpg,Science,9-Apr-23
Hero's return for astronaut Shaun the Sheep,https://ichef.bbci.co.uk/live-experience/cps/320/cpsprodpb/3199/production/_129179621_dsc07099.jpg,Science,9-Apr-23
Italy to ban lab-grown meat to protect heritage,https://ichef.bbci.co.uk/live-experience/cps/320/cpsprodpb/A828/production/_129184034_nugget.jpg,Science,9-Apr-23
"UK risks losing investment in net-zero race, MPs warn",https://ichef.bbci.co.uk/live-experience/cps/320/cpsprodpb/4BE4/production/_129182491_gettyimages-621744270.jpg,Science,9-Apr-23
Greenland profile,https://ichef.bbci.co.uk/live-experience/cps/320/cpsprodpb/550C/production/_128327712_bbcmp_greenland.png,Science,9-Apr-23
Plans to limit avian flu risk from migrating birds,https://ichef.bbci.co.uk/live-experience/cps/320/cpsprodpb/14C52/production/_122647058_gettyimages-453801665.jpg,Science,9-Apr-23
Swiss court case ties human rights to climate change,https://ichef.bbci.co.uk/live-experience/cps/320/cpsprodpb/16AE1/production/_129179829_ba80a7f3e6d8dd893025f53cf652a0820d867848.jpg,Science,9-Apr-23
'Ultramassive' black hole discovered by scientists,https://ichef.bbci.co.uk/live-experience/cps/320/cpsprodpb/86D6/production/_129181543_3a7c680e-9156-402e-9a71-93874f41b51b.jpg,Science,9-Apr-23