﻿Title,,Image,Section,Date
Doctors' union taking militant stance - Barclay,,https://ichef.bbci.co.uk/live-experience/cps/320/cpsprodpb/AB37/production/_129313834_mediaitem129313833.jpg,Health,9-Apr-23
Archbishop's Easter message calls for fair society,,https://ichef.bbci.co.uk/live-experience/cps/320/cpsprodpb/17B2E/production/_129307079_archbishopandrewjohnatsttysiliochurchmenaibridge.png,Health,9-Apr-23
Patient 'stuck in hospital with months to live',,https://ichef.bbci.co.uk/live-experience/cps/320/cpsprodpb/F8BE/production/_129287636_img_0258.jpg,Health,9-Apr-23
New measures to crack down on illegal teen vaping,,https://ichef.bbci.co.uk/live-experience/cps/320/cpsprodpb/529E/production/_129305112_gettyimages-1396683789.jpg,Health,9-Apr-23
Hay fever warning over predicted birch pollen high,,https://ichef.bbci.co.uk/live-experience/cps/320/cpsprodpb/15AD6/production/_129309788_gettyimages-629307146.jpg,Health,9-Apr-23
NHS dentist shortage 'leaving patients stranded',,https://ichef.bbci.co.uk/live-experience/cps/320/cpsprodpb/9E99/production/_129310604_dentist.jpg,Health,9-Apr-23
'Vital' bank storing brains for research could shut,,https://ichef.bbci.co.uk/live-experience/cps/320/cpsprodpb/13F7E/production/_129309718_drlaurapalmer.jpg,Health,9-Apr-23
"Doctor strike 'could hit up to 250,000 operations'",,https://ichef.bbci.co.uk/live-experience/cps/320/cpsprodpb/0E6A/production/_129309630_mediaitem129309629.jpg,Health,9-Apr-23
Boxing lets Parkinson's frustrations out,,https://ichef.bbci.co.uk/live-experience/cps/320/cpsprodpb/0027/production/_129293000_mediaitem129292999.jpg,Health,9-Apr-23
Veterans' support camp aims to host emergency staff,,https://ichef.bbci.co.uk/live-experience/cps/320/cpsprodpb/A364/production/_129282814_mediaitem129282812.jpg,Health,9-Apr-23
US abortion pill access in doubt after court rulings,,https://ichef.bbci.co.uk/live-experience/cps/320/cpsprodpb/16878/production/_129308229_gettyimages-1356608449.jpg,Health,9-Apr-23
How (some) social media use can be good for teens,,https://ichef.bbci.co.uk/live-experience/cps/320/cpsprodpb/240A/production/_129162290_teenswithphones-1.jpg,Health,9-Apr-23
What lies behind the rise of the contraception app?,,https://ichef.bbci.co.uk/live-experience/cps/320/cpsprodpb/110F8/production/_129308896_pillandapp.jpg,Health,9-Apr-23
Mum to run marathon for daughter saved by surgery,,https://ichef.bbci.co.uk/live-experience/cps/320/cpsprodpb/1195D/production/_129292027_jenandfamily1-1.jpg,Health,9-Apr-23
How safe is the abortion pill mifepristone?,,https://ichef.bbci.co.uk/live-experience/cps/320/cpsprodpb/79E1/production/_129010213_pillsreuters.jpg,Health,9-Apr-23
Biden vows to fight 'ideological' abortion pill ruling,,https://ichef.bbci.co.uk/live-experience/cps/320/cpsprodpb/2DBF/production/_129011711_pillsreuters.jpg,Health,9-Apr-23
Hospital trust 'fairly confident' ahead of strike,,https://ichef.bbci.co.uk/news/320/cpsprodpb/fbee/live/0c905710-d541-11ed-b3c3-9bc88112296f.jpg,Health,9-Apr-23
Cancer survivor who gave birth urges early referral,,https://ichef.bbci.co.uk/live-experience/cps/320/cpsprodpb/3C46/production/_129303451_baby-nc.jpg,Health,9-Apr-23
John Lydon's wife dies from Alzheimer's at 80,,https://ichef.bbci.co.uk/live-experience/cps/320/cpsprodpb/6220/production/_129302152_gettyimages-671310438.jpg,Health,9-Apr-23
Covid booster jabs offered in Devon and Cornwall,,https://ichef.bbci.co.uk/live-experience/cps/320/cpsprodpb/5AE1/production/_129256232_b42cd20512669815e6a242cf3dc79ba702015424.jpg,Health,9-Apr-23
Exhibition aims to raise brain tumour awareness,,https://ichef.bbci.co.uk/live-experience/cps/320/cpsprodpb/4591/production/_129290871_photo06-04-2023122348.jpg,Health,9-Apr-23
New blood test could catch prostate cancer early,,https://ichef.bbci.co.uk/live-experience/cps/320/cpsprodpb/C1FA/production/_129285694_gettyimages-926715326.jpg,Health,9-Apr-23
Chinese scientists publish long-awaited Covid data,,https://ichef.bbci.co.uk/live-experience/cps/320/cpsprodpb/1608B/production/_129115209_mediaitem126056290.jpg,Health,9-Apr-23
The 'kind' care home that didn't care enough,,https://ichef.bbci.co.uk/live-experience/cps/320/cpsprodpb/C088/production/_124988294_the_elms2.jpg,Health,9-Apr-23
High Streets see revival of weekend shopping,,https://ichef.bbci.co.uk/live-experience/cps/320/cpsprodpb/15F89/production/_127639998_gettyimages-1361032150.jpg,Health,9-Apr-23
Hospital employs robot to help free up staff,,https://ichef.bbci.co.uk/live-experience/cps/320/cpsprodpb/2E17/production/_129299711_pharmacy_team_in_front_of_robot.png,Health,9-Apr-23
Woman being dropped in care partly led to death - jury,,https://ichef.bbci.co.uk/live-experience/cps/320/cpsprodpb/A81C/production/_129263034_14c6f5d3f4dab5a42c3b50e8cd82cc8561a7eb61.jpg,Health,9-Apr-23
NHS braces for Easter and strike disruption,,https://ichef.bbci.co.uk/live-experience/cps/320/cpsprodpb/337B/production/_129297131_docs.jpg,Health,9-Apr-23
Covid in Wales: What do the stats tell us?,,https://ichef.bbci.co.uk/live-experience/cps/320/cpsprodpb/6C3C/production/_127780772_coviddata2_gettyimages-1264411425.jpg,Health,9-Apr-23
Covid jabs for under fives in at-risk groups,,https://ichef.bbci.co.uk/live-experience/cps/320/cpsprodpb/CBFA/production/_123981225_gettyimages-1219507095.jpg,Health,9-Apr-23
'Lessons not learned' over hospital plan concerns,,https://ichef.bbci.co.uk/live-experience/cps/320/cpsprodpb/AD8D/production/_110792444_newhospital2.jpg,Health,9-Apr-23
Third anniversary of frontline worker's Covid death,,https://ichef.bbci.co.uk/live-experience/cps/320/cpsprodpb/56E9/production/_129294222_0ca0b89b-6565-417a-936a-19cdb6a5b61c.jpg,Health,9-Apr-23
Ballymena GP practice to close at end of April,,https://ichef.bbci.co.uk/live-experience/cps/320/cpsprodpb/16F6B/production/_129295049_gettyimages-1363771243.jpg,Health,9-Apr-23
Child dental health project marks 10th anniversary,,https://ichef.bbci.co.uk/live-experience/cps/320/cpsprodpb/17BCD/production/_129292279_teeth1.jpg,Health,9-Apr-23
Baby death NHS trust sets out plan amid challenges,,https://ichef.bbci.co.uk/live-experience/cps/320/cpsprodpb/13A0E/production/_111689308_mediaitem111689307.jpg,Health,9-Apr-23
Manx Care pays tribute to 'great friend' who died,,https://ichef.bbci.co.uk/live-experience/cps/320/cpsprodpb/12F02/production/_129107577_andrewfoster.jpg,Health,9-Apr-23
Anti-vaccine Kennedy to challenge Biden in 2024,,https://ichef.bbci.co.uk/live-experience/cps/320/cpsprodpb/1A35/production/_129290760_gettyimages-622854334.jpg,Health,9-Apr-23
Postcode check: How's the NHS coping in your area?,,https://ichef.bbci.co.uk/live-experience/cps/320/cpsprodpb/1299/production/_128216740_nhs_tracker_promo-2x-nc.png,Health,9-Apr-23
'Put a club in their hand and it transforms them',,https://ichef.bbci.co.uk/live-experience/cps/320/cpsprodpb/95EA/production/_129287383_mediaitem129287038.jpg,Health,9-Apr-23
Hospital needs to better protect children,,https://ichef.bbci.co.uk/live-experience/cps/320/cpsprodpb/182C1/production/_129290099_russells_hall_2.jpg,Health,9-Apr-23
Teens use screens more and exercise less - survey,,https://ichef.bbci.co.uk/live-experience/cps/320/cpsprodpb/1FB6/production/_129281180_gettyimages-1396628970.jpg,Health,9-Apr-23
"Woman, 24, dies of sepsis weeks after flu symptoms",,https://ichef.bbci.co.uk/live-experience/cps/320/cpsprodpb/F13E/production/_129285716_image0.jpg,Health,9-Apr-23
New self-triage website for parents and children,,https://ichef.bbci.co.uk/live-experience/cps/320/cpsprodpb/D370/production/_129282145_gettyimages-1398709836.jpg,Health,9-Apr-23
"Love for Deborah James breathtaking, says husband",,https://ichef.bbci.co.uk/live-experience/cps/320/cpsprodpb/691D/production/_129290962_dj-index-bbc.jpg,Health,9-Apr-23
Patients at risk during doctor strike - NHS bosses,,https://ichef.bbci.co.uk/live-experience/cps/320/cpsprodpb/15822/production/_129289088_444b90aec6345d3cfc47cb9d33a30c21e9f24627.jpg,Health,9-Apr-23
Hugh Jackman thanks fans after skin cancer all clear,,https://ichef.bbci.co.uk/live-experience/cps/320/cpsprodpb/044A/production/_129289010_8e847756593da2690af569cbe84239bef3425b58.jpg,Health,9-Apr-23
Drug to treat inherited cancers offered on NHS,,https://ichef.bbci.co.uk/live-experience/cps/320/cpsprodpb/CDA8/production/_129284625_21231d4f-fe7e-4e51-b3a1-239addfbe543.jpg,Health,9-Apr-23
The fight over who'll pay hospital bills of India's poor,,https://ichef.bbci.co.uk/live-experience/cps/320/cpsprodpb/90F5/production/_129290173_rajprotest.jpg,Health,9-Apr-23
Health unions in 'frank' meeting with NI secretary,,https://ichef.bbci.co.uk/live-experience/cps/320/cpsprodpb/759C/production/_128080103_rita.jpg,Health,9-Apr-23
Contaminated blood victim's dad wants recognition,,https://ichef.bbci.co.uk/live-experience/cps/320/cpsprodpb/57E5/production/_108010522_paul7-copy.jpg,Health,9-Apr-23
Deportation of grandmother with Alzheimer's paused,,https://ichef.bbci.co.uk/live-experience/cps/320/cpsprodpb/13D05/production/_129275118_whatsappimage2023-04-04at13.37.24.jpg,Health,9-Apr-23
Dental treatment boy had 'seizure-like episodes',,https://ichef.bbci.co.uk/live-experience/cps/320/cpsprodpb/715F/production/_127632092_mew.jpg,Health,9-Apr-23
Blood scandal victims 'finally being recognised',,https://ichef.bbci.co.uk/live-experience/cps/320/cpsprodpb/EC2A/production/_129285406_andyevans.jpg,Health,9-Apr-23
Council calls for research into water fluoridation,,https://ichef.bbci.co.uk/live-experience/cps/320/cpsprodpb/6BF6/production/_129283672_teeth.jpg,Health,9-Apr-23
Parents and children 'should get blood payout',,https://ichef.bbci.co.uk/live-experience/cps/320/cpsprodpb/21E8/production/_128508680_blood-index-shutterstock.jpg,Health,9-Apr-23
Care home manager fined £55k over resident deaths,,https://ichef.bbci.co.uk/live-experience/cps/320/cpsprodpb/576A/production/_129287322_capture.png,Health,9-Apr-23
Trust 'not always aware' of safeguarding issues,,https://ichef.bbci.co.uk/live-experience/cps/320/cpsprodpb/A907/production/_126817234_e259d4e9-50e5-41e7-8de7-8660101ab195.jpg,Health,9-Apr-23
Legal action 'only option' for vaccine widower,,https://ichef.bbci.co.uk/live-experience/cps/320/cpsprodpb/125E6/production/_129283257_mediaitem119422728.jpg,Health,9-Apr-23
Catastrophic failures over disabled woman - inquest,,https://ichef.bbci.co.uk/live-experience/cps/320/cpsprodpb/78DA/production/_129283903_1e5487de-2416-4536-9ff6-c634bd649e8d.jpg,Health,9-Apr-23
"30,000 SWAH protest letters given to Western Trust",,https://ichef.bbci.co.uk/live-experience/cps/320/cpsprodpb/11E84/production/_129284337_swahindex.jpg,Health,9-Apr-23
Laughter club offering 'escape from everyday life',,https://ichef.bbci.co.uk/live-experience/cps/320/cpsprodpb/1272F/production/_129276557_mediaitem129284452.jpg,Health,9-Apr-23
Air ambulance charity 'heartbroken' over pilot death,,https://ichef.bbci.co.uk/live-experience/cps/320/cpsprodpb/15836/production/_129281188_mediaitem129280218.jpg,Health,9-Apr-23
Children facing long waits for spinal surgery,,https://ichef.bbci.co.uk/live-experience/cps/320/cpsprodpb/17ED6/production/_129260089_capture.jpg,Health,9-Apr-23
Residents 'feel unsafe' as home fails inspection,,https://ichef.bbci.co.uk/news/320/cpsprodpb/c8f0/live/73de2060-d38d-11ed-be2e-754a65c11505.png,Health,9-Apr-23
Rare tick disease has been found in England,,https://ichef.bbci.co.uk/live-experience/cps/320/cpsprodpb/6A65/production/_129273272_gettyimages-1124684537.jpg,Health,9-Apr-23
Projects seek more black and Asian blood donors,,https://ichef.bbci.co.uk/live-experience/cps/320/cpsprodpb/132FB/production/_129278587_nhsbt.jpg,Health,9-Apr-23
Basketball match to take place in memory of fan,,https://ichef.bbci.co.uk/live-experience/cps/320/cpsprodpb/17921/production/_123954569_img_4101_original-1.jpg,Health,9-Apr-23
'Lessons not learned' at failing care home,,https://ichef.bbci.co.uk/live-experience/cps/320/cpsprodpb/1832D/production/_129271199_gettyimages-1328097362.jpg,Health,9-Apr-23
Concern over NHS equipment decontamination service,,https://ichef.bbci.co.uk/live-experience/cps/320/cpsprodpb/220C/production/_129261780_gttuuse.jpg,Health,9-Apr-23
Liberals win control of Wisconsin Supreme Court,,https://ichef.bbci.co.uk/live-experience/cps/320/cpsprodpb/6A6E/production/_129264272_1ffcbb3a-bccd-4284-894b-414aaa6b6285.jpg,Health,9-Apr-23
Dame Deborah's cancer fund raises £11.3m,,https://ichef.bbci.co.uk/live-experience/cps/320/cpsprodpb/13BB4/production/_125602808_gettyimages-1241326329-1.jpg,Health,9-Apr-23
Johnson & Johnson offers $9bn to settle talc claims,,https://ichef.bbci.co.uk/live-experience/cps/320/cpsprodpb/2DE4/production/_126284711_68143acf-fa7f-42d9-b39e-31910b9d978c.jpg,Health,9-Apr-23
Doctor nearly quit over hospital's toxic culture,,https://ichef.bbci.co.uk/live-experience/cps/320/cpsprodpb/6140/production/_129269842_drstillmanbbc.jpg,Health,9-Apr-23
Woman with Alzheimer's faces Swedish deportation,,https://ichef.bbci.co.uk/live-experience/cps/320/cpsprodpb/13D05/production/_129275118_whatsappimage2023-04-04at13.37.24.jpg,Health,9-Apr-23
Manx Care to run southern GP practice next month,,https://ichef.bbci.co.uk/live-experience/cps/320/cpsprodpb/7433/production/_128474792_ballasallamedicalcentre.jpg,Health,9-Apr-23
Care funding U-turn 'is an insult to social care',,https://ichef.bbci.co.uk/live-experience/cps/320/cpsprodpb/AFD9/production/_129271054_gettyimages-1287645892.jpg,Health,9-Apr-23
One in six people affected by infertility globally,,https://ichef.bbci.co.uk/live-experience/cps/320/cpsprodpb/C249/production/_129273794_gettyimages-1272954252.jpg,Health,9-Apr-23
How your daily step count can help heart and head,,https://ichef.bbci.co.uk/live-experience/cps/320/cpsprodpb/1C08/production/_129267170_walk-index-gettyim.jpg,Health,9-Apr-23
Long Covid and ME & CFS sufferers welcome new care,,https://ichef.bbci.co.uk/live-experience/cps/320/cpsprodpb/1826F/production/_129272989_p0fdt3lm.jpg,Health,9-Apr-23
Health board to recruit 900 overseas nurses,,https://ichef.bbci.co.uk/live-experience/cps/320/cpsprodpb/1F0D/production/_128694970_therecruitednurses.jpg,Health,9-Apr-23
'Major moment in MS research' as new trial starts,,https://ichef.bbci.co.uk/live-experience/cps/320/cpsprodpb/13A27/production/_129232408_7ac8a518-2c03-4e24-834e-86d03e61797b.jpg,Health,9-Apr-23
Cancer waiting times worst on record,,https://ichef.bbci.co.uk/live-experience/cps/320/cpsprodpb/FCFA/production/_124226746_hospitaltrolley_gettyimages-114426885.jpg,Health,9-Apr-23
Vulnerable 'to lose out as care funding held back',,https://ichef.bbci.co.uk/live-experience/cps/320/cpsprodpb/F1AA/production/_129266816_care-index-getty.jpg,Health,9-Apr-23
'Fight club' helps people with depression and PTSD,,https://ichef.bbci.co.uk/live-experience/cps/320/cpsprodpb/5481/production/_129233612_mayhem3.jpg,Health,9-Apr-23
Tourism hotspot warns of NHS pressures from Easter,,https://ichef.bbci.co.uk/live-experience/cps/320/cpsprodpb/9084/production/_128969963_whatsappimage2023-03-13at7.45.31am-3.jpg,Health,9-Apr-23
Daughter's plea over infected blood compensation,,https://ichef.bbci.co.uk/live-experience/cps/320/cpsprodpb/F73F/production/_129259236_infectedblood3.jpg,Health,9-Apr-23
Baby receives home phototherapy treatment,,https://ichef.bbci.co.uk/live-experience/cps/320/cpsprodpb/3A4E/production/_129262941_harrisonsmith.jpg,Health,9-Apr-23
Rugby star links dementia to mental health issues,,https://ichef.bbci.co.uk/live-experience/cps/320/cpsprodpb/1198B/production/_129257027_gettyimages-51522101.jpg,Health,9-Apr-23
"Youth mental health hub deal closer, charity says",,https://ichef.bbci.co.uk/live-experience/cps/320/cpsprodpb/1757A/production/_116301659_f02af8d6-0ace-442c-8153-0ac380582126.jpg,Health,9-Apr-23
Social care pay gap could be 'catastrophic',,https://ichef.bbci.co.uk/live-experience/cps/320/cpsprodpb/A45C/production/_129267024_carenurse1.jpg,Health,9-Apr-23
Hugh Jackman has new skin cancer scare,,https://ichef.bbci.co.uk/live-experience/cps/320/cpsprodpb/FF4C/production/_129265356_whatsappimage2023-04-04at12.48.55.jpg,Health,9-Apr-23
Father and daughter in double cancer diagnosis,,https://ichef.bbci.co.uk/live-experience/cps/320/cpsprodpb/1711F/production/_129259449_mediaitem129259448.jpg,Health,9-Apr-23
NHS trust deaths probe could get full legal powers,,https://ichef.bbci.co.uk/live-experience/cps/320/cpsprodpb/D525/production/_129256545_leahy.jpg,Health,9-Apr-23
Ventilation and water problems delay hospital plan,,https://ichef.bbci.co.uk/live-experience/cps/320/cpsprodpb/870C/production/_108827543_health.jpg,Health,9-Apr-23
Raab: Karate black-belt who is no stranger to controversy,,https://ichef.bbci.co.uk/live-experience/cps/320/cpsprodpb/0F86/production/_102447930_2deb9438-28cd-46f3-b276-75e4c25c1bb9.jpg,Health,9-Apr-23
Two NHS trusts merge to 'provide better care',,https://ichef.bbci.co.uk/live-experience/cps/320/cpsprodpb/21ED/production/_129258680_specialistdementiaanddeliriumteamscometogetheracrosssomerset.jpg,Health,9-Apr-23
Menopause testosterone patch 'could change lives',,https://ichef.bbci.co.uk/live-experience/cps/320/cpsprodpb/15B85/production/_129256988_gettyimages-1454147667.jpg,Health,9-Apr-23
'I want to be remembered for liver disease work',,https://ichef.bbci.co.uk/live-experience/cps/320/cpsprodpb/2E08/production/_128548711_premmanagement.png,Health,9-Apr-23
Online museum aims to improve mental health,,https://ichef.bbci.co.uk/live-experience/cps/320/cpsprodpb/FC2B/production/_129255546_192f8c18016165f69eaa36e722693cf1f358a312.jpg,Health,9-Apr-23
LGBTQ+ rights rainbow canopy permission sought,,https://ichef.bbci.co.uk/live-experience/cps/320/cpsprodpb/253F/production/_129253590_596bb02d-4a24-45e9-b48b-1c2bc0b66cc1.jpg,Health,9-Apr-23
Lateral flow tests no longer free for islanders,,https://ichef.bbci.co.uk/live-experience/cps/320/cpsprodpb/8FD7/production/_129232863_dedb5dff1d7e9a238582c966e48a8bc1a2bb231b.jpg,Health,9-Apr-23
"Body part names taboo risks health, say doctors",,https://ichef.bbci.co.uk/live-experience/cps/320/cpsprodpb/B2A4/production/_129223754_screenshot2023-03-30154104.jpg,Health,9-Apr-23
Minister ordered school counselling despite advice,,https://ichef.bbci.co.uk/live-experience/cps/320/cpsprodpb/BB76/production/_127809974_gettyimages-484583192.jpg,Health,9-Apr-23
'Time to recognise invisible loss of our babies',,https://ichef.bbci.co.uk/live-experience/cps/320/cpsprodpb/04E6/production/_129245210_ailsause.jpg,Health,9-Apr-23
How success affected Lewis Capaldi's mental health,,https://ichef.bbci.co.uk/live-experience/cps/320/cpsprodpb/0097/production/_129115100_capaldi976.jpg,Health,9-Apr-23
"Cancer patient portraits uplifting, says artist",,https://ichef.bbci.co.uk/live-experience/cps/320/cpsprodpb/B801/production/_129250174_mediaitem129249778.jpg,Health,9-Apr-23
Would you open up to a chatbot therapist?,,https://ichef.bbci.co.uk/live-experience/cps/320/cpsprodpb/168FC/production/_129221429_r_avt_wh_5.jpg,Health,9-Apr-23
BBC presenter with Alzheimer's thanks listeners,,https://ichef.bbci.co.uk/live-experience/cps/320/cpsprodpb/CB93/production/_129251125_susanrae.jpg,Health,9-Apr-23
Gambling addict fraud doctor allowed to work again,,https://ichef.bbci.co.uk/live-experience/cps/320/cpsprodpb/14EA8/production/_122327658_img_2707.jpg,Health,9-Apr-23
Emergency Covid funding for buses to be withdrawn,,https://ichef.bbci.co.uk/live-experience/cps/320/cpsprodpb/13BFE/production/_129249808_7ab0dc25-2377-40d2-b66c-e9da1d3ea657.jpg,Health,9-Apr-23
Firefighters run 200 miles for boy with cancer,,https://ichef.bbci.co.uk/live-experience/cps/320/cpsprodpb/532E/production/_129249212_mediaitem129249211.jpg,Health,9-Apr-23