﻿Title,Image,Section,Date
China called out by World Health Organization over COVID origin data,https://a57.foxnews.com/static.foxnews.com/foxnews.com/content/uploads/2023/04/348/196/Untitled-design-654.png?ve=1&tl=1,U.S. News America Together,9-Apr-23
Ex-Gov. Andrew Cuomo faces new lawsuit alleging 'unmitigated greed' contributed to nursing home deaths,https://a57.foxnews.com/static.foxnews.com/foxnews.com/content/uploads/2021/11/348/196/AP21309732087561.jpg?ve=1&tl=1,U.S. News America Together,9-Apr-23
Robert Redfield: The wet market COVID claims were a 'setup' ,https://a57.foxnews.com/cf-images.us-east-1.prod.boltdns.net/v1/static/694940094001/80e6962d-e7ce-49f8-892b-642f0de77977/e2ec4939-eab6-4d94-a188-35d42df77623/1280x720/match/348/196/image.jpg?ve=1&tl=1,U.S. News America Together,9-Apr-23
I don't recommend FDA's infinity vaccine booster strategy,https://a57.foxnews.com/static.foxnews.com/foxnews.com/content/uploads/2022/11/348/196/FDA-milk.jpg?ve=1&tl=1,U.S. News America Together,9-Apr-23
Texas city used federal COVID relief funds for 'racial equity' in 'audacious' agenda,https://a57.foxnews.com/static.foxnews.com/foxnews.com/content/uploads/2023/04/348/196/Erik-W-San-Antonio-manager.jpg?ve=1&tl=1,U.S. News America Together,9-Apr-23
Delivery driver fixes and salutes homeowner's American flag,https://a57.foxnews.com/cf-images.us-east-1.prod.boltdns.net/v1/static/694940094001/cc26c103-8274-42a6-b7e3-54ae14b18c1e/581a15e5-f752-464e-8275-961f42eee4f0/1280x720/match/348/196/image.jpg?ve=1&tl=1,U.S. News America Together,9-Apr-23
America Together - Black History Month - Bessie Coleman,https://a57.foxnews.com/cf-images.us-east-1.prod.boltdns.net/v1/static/694940094001/d8f68e34-81d2-49fa-9981-8cc9f9c53162/1c67b96b-3403-4ae3-90e9-ba9b93e63026/1280x720/match/348/196/image.jpg?ve=1&tl=1,U.S. News America Together,9-Apr-23
Philanthropic freedom important to promote charitable giving: Elise Westhoff,https://a57.foxnews.com/cf-images.us-east-1.prod.boltdns.net/v1/static/694940094001/656ed8e8-92eb-4a19-a70c-7fc56f30d33b/0f55ef5b-614f-41ae-a0a9-fc6ce44eb9de/1280x720/match/348/196/image.jpg?ve=1&tl=1,U.S. News America Together,9-Apr-23
Armed Services YMCA helps servicemen and women come home for the holidays,https://a57.foxnews.com/cf-images.us-east-1.prod.boltdns.net/v1/static/694940094001/d9d28426-3772-447b-ba96-96970c3a8fe9/62173c8a-ec0a-45c7-939d-03c2646f430e/1280x720/match/348/196/image.jpg?ve=1&tl=1,U.S. News America Together,9-Apr-23
Matty's Toy Stop hosts annual 'Shop with a Cop' event,https://a57.foxnews.com/cf-images.us-east-1.prod.boltdns.net/v1/static/694940094001/a97b1b61-e5b1-4215-b6e1-d5b716522a4e/d3b8d3c4-82a5-41ba-8a3c-5640a6c91b23/1280x720/match/348/196/image.jpg?ve=1&tl=1,U.S. News America Together,9-Apr-23
Moving adoption story of love and faith shared by Elizabeth Groff of Operation Christmas Child,https://a57.foxnews.com/cf-images.us-east-1.prod.boltdns.net/v1/static/694940094001/15724201-dc9b-4859-91b5-e49982e5c1c7/e61a738c-5a01-4ec4-b8f6-47282518564d/1280x720/match/348/196/image.jpg?ve=1&tl=1,U.S. News America Together,9-Apr-23
Baltimore resident Vennieth McCormick offers Thanksgiving meals to community  'We can't let the hope die' ,https://a57.foxnews.com/cf-images.us-east-1.prod.boltdns.net/v1/static/694940094001/4b21e723-4620-484d-b5da-1be318f813aa/d7e81514-fdc1-46c3-9c99-143b2c0ad97b/1280x720/match/348/196/image.jpg?ve=1&tl=1,U.S. News America Together,9-Apr-23
"Business owners step up to help provide Thanksgiving meals for elderly, military families",https://a57.foxnews.com/cf-images.us-east-1.prod.boltdns.net/v1/static/694940094001/2dcbadbd-ed71-4d06-a6b9-a93a276a0d72/e6edc74c-10dd-4879-9eb3-2168cea20e35/1280x720/match/348/196/image.jpg?ve=1&tl=1,U.S. News America Together,9-Apr-23
New Jersey man raises money for homeless veterans with cross-country walk,https://a57.foxnews.com/cf-images.us-east-1.prod.boltdns.net/v1/static/694940094001/6e4843c6-c4bb-428f-a8b8-703bef96754c/53965e27-1d1a-4e93-818d-ca119ed8af0b/1280x720/match/348/196/image.jpg?ve=1&tl=1,U.S. News America Together,9-Apr-23
Young Dylan Smith of New York honors a World War II veteran this Veterans Day,https://a57.foxnews.com/cf-images.us-east-1.prod.boltdns.net/v1/static/694940094001/ef92d1b6-53a8-44ef-94ee-6c8e0e6db9f9/0726cba0-50d9-4fd6-a0b0-2956579d854c/1280x720/match/348/196/image.jpg?ve=1&tl=1,U.S. News America Together,9-Apr-23
Kathie Lee Gifford celebrates Veterans Day by remembering her late father: ‘I know how fragile life is’,https://a57.foxnews.com/cf-images.us-east-1.prod.boltdns.net/v1/static/694940094001/f118dc8f-f1d7-44dc-8b4f-0b10db489de4/c5624950-21f4-4b77-9f39-7adc33785779/1280x720/match/348/196/image.jpg?ve=1&tl=1,U.S. News America Together,9-Apr-23
These twin brothers ran 7 marathons in 7 days — here's why,https://a57.foxnews.com/cf-images.us-east-1.prod.boltdns.net/v1/static/694940094001/c5c9019f-e2dc-4daf-a013-804db3cc4635/788002c7-1c11-44fa-a49b-04662d2a3713/1280x720/match/348/196/image.jpg?ve=1&tl=1,U.S. News America Together,9-Apr-23
'Fox & Friends' encourages you to make camo your cause for Veterans Day,https://a57.foxnews.com/cf-images.us-east-1.prod.boltdns.net/v1/static/694940094001/43f8cca0-a977-4590-983c-26525afa3cf0/1196016d-1d3c-40ea-99a8-07aeaed7fc68/1280x720/match/348/196/image.jpg?ve=1&tl=1,U.S. News America Together,9-Apr-23
Travis Manion Foundation hosts Marine Corps Marathon Sunday,https://a57.foxnews.com/cf-images.us-east-1.prod.boltdns.net/v1/static/694940094001/51c2ec5e-aa09-4e2c-a5bb-29ca019cbce7/af2b78a7-4da7-4152-88b0-2cc8f0fbb99b/1280x720/match/348/196/image.jpg?ve=1&tl=1,U.S. News America Together,9-Apr-23
Featured Friend: Joey Jones spends the day with former Navy SEAL Jocko Willink,https://a57.foxnews.com/cf-images.us-east-1.prod.boltdns.net/v1/static/694940094001/3f46c225-5c18-47b0-bc59-0219c6defbb5/564314a1-f4b5-4269-a178-6028eaebdaf1/1280x720/match/348/196/image.jpg?ve=1&tl=1,U.S. News America Together,9-Apr-23
"NYPD, FDNY play baseball in the ‘Never Forget’ Classic",https://a57.foxnews.com/cf-images.us-east-1.prod.boltdns.net/v1/static/694940094001/06068285-8869-4d88-b1bb-02cac66f7f36/546cbcf8-20b6-4c14-95eb-4ab701881bc2/1280x720/match/348/196/image.jpg?ve=1&tl=1,U.S. News America Together,9-Apr-23
Memphis hosts ‘Let’s Finish Liza’s Run’ to honor Eliza Fletcher,https://a57.foxnews.com/cf-images.us-east-1.prod.boltdns.net/v1/static/694940094001/df8e90b6-f738-4b6b-a60a-51f7043ba449/cd62ddfa-0408-465a-8e88-a1ccbd9aafc1/1280x720/match/348/196/image.jpg?ve=1&tl=1,U.S. News America Together,9-Apr-23
Liberal goes viral making friends at a Trump rally: ‘Start the conversation’,https://a57.foxnews.com/cf-images.us-east-1.prod.boltdns.net/v1/static/694940094001/c449b796-81f6-4c25-8b38-6cad9f4e76fc/3e81b8d7-3023-4493-a5fe-646bc8bfa03f/1280x720/match/348/196/image.jpg?ve=1&tl=1,U.S. News America Together,9-Apr-23
Wreaths Across America director: The flag helped us get through 9/11,https://a57.foxnews.com/cf-images.us-east-1.prod.boltdns.net/v1/static/694940094001/d378134b-aa0e-4a64-b96d-795acb0fa182/491b4f51-a294-4db5-8516-a4deb36d2fdb/1280x720/match/348/196/image.jpg?ve=1&tl=1,U.S. News America Together,9-Apr-23
McEnany: Love of country is 'paramount' in politics,https://a57.foxnews.com/cf-images.us-east-1.prod.boltdns.net/v1/static/694940094001/e2dc0c1a-87b8-456a-a700-5dc770789cf5/e2d5f9c5-ca0a-4fb6-9f68-9b1ee47debf4/1280x720/match/348/196/image.jpg?ve=1&tl=1,U.S. News America Together,9-Apr-23
K9 dogs 'can see beyond the flesh': K9 project manager,https://a57.foxnews.com/cf-images.us-east-1.prod.boltdns.net/v1/static/694940094001/23d31541-61d3-41a8-9c64-33a238318afd/260e411d-9e96-43cf-b86a-d94825c56df3/1280x720/match/348/196/image.jpg?ve=1&tl=1,U.S. News America Together,9-Apr-23
Former navy seal: 'America is worth the work',https://a57.foxnews.com/cf-images.us-east-1.prod.boltdns.net/v1/static/694940094001/e90a4acd-e375-4207-815b-fe0213b8ca9b/80594f84-0780-4189-a0f6-5938be7d1665/1280x720/match/348/196/image.jpg?ve=1&tl=1,U.S. News America Together,9-Apr-23
Abby Hornacek visits the historic USS Constitution,https://a57.foxnews.com/cf-images.us-east-1.prod.boltdns.net/v1/static/694940094001/46515c18-3ac1-465d-8461-06f0393ed72a/87a504fc-fb2b-4daf-908f-d646de76b74b/1280x720/match/348/196/image.jpg?ve=1&tl=1,U.S. News America Together,9-Apr-23
"'Our country deserves better': Congressional candidate, air force veteran",https://a57.foxnews.com/cf-images.us-east-1.prod.boltdns.net/v1/static/694940094001/b5df9e8d-70bc-47c3-bc92-9c46b5096be3/dce5ea6c-edb3-44a5-9525-150b4f4e888b/1280x720/match/348/196/image.jpg?ve=1&tl=1,U.S. News America Together,9-Apr-23
Boston Harborfest celebrates July 4th ,https://a57.foxnews.com/cf-images.us-east-1.prod.boltdns.net/v1/static/694940094001/57aa90cf-f7a6-46a1-a927-22e73a41c15e/997e6adb-de86-4e90-be68-0c0654477bfb/1280x720/match/348/196/image.jpg?ve=1&tl=1,U.S. News America Together,9-Apr-23
Abby Hornacek takes part in Boston's patriotic history,https://a57.foxnews.com/cf-images.us-east-1.prod.boltdns.net/v1/static/694940094001/a523a435-f8c6-4c06-a3d8-84009cbc93d5/53500fb3-a152-4c6e-bf69-a234aa414de3/1280x720/match/348/196/image.jpg?ve=1&tl=1,U.S. News America Together,9-Apr-23
Boston Harborfest holds first patriotic pooch parade,https://a57.foxnews.com/cf-images.us-east-1.prod.boltdns.net/v1/static/694940094001/89fb7b67-cda5-44c9-a861-d806da53b5dd/1fdea985-0504-46af-b043-e5630e50bfb3/1280x720/match/348/196/image.jpg?ve=1&tl=1,U.S. News America Together,9-Apr-23
"Ahead of July 4th, Boston celebrates the 249th anniversary of the Boston Tea Party",https://a57.foxnews.com/cf-images.us-east-1.prod.boltdns.net/v1/static/694940094001/2f0f05de-3813-40b7-ba4e-d7fb69a3132c/b1b4b003-d330-47cf-89ff-9415e66e60d1/1280x720/match/348/196/image.jpg?ve=1&tl=1,U.S. News America Together,9-Apr-23
Abby Hornacek re-enacts a piece of American history,https://a57.foxnews.com/cf-images.us-east-1.prod.boltdns.net/v1/static/694940094001/aa5776b2-7e44-4c14-af5e-9bc9550d74e8/d6fc768c-1f4a-4592-8b71-26b5128cf964/1280x720/match/348/196/image.jpg?ve=1&tl=1,U.S. News America Together,9-Apr-23
Nonprofit founder shares mission to serve military: ‘It’s about them',https://a57.foxnews.com/cf-images.us-east-1.prod.boltdns.net/v1/static/694940094001/b286dfba-581d-45ee-ab86-6da2e9789434/6a3b31ad-06fb-457f-9e37-df9c386ce148/1280x720/match/348/196/image.jpg?ve=1&tl=1,U.S. News America Together,9-Apr-23
"To celebrate July 4th, 'Fox & Friends Weekend' co-hosts test their knowledge of America",https://a57.foxnews.com/cf-images.us-east-1.prod.boltdns.net/v1/static/694940094001/bc72b7ad-b053-4ef4-b6f9-e37fcc15f8aa/e658a1e4-0984-470a-85d6-c5d4bfc2c31c/1280x720/match/348/196/image.jpg?ve=1&tl=1,U.S. News America Together,9-Apr-23
Abby Hornacek previews July 4th from Boston,https://a57.foxnews.com/cf-images.us-east-1.prod.boltdns.net/v1/static/694940094001/c763cea4-7c50-4678-a0c0-4481013fd1dc/90c72a2d-6912-4a9e-a222-3d2db2100dd7/1280x720/match/348/196/image.jpg?ve=1&tl=1,U.S. News America Together,9-Apr-23
Resilience and camaraderie are ‘American traits’: Joey Jones,https://a57.foxnews.com/cf-images.us-east-1.prod.boltdns.net/v1/static/694940094001/327ffa03-bf20-4a07-a315-b30c97e5ffd8/5718e328-96b5-4874-8519-1a778c389f70/1280x720/match/348/196/image.jpg?ve=1&tl=1,U.S. News America Together,9-Apr-23
"Ahead of July 4th, Joey Jones says drop in patriotism is ‘an opportunity to fix it’",https://a57.foxnews.com/cf-images.us-east-1.prod.boltdns.net/v1/static/694940094001/d30263a5-8be8-4965-9ec2-edf54b36b0cc/68714298-baf3-46ed-8b6c-a808a5e5acaf/1280x720/match/348/196/image.jpg?ve=1&tl=1,U.S. News America Together,9-Apr-23
"Ahead of Independence Day, America could learn a lesson from West Point: Rep. Womack",https://a57.foxnews.com/cf-images.us-east-1.prod.boltdns.net/v1/static/694940094001/a23b82d9-bac6-4a89-bc1b-d86e258236cc/52e82e67-19cb-42df-ad78-ad67442e6d81/1280x720/match/348/196/image.jpg?ve=1&tl=1,U.S. News America Together,9-Apr-23
July 4th: How to properly fold the American Flag,https://a57.foxnews.com/cf-images.us-east-1.prod.boltdns.net/v1/static/694940094001/ad398c5b-0b5f-4fc7-a55a-8fed7d966b0c/84b8c9b7-835e-44ef-99b7-485681827a1c/1280x720/match/348/196/image.jpg?ve=1&tl=1,U.S. News America Together,9-Apr-23
MLB's lone openly gay former player Billy Bean shares his story ,https://a57.foxnews.com/cf-images.us-east-1.prod.boltdns.net/v1/static/694940094001/7ffeee3d-1af0-4908-aaa6-cdd1f6496de1/ebd6ee68-9d3c-4f7a-804a-a91d7806e316/1280x720/match/348/196/image.jpg?ve=1&tl=1,U.S. News America Together,9-Apr-23
"On abortion ruling, son of Franklin Graham says ‘we prayed for this,’ ‘now its time for the church to stand up’",https://a57.foxnews.com/cf-images.us-east-1.prod.boltdns.net/v1/static/694940094001/486e3ccc-fea4-4605-aac9-a58086918c54/dbfde4a9-7e84-40df-8203-62f727130f24/1280x720/match/348/196/image.jpg?ve=1&tl=1,U.S. News America Together,9-Apr-23
Bryan Llenas profiles the trailblazing career of Maj. Gen. Tammy Smith,https://a57.foxnews.com/cf-images.us-east-1.prod.boltdns.net/v1/static/694940094001/b36539df-ad26-4f53-b1f5-abe8bedd5d07/618c4598-5d80-40aa-bf53-3ae2bc529918/1280x720/match/348/196/image.jpg?ve=1&tl=1,U.S. News America Together,9-Apr-23
"California transgender teen, family hope to be an inspiration to others",https://a57.foxnews.com/cf-images.us-east-1.prod.boltdns.net/v1/static/694940094001/4897e742-fff2-43ed-8b82-4c2e906cae06/a861ebc6-9c4b-4688-9611-e8045e61d1c4/1280x720/match/348/196/image.jpg?ve=1&tl=1,U.S. News America Together,9-Apr-23
AIDS activist Steve Pieters shares his story of healing and hope,https://a57.foxnews.com/cf-images.us-east-1.prod.boltdns.net/v1/static/694940094001/b0ab0067-1a03-4e78-afbd-3a5627e044b4/1085a2b0-c46d-4536-b0cf-54044ddbba1c/1280x720/match/348/196/image.jpg?ve=1&tl=1,U.S. News America Together,9-Apr-23
How NASA astronaut Kjell Lindgren made his space dreams come true,https://a57.foxnews.com/cf-images.us-east-1.prod.boltdns.net/v1/static/694940094001/731f397a-a56f-4eef-8e53-5f3d304f0b12/54b36c35-4aad-4570-8a76-bac0a17dda3c/1280x720/match/348/196/image.jpg?ve=1&tl=1,U.S. News America Together,9-Apr-23
How Deepak Chopra became one of America's first celebrity self-help gurus,https://a57.foxnews.com/cf-images.us-east-1.prod.boltdns.net/v1/static/694940094001/accbaca0-229d-477d-a081-15087db478bb/515f693b-d733-4eba-bf9a-e8f5678049d3/1280x720/match/348/196/image.jpg?ve=1&tl=1,U.S. News America Together,9-Apr-23
Toddler ring bearer steals the show at his parents' wedding,https://a57.foxnews.com/cf-images.us-east-1.prod.boltdns.net/v1/static/694940094001/9ab46d66-acfa-46f0-b3cd-b39bf9654b41/e9dc1241-c5ac-45db-9a6a-2c4d287d2d90/1280x720/match/348/196/image.jpg?ve=1&tl=1,U.S. News America Together,9-Apr-23
Speed skating champion Apolo Ohno shares his inspiring story,https://a57.foxnews.com/cf-images.us-east-1.prod.boltdns.net/v1/static/694940094001/5a2d40ff-8544-4da4-9508-059502b2b4d1/4baacf7f-842d-4252-9d2b-351f7d488e41/1280x720/match/348/196/image.jpg?ve=1&tl=1,U.S. News America Together,9-Apr-23
Nebraska teen accepted to all 5 US military academies,https://a57.foxnews.com/cf-images.us-east-1.prod.boltdns.net/v1/static/694940094001/6f72635e-4ac1-4492-8831-c43dd05cf7b1/17f749aa-6d53-4bb0-82bf-8b23b52c50d6/1280x720/match/348/196/image.jpg?ve=1&tl=1,U.S. News America Together,9-Apr-23
Utah sanitation worker folds American flag found in the trash,https://a57.foxnews.com/cf-images.us-east-1.prod.boltdns.net/v1/static/694940094001/1259dac6-e0cf-42a3-8b74-380daf2d7c07/4e4582df-89b2-4d96-96aa-406dd266f036/1280x720/match/348/196/image.jpg?ve=1&tl=1,U.S. News America Together,9-Apr-23
Celebrating Women’s History Month with Betty Reid Soskin,https://a57.foxnews.com/cf-images.us-east-1.prod.boltdns.net/v1/static/694940094001/5a4575c1-32a3-42f4-8a70-f02312571e6c/16a7147e-4d8c-4e25-bca6-965b2cd4c669/1280x720/match/348/196/image.jpg?ve=1&tl=1,U.S. News America Together,9-Apr-23
Honoring Women's History Month: Condoleezza Rice,https://a57.foxnews.com/cf-images.us-east-1.prod.boltdns.net/v1/static/694940094001/b7bbf049-e680-4e1f-982f-e70638d975d9/07aa92e5-111a-4dbd-93c3-122bc8d704a3/1280x720/match/348/196/image.jpg?ve=1&tl=1,U.S. News America Together,9-Apr-23
African American History Museum opens new exhibits in honor of Black History Month,https://a57.foxnews.com/cf-images.us-east-1.prod.boltdns.net/v1/static/694940094001/ddacd348-f1e2-41bc-ad50-e1a33cc4d739/9b8b0e28-b873-436d-9e0a-8841557167c5/1280x720/match/348/196/image.jpg?ve=1&tl=1,U.S. News America Together,9-Apr-23
Black History Month spotlight: Super Soaker inventor Dr. Lonnie Johnson,https://a57.foxnews.com/cf-images.us-east-1.prod.boltdns.net/v1/static/694940094001/308d0235-a903-4c75-b085-ea6bdfa805c8/0ad8cd10-bf39-41c1-a529-f457cbbe4ab2/1280x720/match/348/196/image.jpg?ve=1&tl=1,U.S. News America Together,9-Apr-23
Charity 'Soldiers' Angels' sends Valentines to US troops,https://a57.foxnews.com/cf-images.us-east-1.prod.boltdns.net/v1/static/694940094001/3e8a4ac2-4838-49ed-a94f-51a0c7595952/bda9a43c-9db6-482e-a1b5-c91be2e48d72/1280x720/match/348/196/image.jpg?ve=1&tl=1,U.S. News America Together,9-Apr-23
Firefighters run races in full gear to remember fallen heroes ,https://a57.foxnews.com/cf-images.us-east-1.prod.boltdns.net/v1/static/694940094001/9680e709-be13-4a1d-8472-59797e6320bd/1580e76e-fdd8-4ff0-964d-7bd35b92a7fd/1280x720/match/348/196/image.jpg?ve=1&tl=1,U.S. News America Together,9-Apr-23
NJ students building home in school parking lot for family in need,https://a57.foxnews.com/cf-images.us-east-1.prod.boltdns.net/v1/static/694940094001/1ff9c211-8f8a-4735-90cb-87eb3215f4d3/f6808e13-1f44-4ea8-97a5-bb1f16e8bff7/1280x720/match/348/196/image.jpg?ve=1&tl=1,U.S. News America Together,9-Apr-23
Charity hosts clothing drive for MLK Day,https://a57.foxnews.com/cf-images.us-east-1.prod.boltdns.net/v1/static/694940094001/5e90c272-f1df-4bbc-b10f-cd9b7c35c63e/ecff8d6c-2fe0-46ad-82b2-3360229085c3/1280x720/match/348/196/image.jpg?ve=1&tl=1,U.S. News America Together,9-Apr-23