﻿Title,Image,Section,Date
Study reveals how life survived on ‘Snowball Earth’,https://a57.foxnews.com/static.foxnews.com/foxnews.com/content/uploads/2023/04/348/196/ice.jpg?ve=1&tl=1,U.S. News AP,9-Apr-23
New exhibit in Mexico City celebrates discovery of Mexica lunar goddess monolith,https://a57.foxnews.com/static.foxnews.com/foxnews.com/content/uploads/2023/04/348/196/monolith.jpg?ve=1&tl=1,U.S. News AP,9-Apr-23
"Arkansas Legislature approves $6.2B budget plan, sentencing overhaul",https://a57.foxnews.com/static.foxnews.com/foxnews.com/content/uploads/2023/04/348/196/arkansas_budget.jpg?ve=1&tl=1,U.S. News AP,9-Apr-23
Over 100K Canadians without power after brutal ice storm,https://a57.foxnews.com/static.foxnews.com/foxnews.com/content/uploads/2023/04/348/196/canada_ice_storm.jpg?ve=1&tl=1,U.S. News AP,9-Apr-23
Wisconsin DNR releases 3.5K public comments on wolf management plan,https://a57.foxnews.com/static.foxnews.com/foxnews.com/content/uploads/2023/02/348/196/AP23059579287029.jpg?ve=1&tl=1,U.S. News AP,9-Apr-23
Man charged with killing 4 Maine Maritime students in fiery December car crash,https://a57.foxnews.com/static.foxnews.com/foxnews.com/content/uploads/2022/12/348/196/Maine-Maritime-Academy-Students-2.png?ve=1&tl=1,U.S. News AP,9-Apr-23
Feds say railroads must re-examine train assembly amid derailment surge,https://a57.foxnews.com/static.foxnews.com/foxnews.com/content/uploads/2023/02/348/196/GettyImages-1246796207.jpg?ve=1&tl=1,U.S. News AP,9-Apr-23
Explosion reported at Iraqi airport at center of Kurdish conflict,https://a57.foxnews.com/static.foxnews.com/foxnews.com/content/uploads/2023/04/348/196/DOTCOM_STATE_COUNTRY_NEWS_MIDDLE_EAST.png?ve=1&tl=1,U.S. News AP,9-Apr-23
"'Medical issue' diverted Atlanta-bound Delta flight to OKC, airline says",https://a57.foxnews.com/static.foxnews.com/foxnews.com/content/uploads/2021/12/348/196/GettyImages-1350840482.jpg?ve=1&tl=1,U.S. News AP,9-Apr-23
Washington regulators shut down pot businesses over DDT concerns,https://a57.foxnews.com/static.foxnews.com/foxnews.com/content/uploads/2018/09/348/196/98049953.jpg?ve=1&tl=1,U.S. News AP,9-Apr-23
3 killed in Northern Italy after car crashes into farm silo,https://a57.foxnews.com/static.foxnews.com/foxnews.com/content/uploads/2023/01/348/196/533e90d0-DOTCOM_STATE_COUNTRY_NEWS_EUROPE.png?ve=1&tl=1,U.S. News AP,9-Apr-23
Judge cancels Montana gas plant's permit over climate concerns,https://a57.foxnews.com/static.foxnews.com/foxnews.com/content/uploads/2023/04/348/196/montana_gas_plant.jpg?ve=1&tl=1,U.S. News AP,9-Apr-23
Utah 3rd grader resists kidnapping attempt outside her school,https://a57.foxnews.com/static.foxnews.com/foxnews.com/content/uploads/2022/06/348/196/ALL_CUSTOM_FS_LOCAL_NEWS_UT_GENERAL.png?ve=1&tl=1,U.S. News AP,9-Apr-23
West Virginia regulators to hear proposal that would keep power plant open past closing date,https://a57.foxnews.com/static.foxnews.com/foxnews.com/content/uploads/2022/06/348/196/ALL_CUSTOM_FS_LOCAL_NEWS_WV_GENERAL.png?ve=1&tl=1,U.S. News AP,9-Apr-23
"11 injured, 20 displaced in Detroit apartment building fire",https://a57.foxnews.com/static.foxnews.com/foxnews.com/content/uploads/2023/04/348/196/detroit_apartment_fire.jpg?ve=1&tl=1,U.S. News AP,9-Apr-23
CA police seeking arson suspect responsible for damaging LA police station,https://a57.foxnews.com/static.foxnews.com/foxnews.com/content/uploads/2022/06/348/196/ALL_CUSTOM_FS_LOCAL_NEWS_CA_CRIME.png?ve=1&tl=1,U.S. News AP,9-Apr-23
"Wisconsin probation program struggles to monitor, rehabilitate offenders, audit finds",https://a57.foxnews.com/static.foxnews.com/foxnews.com/content/uploads/2022/06/348/196/ALL_CUSTOM_FS_LOCAL_NEWS_WI_GENERAL.png?ve=1&tl=1,U.S. News AP,9-Apr-23
Threatened fish designated 524 miles of habitat in Mississippi,https://a57.foxnews.com/static.foxnews.com/foxnews.com/content/uploads/2022/06/348/196/ALL_CUSTOM_FS_LOCAL_NEWS_MS_GENERAL.png?ve=1&tl=1,U.S. News AP,9-Apr-23
"12-year-old, teenager charged in murders of 3 teens in Florida",https://a57.foxnews.com/static.foxnews.com/foxnews.com/content/uploads/2022/06/348/196/ALL_CUSTOM_FS_LOCAL_NEWS_FL_GENERAL.png?ve=1&tl=1,U.S. News AP,9-Apr-23
Kentucky man convicted of 2015 murder of pregnant girlfriend in Indiana,https://a57.foxnews.com/static.foxnews.com/foxnews.com/content/uploads/2022/06/348/196/ALL_CUSTOM_FS_LOCAL_NEWS_IN_GENERAL.png?ve=1&tl=1,U.S. News AP,9-Apr-23
Driver briefly dragged trooper while fleeing 2-state police chase,https://a57.foxnews.com/static.foxnews.com/foxnews.com/content/uploads/2022/06/348/196/ALL_CUSTOM_FS_LOCAL_NEWS_NH_GENERAL-1.png?ve=1&tl=1,U.S. News AP,9-Apr-23
3 arrested in connection with deadly OKC biker gang shootout,https://a57.foxnews.com/static.foxnews.com/foxnews.com/content/uploads/2023/04/348/196/Whiskey-Barrel-Oberholtzer-inset.jpg?ve=1&tl=1,U.S. News AP,9-Apr-23
Lawsuit challenges commission districts in Alabama's largest county,https://a57.foxnews.com/static.foxnews.com/foxnews.com/content/uploads/2022/06/348/196/ALL_CUSTOM_FS_LOCAL_NEWS_AL_GENERAL.png?ve=1&tl=1,U.S. News AP,9-Apr-23
Texas man pleads guilty to arson attack on Austin synagogue,https://a57.foxnews.com/static.foxnews.com/foxnews.com/content/uploads/2022/06/348/196/ALL_CUSTOM_FS_LOCAL_NEWS_TX_GENERAL.png?ve=1&tl=1,U.S. News AP,9-Apr-23
Missouri police fatally shoot man while responding to convenience store theft,https://a57.foxnews.com/static.foxnews.com/foxnews.com/content/uploads/2022/06/348/196/ALL_CUSTOM_FS_LOCAL_NEWS_MO_GENERAL.png?ve=1&tl=1,U.S. News AP,9-Apr-23
Santa Fe judge facing DWI charges now suspended without pay,https://a57.foxnews.com/static.foxnews.com/foxnews.com/content/uploads/2022/06/348/196/ALL_CUSTOM_FS_LOCAL_NEWS_NM_GENERAL.png?ve=1&tl=1,U.S. News AP,9-Apr-23
Maine man with alleged ISIS sympathies pleads guilty to planning attack on mosque,https://a57.foxnews.com/static.foxnews.com/foxnews.com/content/uploads/2022/06/348/196/ALL_CUSTOM_FS_LOCAL_NEWS_ME_GENERAL.png?ve=1&tl=1,U.S. News AP,9-Apr-23
6 men given life sentences in Congo for killing of Italian ambassador,https://a57.foxnews.com/static.foxnews.com/foxnews.com/content/uploads/2023/01/348/196/DOTCOM_STATE_COUNTRY_NEWS_AFRICA.png?ve=1&tl=1,U.S. News AP,9-Apr-23
Former Belarusian opposition leader gets 17-year sentence in absentia,https://a57.foxnews.com/static.foxnews.com/foxnews.com/content/uploads/2023/02/348/196/GettyImages-1247181091-e1676553883623.jpg?ve=1&tl=1,U.S. News AP,9-Apr-23
US probes crash involving Tesla that hit student exiting school bus,https://a57.foxnews.com/static.foxnews.com/foxnews.com/content/uploads/2023/04/348/196/Telsa.jpg?ve=1&tl=1,U.S. News AP,9-Apr-23
"Minnesota moose population drops, but remains stable overall",https://a57.foxnews.com/static.foxnews.com/foxnews.com/content/uploads/2022/05/348/196/20061009-Moose-Pic.jpg?ve=1&tl=1,U.S. News AP,9-Apr-23
"Body found in Lake Erie identified, reviving 1980 cold case",https://a57.foxnews.com/static.foxnews.com/foxnews.com/content/uploads/2022/06/348/196/ALL_CUSTOM_FS_LOCAL_NEWS_OH_GENERAL.png?ve=1&tl=1,U.S. News AP,9-Apr-23
"Colorado victim found in concrete grave was killed by friend, alleged partner in crime",https://a57.foxnews.com/static.foxnews.com/foxnews.com/content/uploads/2022/06/348/196/ALL_CUSTOM_FS_LOCAL_NEWS_CO_GENERAL.png?ve=1&tl=1,U.S. News AP,9-Apr-23
Wisconsin Gov. Evers pardons 159 low-level offenders,https://a57.foxnews.com/static.foxnews.com/foxnews.com/content/uploads/2022/12/348/196/Wisconsin-Gov-Tony-evers-train.jpg?ve=1&tl=1,U.S. News AP,9-Apr-23
"North Carolina House budget approved, now heads to Senate",https://a57.foxnews.com/static.foxnews.com/foxnews.com/content/uploads/2022/06/348/196/ALL_CUSTOM_FS_LOCAL_NEWS_NC_GENERAL.png?ve=1&tl=1,U.S. News AP,9-Apr-23
"AZ Native American tribe, US officials reach deal to save Colorado River water",https://a57.foxnews.com/static.foxnews.com/foxnews.com/content/uploads/2023/04/348/196/Colorado.jpg?ve=1&tl=1,U.S. News AP,9-Apr-23
GOP gubernatorial candidate Keck proposes using sports betting revenue for school safety,https://a57.foxnews.com/static.foxnews.com/foxnews.com/content/uploads/2022/06/348/196/ALL_CUSTOM_FS_LOCAL_NEWS_KY_GENERAL.png?ve=1&tl=1,U.S. News AP,9-Apr-23
"Utah ski resort confirms no casualties, injuries from avalanche",https://a57.foxnews.com/static.foxnews.com/foxnews.com/content/uploads/2022/06/348/196/ALL_CUSTOM_FS_LOCAL_NEWS_UT_GENERAL.png?ve=1&tl=1,U.S. News AP,9-Apr-23
Los Angeles residential fire displaces more than 2 dozen people,https://a57.foxnews.com/static.foxnews.com/foxnews.com/content/uploads/2022/06/348/196/ALL_CUSTOM_FS_LOCAL_NEWS_CA_GENERAL.png?ve=1&tl=1,U.S. News AP,9-Apr-23
South Carolina House approves tax cut on feminine hygiene items,https://a57.foxnews.com/static.foxnews.com/foxnews.com/content/uploads/2022/06/348/196/ALL_CUSTOM_FS_LOCAL_NEWS_SC_GENERAL.png?ve=1&tl=1,U.S. News AP,9-Apr-23
Republican lawmakers in Delaware push back against electric-vehicle mandate,https://a57.foxnews.com/static.foxnews.com/foxnews.com/content/uploads/2022/06/348/196/ALL_CUSTOM_FS_LOCAL_NEWS_DE_GENERAL-1.png?ve=1&tl=1,U.S. News AP,9-Apr-23
"Filipinos nailed to crosses in reenactment of Christ’s crucifiction, despite Church's objection",https://a57.foxnews.com/static.foxnews.com/foxnews.com/content/uploads/2023/04/348/196/eb419fa9-filipino.jpg?ve=1&tl=1,U.S. News AP,9-Apr-23
"South Korea, Japan, US call for more support to curb North Korea’s growing nuclear arsenal",https://a57.foxnews.com/static.foxnews.com/foxnews.com/content/uploads/2023/04/348/196/b105e0e0-asia.jpg?ve=1&tl=1,U.S. News AP,9-Apr-23
200 firefighters in Mexico City battle huge blaze at wholesale market,https://a57.foxnews.com/static.foxnews.com/foxnews.com/content/uploads/2023/04/348/196/fire-4.jpg?ve=1&tl=1,U.S. News AP,9-Apr-23
19 Japanese men detained in Cambodia for cybercrime scam set to be deported to their homeland,https://a57.foxnews.com/static.foxnews.com/foxnews.com/content/uploads/2023/01/348/196/DOTCOM_STATE_COUNTRY_NEWS_ASIA.png?ve=1&tl=1,U.S. News AP,9-Apr-23
"Russia may pull out of wartime deal to allow export of Ukrainian grain to global markets, diplomat says",https://a57.foxnews.com/static.foxnews.com/foxnews.com/content/uploads/2023/04/348/196/AP23097429401713.jpg?ve=1&tl=1,U.S. News AP,9-Apr-23
Lawsuit challenges Virginia Gov. Youngkin’s process of deciding which felons can get voting rights back,https://a57.foxnews.com/static.foxnews.com/foxnews.com/content/uploads/2023/04/348/196/youngkin.jpg?ve=1&tl=1,U.S. News AP,9-Apr-23
"Kansas Legislature passes abortion pill plan, lawmakers expect Gov. Laura Kelly to veto",https://a57.foxnews.com/static.foxnews.com/foxnews.com/content/uploads/2023/04/348/196/AP23097465568704-1.jpg?ve=1&tl=1,U.S. News AP,9-Apr-23
New Hampshire group proposes 1st offshore fish farming in the East Coast,https://a57.foxnews.com/static.foxnews.com/foxnews.com/content/uploads/2023/04/348/196/fishing.jpg?ve=1&tl=1,U.S. News AP,9-Apr-23
Virginia scientists discover graves of 3 men who belonged to one of the nation’s oldest Black churches,https://a57.foxnews.com/static.foxnews.com/foxnews.com/content/uploads/2023/04/348/196/site.jpg?ve=1&tl=1,U.S. News AP,9-Apr-23
Over 60 asylum-seeking Chinese Christian church members en route to US after being detained in Thailand,https://a57.foxnews.com/static.foxnews.com/foxnews.com/content/uploads/2023/04/348/196/AP23095409347537.jpg?ve=1&tl=1,U.S. News AP,9-Apr-23
"Chinese man sentenced to 9 years for abusing, unlawfully detaining a woman in viral video",https://a57.foxnews.com/static.foxnews.com/foxnews.com/content/uploads/2023/02/348/196/DOTCOM_STATE_COUNTRY_NEWS_GEN_CHINA.png?ve=1&tl=1,U.S. News AP,9-Apr-23
Afghan women-run radio station resumes broadcasts after being shut down,https://a57.foxnews.com/static.foxnews.com/foxnews.com/content/uploads/2023/04/348/196/AP23091567990214-1.jpg?ve=1&tl=1,U.S. News AP,9-Apr-23
Salmon fishing banned for much of the West Coast as population declines dramatically,https://a57.foxnews.com/static.foxnews.com/foxnews.com/content/uploads/2023/04/348/196/boat-inside.jpg?ve=1&tl=1,U.S. News AP,9-Apr-23
Maryland lawmakers approve giving AG power to bring criminal charges against cops,https://a57.foxnews.com/static.foxnews.com/foxnews.com/content/uploads/2023/04/348/196/md-lawmaker.jpg?ve=1&tl=1,U.S. News AP,9-Apr-23
"Kentucky man arrested after 3 people, 2 dogs found dead in home",https://a57.foxnews.com/static.foxnews.com/foxnews.com/content/uploads/2022/06/348/196/ALL_CUSTOM_FS_LOCAL_NEWS_KY_GENERAL.png?ve=1&tl=1,U.S. News AP,9-Apr-23
Dog walker dies after 3 tornados hit Kentucky,https://a57.foxnews.com/static.foxnews.com/foxnews.com/content/uploads/2022/06/348/196/ALL_CUSTOM_FS_LOCAL_NEWS_KY_GENERAL.png?ve=1&tl=1,U.S. News AP,9-Apr-23
Thousands of Catholics make trek to New Mexico’s historic church,https://a57.foxnews.com/static.foxnews.com/foxnews.com/content/uploads/2023/04/348/196/church-4.jpg?ve=1&tl=1,U.S. News AP,9-Apr-23
"Greek far-right party looking to participate in upcoming election, names new leader",https://a57.foxnews.com/static.foxnews.com/foxnews.com/content/uploads/2023/04/348/196/AP23097309164746.jpg?ve=1&tl=1,U.S. News AP,9-Apr-23
Former Italian Premier Silvio Berlusconi says he'll 'once again' recover following leukemia diagnosis,https://a57.foxnews.com/static.foxnews.com/foxnews.com/content/uploads/2023/04/348/196/AP23096523824179.jpg?ve=1&tl=1,U.S. News AP,9-Apr-23