﻿Title,Image,Section,Date
"ADHD numbers climbing dramatically in the U.S., especially among women, says new study",https://a57.foxnews.com/static.foxnews.com/foxnews.com/content/uploads/2023/01/348/196/1-WOMAN-FRUSTRATED-AT-LAPTOP.jpg?ve=1&tl=1,Health,9-Apr-23
"Drinking a little alcohol every day won’t help you live longer, says new study",https://a57.foxnews.com/static.foxnews.com/foxnews.com/content/uploads/2023/04/348/196/woman-sipping-wine.jpg?ve=1&tl=1,Health,9-Apr-23
Teenager is primary caregiver for New Mexico mom with MS: 'We're a team',https://a57.foxnews.com/static.foxnews.com/foxnews.com/content/uploads/2023/04/348/196/Alison-Tylor-Lopez-split.jpg?ve=1&tl=1,Health,9-Apr-23
'UNSUSTAINABLE' SITUATION: Staffing shortages force another Northwest hospital to stop delivering babies,https://a57.foxnews.com/static.foxnews.com/foxnews.com/content/uploads/2023/04/348/196/maternity-baby-getty.jpg?ve=1&tl=1,Health,9-Apr-23
"Rabies patient becomes first fatal case in US after post-exposure treatment, report says",https://a57.foxnews.com/static.foxnews.com/foxnews.com/content/uploads/2021/11/348/196/Doctor-Patient.jpg?ve=1&tl=1,Health,9-Apr-23
Be well: Eat walnuts every day for a healthy gut and healthy heart,https://a57.foxnews.com/static.foxnews.com/foxnews.com/content/uploads/2023/04/348/196/walnut-split.jpg?ve=1&tl=1,Health,9-Apr-23
"Can heart failure risk show up on a smartwatch? It's possible, study says",https://a57.foxnews.com/static.foxnews.com/foxnews.com/content/uploads/2023/04/348/196/woman-heart-rate-smartwatch.jpg?ve=1&tl=1,Health,9-Apr-23
"Mom with MS leans on her son, a teenager, for caregiving",https://a57.foxnews.com/static.foxnews.com/foxnews.com/content/uploads/2023/04/348/196/Alison-Tylor-Lopez-split.jpg?ve=1&tl=1,Health,9-Apr-23
COVID vaccine nasal spray shows strong immune response in study: 'Could be a game changer',https://a57.foxnews.com/static.foxnews.com/foxnews.com/content/uploads/2023/04/348/196/nasal.jpg?ve=1&tl=1,Health,9-Apr-23
"AI tool shows promising ability to detect genetic mutations, cancer earlier than humans",https://a57.foxnews.com/cf-images.us-east-1.prod.boltdns.net/v1/static/694940094001/261ac465-91ec-412f-a65b-b1be2304f40d/764ae98e-8c91-4ac5-82d9-a98aa578e2ac/1280x720/match/348/196/image.jpg?ve=1&tl=1,Health,9-Apr-23
Hit series 'The Last of Us' puts spotlight on possible fungal pandemic,https://a57.foxnews.com/cf-images.us-east-1.prod.boltdns.net/v1/static/694940094001/eade8222-9594-43a3-8f02-208c1bd3281a/706cb042-99c3-4acf-842d-5c53c83085c7/1280x720/match/348/196/image.jpg?ve=1&tl=1,Health,9-Apr-23
"AI testing of brain tumors can detect genetic cancer markers in less than 90 seconds, study finds",https://a57.foxnews.com/static.foxnews.com/foxnews.com/content/uploads/2023/04/348/196/brain-surgery-3d-AI.jpg?ve=1&tl=1,Health,9-Apr-23
Sen. John Fetterman breaks silence after 6-week treatment for depression,https://a57.foxnews.com/cf-images.us-east-1.prod.boltdns.net/v1/static/694940094001/3a9c9838-cc16-4837-8858-1fad639cccfc/45e80624-fab2-415a-9501-74dce564037f/1280x720/match/348/196/image.jpg?ve=1&tl=1,Health,9-Apr-23
Weight loss medications Ozempic and Wegovy: What to know before you stop taking them,https://a57.foxnews.com/static.foxnews.com/foxnews.com/content/uploads/2023/03/348/196/Arden-split.jpg?ve=1&tl=1,Health,9-Apr-23
All about World Autism Awareness Day: What it is and how to celebrate,https://a57.foxnews.com/static.foxnews.com/foxnews.com/content/uploads/2023/03/348/196/Autism-Puzzle.jpg?ve=1&tl=1,Health,9-Apr-23
CDC warns of Marburg virus outbreak in Africa,https://a57.foxnews.com/cf-images.us-east-1.prod.boltdns.net/v1/static/694940094001/af94347f-c37d-46ce-93b4-2865709b9ad0/02510495-d61d-4902-ad21-f8dfd65a42c6/1280x720/match/348/196/image.jpg?ve=1&tl=1,Health,9-Apr-23
"Heart disease risk could be affected by one surprising factor, new study finds",https://a57.foxnews.com/static.foxnews.com/foxnews.com/content/uploads/2023/04/348/196/image-of-heart.jpg?ve=1&tl=1,Health,9-Apr-23
CDC warns of Marburg virus after deadly Africa outbreak,https://a57.foxnews.com/static.foxnews.com/foxnews.com/content/uploads/2023/04/348/196/Video.jpg?ve=1&tl=1,Health,9-Apr-23
CDC scientists spearhead project to track Marburg virus on bats,https://a57.foxnews.com/cf-images.us-east-1.prod.boltdns.net/v1/static/694940094001/ea861392-4ab9-4ee1-9908-cf83eb341750/c38532c1-e763-499a-8ad0-2f83f9c92f03/1280x720/match/348/196/image.jpg?ve=1&tl=1,Health,9-Apr-23
"Heart disease, the silent killer: Study shows it can strike without symptoms",https://a57.foxnews.com/static.foxnews.com/foxnews.com/content/uploads/2022/12/348/196/iStock-1067109326.jpg?ve=1&tl=1,Health,9-Apr-23
WHO considers adding obesity drugs on its ‘essential medicines’ list,https://a57.foxnews.com/static.foxnews.com/foxnews.com/content/uploads/2023/03/348/196/obesity.jpg?ve=1&tl=1,Health,9-Apr-23
"WHO updates COVID vaccine recommendations, deems healthy kids a low priority",https://a57.foxnews.com/cf-images.us-east-1.prod.boltdns.net/v1/static/694940094001/21458a00-a541-4e0a-9d07-b0cd854ee019/c76fe04c-e61c-47b9-a976-cd405f87f219/1280x720/match/348/196/image.jpg?ve=1&tl=1,Health,9-Apr-23
This man claims Parkinson's disease symptoms disappeared with exercise: Here's why,https://a57.foxnews.com/static.foxnews.com/foxnews.com/content/uploads/2023/03/348/196/7b9b1f73-scott-hanley-split.jpg?ve=1&tl=1,Health,9-Apr-23
WHO releases new COVID vaccine guidance,https://a57.foxnews.com/cf-images.us-east-1.prod.boltdns.net/v1/static/694940094001/8f7786a2-9594-4969-92ee-0ec6ff7bb856/c281512f-ebfb-4a41-b9df-4a0a3fbd54f6/1280x720/match/348/196/image.jpg?ve=1&tl=1,Health,9-Apr-23
"WHO's new guidance says healthy children, teens may not need COVID vaccines",https://a57.foxnews.com/cf-images.us-east-1.prod.boltdns.net/v1/static/694940094001/5edd86d1-ce1a-4a9b-8393-ef03be78b47c/3d844f3f-acab-450a-a9a3-c7754a4cebf1/1280x720/match/348/196/image.jpg?ve=1&tl=1,Health,9-Apr-23
COVID vaccine fatigue: Study explores why many are refusing booster shots,https://a57.foxnews.com/static.foxnews.com/foxnews.com/content/uploads/2023/03/348/196/no-vaccine-sign.jpg?ve=1&tl=1,Health,9-Apr-23
"COVID vaccines are not needed for healthy kids and teens, says World Health Organization",https://a57.foxnews.com/static.foxnews.com/foxnews.com/content/uploads/2023/03/348/196/toddler-vaccine.jpg?ve=1&tl=1,Health,9-Apr-23
"Parkinson's disease symptoms disappeared with exercise, man claims: ‘Use it or lose it’",https://a57.foxnews.com/static.foxnews.com/foxnews.com/content/uploads/2023/03/348/196/7b9b1f73-scott-hanley-split.jpg?ve=1&tl=1,Health,9-Apr-23
"New breast cancer gene can predict likelihood of hereditary disease, study finds",https://a57.foxnews.com/static.foxnews.com/foxnews.com/content/uploads/2023/03/348/196/breast-cancer-testing.jpg?ve=1&tl=1,Health,9-Apr-23
Doctors in training are unionizing in record numbers today: Here's what they want,https://a57.foxnews.com/static.foxnews.com/foxnews.com/content/uploads/2022/12/348/196/iStock-1189303727.jpg?ve=1&tl=1,Health,9-Apr-23
Anti-addiction drug buprenorphine may cut risk of future fatal overdose by 62%: study,https://a57.foxnews.com/static.foxnews.com/foxnews.com/content/uploads/2023/03/348/196/buprenorphine.jpg?ve=1&tl=1,Health,9-Apr-23
Dr. Marc Siegel: We need to know what doctors knew about Nashville shooting suspect's mental health,https://a57.foxnews.com/cf-images.us-east-1.prod.boltdns.net/v1/static/694940094001/48ed6399-29e4-4473-8932-b1321eb7a4ef/898c0132-eabb-47d6-9d18-cbfba1245918/1280x720/match/348/196/image.jpg?ve=1&tl=1,Health,9-Apr-23
"Pregnant women in New Jersey ate poppy seeds, then tested positive for opioid drug use: 'Extremely stressful'",https://a57.foxnews.com/static.foxnews.com/foxnews.com/content/uploads/2023/03/348/196/pregnant-woman-doctor.jpg?ve=1&tl=1,Health,9-Apr-23
Utah enacts 'social media curfew' for children,https://a57.foxnews.com/cf-images.us-east-1.prod.boltdns.net/v1/static/694940094001/3ada3a3b-b40c-488e-aca4-7e5f3c66a699/f9634989-57f7-454d-8514-23f84fb702df/1280x720/match/348/196/image.jpg?ve=1&tl=1,Health,9-Apr-23
Life-changing cold therapy helps Pennsylvania mom with awful back pain: 'Could pick up my daughter' again,https://a57.foxnews.com/static.foxnews.com/foxnews.com/content/uploads/2023/03/348/196/dannie-daughter-ice.jpg?ve=1&tl=1,Health,9-Apr-23
Be well: Take a walk outside to boost your mental health,https://a57.foxnews.com/static.foxnews.com/foxnews.com/content/uploads/2023/03/348/196/woman-walking.jpg?ve=1&tl=1,Health,9-Apr-23
"Sniffing body odor from sweat could reduce social anxiety, new research suggests",https://a57.foxnews.com/static.foxnews.com/foxnews.com/content/uploads/2023/03/348/196/armpit-sweat.jpg?ve=1&tl=1,Health,9-Apr-23
Why antibiotics may not help patients survive their viral infections: new research,https://a57.foxnews.com/static.foxnews.com/foxnews.com/content/uploads/2018/11/348/196/hospital_bracelet_istock.jpg?ve=1&tl=1,Health,9-Apr-23
Eye drop bacterial contamination 'could have happened anywhere' — here's how to protect against it,https://a57.foxnews.com/static.foxnews.com/foxnews.com/content/uploads/2021/09/348/196/dry-eyes.jpg?ve=1&tl=1,Health,9-Apr-23
California sea otters killed by rare parasite that could also threaten humans,https://a57.foxnews.com/static.foxnews.com/foxnews.com/content/uploads/2023/03/348/196/seaotters2.jpg?ve=1&tl=1,Health,9-Apr-23
"Autism rates in kids on the rise, especially among minorities: CDC",https://a57.foxnews.com/static.foxnews.com/foxnews.com/content/uploads/2023/03/348/196/California-High-School-Students.jpg?ve=1&tl=1,Health,9-Apr-23
Dr. James Kelly shares advice on drug-resistant bacteria linked to eye drops,https://a57.foxnews.com/cf-images.us-east-1.prod.boltdns.net/v1/static/694940094001/63b3e85f-eea8-4b41-8ac3-2acee2d5876c/c4104416-c926-450a-87f7-b010b2636870/1280x720/match/348/196/image.jpg?ve=1&tl=1,Health,9-Apr-23
"Early Alzheimer’s disease could be diagnosed through eye exams, new study suggests",https://a57.foxnews.com/static.foxnews.com/foxnews.com/content/uploads/2021/03/348/196/iStock-108220711.jpg?ve=1&tl=1,Health,9-Apr-23
Aaron Sorkin reveals recent stroke diagnosis to inspire smokers to quit: Symptoms to know,https://a57.foxnews.com/static.foxnews.com/foxnews.com/content/uploads/2018/09/348/196/833a1ed0-AaronSorkin.jpg?ve=1&tl=1,Health,9-Apr-23
"Ohio woman pushes past breast cancer, won't let diagnosis slow her down",https://a57.foxnews.com/static.foxnews.com/foxnews.com/content/uploads/2023/03/348/196/Erin-queen-bee-finish.jpeg?ve=1&tl=1,Health,9-Apr-23
OB-GYN sounds alarm on 'widespread' misinformation in recent TikTok trend,https://a57.foxnews.com/cf-images.us-east-1.prod.boltdns.net/v1/static/694940094001/b50da579-2ade-457b-b6c4-4eaef20684d9/fd8cdf3d-99da-4eeb-b0a2-038d0687f694/1280x720/match/348/196/image.jpg?ve=1&tl=1,Health,9-Apr-23
"Meat contaminated with E. coli could cause half a million urinary tract infections each year, study finds",https://a57.foxnews.com/static.foxnews.com/foxnews.com/content/uploads/2023/03/348/196/contaminated-meat.jpg?ve=1&tl=1,Health,9-Apr-23
"Boosting caffeine intake could reduce diabetes risk, study finds",https://a57.foxnews.com/static.foxnews.com/foxnews.com/content/uploads/2018/09/348/196/coffee2istock.jpg?ve=1&tl=1,Health,9-Apr-23
"Eyedrops tainted with drug-resistant bacteria linked to 2 more deaths, additional vision loss cases",https://a57.foxnews.com/static.foxnews.com/foxnews.com/content/uploads/2023/03/348/196/bacteria.jpg?ve=1&tl=1,Health,9-Apr-23
"For peanut allergy prevention, study suggests babies can be fed diluted peanut butter at early age",https://a57.foxnews.com/static.foxnews.com/foxnews.com/content/uploads/2023/03/348/196/feeding-baby-in-highchair.jpg?ve=1&tl=1,Health,9-Apr-23
DNA from Beethoven's hair reveals new details into his cause of death over a century later: study,https://a57.foxnews.com/static.foxnews.com/foxnews.com/content/uploads/2023/03/348/196/Beethoven-thumbnail.jpg?ve=1&tl=1,Health,9-Apr-23
Frightening new fungus 'candida auris': What is it? Who is susceptible?,https://a57.foxnews.com/static.foxnews.com/foxnews.com/content/uploads/2022/10/348/196/FUNGAL-1.jpg?ve=1&tl=1,Health,9-Apr-23
Hormonal birth control raises breast cancer risk slightly: study,https://a57.foxnews.com/static.foxnews.com/foxnews.com/content/uploads/2023/03/348/196/BC2.jpg?ve=1&tl=1,Health,9-Apr-23
Fentanyl is even deadlier when mixed with xylazine (or 'tranq'): What you must know now,https://a57.foxnews.com/static.foxnews.com/foxnews.com/content/uploads/2023/03/348/196/drug-overdose.jpg?ve=1&tl=1,Health,9-Apr-23
Friends shorten kidney patients' long waits for transplants to mere months by donating organs,https://a57.foxnews.com/static.foxnews.com/foxnews.com/content/uploads/2023/03/348/196/Unknown.jpg?ve=1&tl=1,Health,9-Apr-23
CDC on guard over deadly fungus spreading throughout the US,https://a57.foxnews.com/cf-images.us-east-1.prod.boltdns.net/v1/static/694940094001/535c15cf-1665-483b-9bba-8c04d61209f2/07a5f524-8d20-4d43-bf3f-edd1f52a071a/1280x720/match/348/196/image.jpg?ve=1&tl=1,Health,9-Apr-23
"Is Parkinson’s disease, 'world’s fastest growing brain disease,’ mostly preventable? Study offers clues",https://a57.foxnews.com/static.foxnews.com/foxnews.com/content/uploads/2020/03/348/196/brain-getty-images.jpg?ve=1&tl=1,Health,9-Apr-23
"FDA approves lab-grown 'GOOD Meat' chicken product, second such authorization in US",https://a57.foxnews.com/static.foxnews.com/foxnews.com/content/uploads/2023/03/348/196/Goodmeat2.jpg?ve=1&tl=1,Health,9-Apr-23
"Chemicals in water and household objects could reduce chances of pregnancy, live births: new study",https://a57.foxnews.com/static.foxnews.com/foxnews.com/content/uploads/2019/03/348/196/drinking_water_istock.jpg?ve=1&tl=1,Health,9-Apr-23
Dr. Siegel on importance of getting answers on COVID origins,https://a57.foxnews.com/cf-images.us-east-1.prod.boltdns.net/v1/static/694940094001/124c0bf3-44bb-47bc-90d0-9507b85ae24f/1ae1f531-79a1-42cf-a8fc-c670bfa6bef7/1280x720/match/348/196/image.jpg?ve=1&tl=1,Health,9-Apr-23
Dr. Anisha Abraham details impact of social media use on children: 'True mental health crisis',https://a57.foxnews.com/cf-images.us-east-1.prod.boltdns.net/v1/static/694940094001/52915aa8-1b15-462f-9672-e70e227f355d/55c3ca92-6128-49ba-bfb6-2cc9596e89f9/1280x720/match/348/196/image.jpg?ve=1&tl=1,Health,9-Apr-23
CDC says cases of lethal fungus tripled in recent years,https://a57.foxnews.com/static.foxnews.com/foxnews.com/content/uploads/2020/12/348/196/CDC_resized.jpg?ve=1&tl=1,Health,9-Apr-23
Be well: Spring-clean your medicine cabinet to remove expired drugs,https://a57.foxnews.com/static.foxnews.com/foxnews.com/content/uploads/2023/03/348/196/clean-med-cabinet.jpg?ve=1&tl=1,Health,9-Apr-23
"Caffeine, the wonder drug? Study suggests more coffee could lower body fat and prevent type 2 diabetes",https://a57.foxnews.com/static.foxnews.com/foxnews.com/content/uploads/2019/08/348/196/Coffee2istock.jpg?ve=1&tl=1,Health,9-Apr-23
"COVID-19 pandemic expected to end this year 'as a public health emergency,' says World Health Organization",https://a57.foxnews.com/static.foxnews.com/foxnews.com/content/uploads/2023/03/348/196/Dr.-Tedros-Adhanom-Ghebreyesus.jpg?ve=1&tl=1,Health,9-Apr-23
"Military pilots and ground crews showing high rates of cancer, Pentagon study reveals",https://a57.foxnews.com/static.foxnews.com/foxnews.com/content/uploads/2023/03/348/196/Military-Pilots-Cancer-1.jpg?ve=1&tl=1,Health,9-Apr-23
"Implicit bias, lack of access and health disparities fueling maternal mortality: Dr. Fisher",https://a57.foxnews.com/cf-images.us-east-1.prod.boltdns.net/v1/static/694940094001/dca94851-0fa8-4f4b-9910-a61521b54a12/2b01214d-15f9-47df-a863-f53a1db64d34/1280x720/match/348/196/image.jpg?ve=1&tl=1,Health,9-Apr-23
'Dad jokes' help kids develop into healthy adults: study,https://a57.foxnews.com/static.foxnews.com/foxnews.com/content/uploads/2019/04/348/196/87bb088a-3.jpg?ve=1&tl=1,Health,9-Apr-23
"Biohacking revealed: What to know about the hip health trend embraced by Brooke Burke, Tom Brady and others",https://a57.foxnews.com/static.foxnews.com/foxnews.com/content/uploads/2023/03/348/196/brooke-burke.jpg?ve=1&tl=1,Health,9-Apr-23
Dr. Jay Bhattacharya on ‘absolutely shocking’ ‘Twitter Files’ COVID information: ‘Using fear to keep people silent’,https://a57.foxnews.com/cf-images.us-east-1.prod.boltdns.net/v1/static/694940094001/04fa348e-6041-4d2d-a265-a001a0a542a6/bd7bc01d-9298-40d7-845c-5b9450777925/1280x720/match/348/196/image.jpg?ve=1&tl=1,Health,9-Apr-23
"Rare tick-borne babesiosis disease on the rise in northeastern US, says CDC: Here's why",https://a57.foxnews.com/static.foxnews.com/foxnews.com/content/uploads/2023/03/348/196/tick-on-leaf.jpg?ve=1&tl=1,Health,9-Apr-23
"Older Americans reject more vaccines, opt instead for ‘natural healing,' says report",https://a57.foxnews.com/static.foxnews.com/foxnews.com/content/uploads/2023/03/348/196/refuse-vaccine.jpg?ve=1&tl=1,Health,9-Apr-23
"Costs, shortage of health care workers raise issues for Alzheimer's treatment",https://a57.foxnews.com/cf-images.us-east-1.prod.boltdns.net/v1/static/694940094001/77c63a85-0d93-48c9-a62d-6a45050c74ed/033a74b1-95b7-4265-bffc-d7819fe201ea/1280x720/match/348/196/image.jpg?ve=1&tl=1,Health,9-Apr-23
Maternal deaths increased by 40% in 2021 with women of color more likely to die following birth ,https://a57.foxnews.com/cf-images.us-east-1.prod.boltdns.net/v1/static/694940094001/aba5e242-f544-4fa6-a29d-6aedfe5b7587/496443ef-90c2-4720-b869-da2d5c6d6323/1280x720/match/348/196/image.jpg?ve=1&tl=1,Health,9-Apr-23
"Vaccine-derived poliovirus detected in Burundi, Congo",https://a57.foxnews.com/static.foxnews.com/foxnews.com/content/uploads/2023/03/348/196/World-Health-Organization-logo.jpg?ve=1&tl=1,Health,9-Apr-23
"Alzheimer’s diagnoses expected to reach nearly 13 million by 2050, says new report",https://a57.foxnews.com/static.foxnews.com/foxnews.com/content/uploads/2023/03/348/196/sad-older-lady.jpg?ve=1&tl=1,Health,9-Apr-23
COVID and kids’ mental health: Financial hardship took a big toll,https://a57.foxnews.com/static.foxnews.com/foxnews.com/content/uploads/2023/03/348/196/sad-teen-with-mom.jpg?ve=1&tl=1,Health,9-Apr-23
'Silent pandemic' warning from WHO: Bacteria killing too many people due to antimicrobial resistance,https://a57.foxnews.com/static.foxnews.com/foxnews.com/content/uploads/2018/09/348/196/42e64d0152be4886b71ada54e3b40775.jpg?ve=1&tl=1,Health,9-Apr-23
"Maternal death rate is on the rise in the US, the CDC reports",https://a57.foxnews.com/static.foxnews.com/foxnews.com/content/uploads/2022/01/348/196/iStock-1183380706.jpg?ve=1&tl=1,Health,9-Apr-23
"COVID-19 could cause face blindness, study suggests",https://a57.foxnews.com/static.foxnews.com/foxnews.com/content/uploads/2023/03/348/196/mystery-face.jpg?ve=1&tl=1,Health,9-Apr-23
Doctors warn weight loss shots could lead to muscle loss,https://a57.foxnews.com/cf-images.us-east-1.prod.boltdns.net/v1/static/694940094001/8ee9e704-d5a2-4356-996c-e40fd6c83b57/2177fd25-7bae-4198-be78-d5b51aba1584/1280x720/match/348/196/image.jpg?ve=1&tl=1,Health,9-Apr-23
COVID vaccine update: FDA authorizes Pfizer booster for some children under age five,https://a57.foxnews.com/static.foxnews.com/foxnews.com/content/uploads/2023/03/348/196/9f5450fd-baby-vaccine.jpg?ve=1&tl=1,Health,9-Apr-23
Experts concerned about excessive social media usage among teen girls,https://a57.foxnews.com/cf-images.us-east-1.prod.boltdns.net/v1/static/694940094001/70c5b865-8fe4-4005-b53a-83eb9b4f2c26/94e7be8c-de5a-4113-81ab-4c682b96911e/1280x720/match/348/196/image.jpg?ve=1&tl=1,Health,9-Apr-23
Sleep better tonight with these top-rated apps and accessories ,https://a57.foxnews.com/cf-images.us-east-1.prod.boltdns.net/v1/static/694940094001/6a2aba0e-431a-4f60-b314-fbb2ba9ed598/309bcc04-bd7a-41b4-8123-5fddbff47fc0/1280x720/match/348/196/image.jpg?ve=1&tl=1,Health,9-Apr-23
Could COVID cause ‘face blindness'? Study suggests it’s possible,https://a57.foxnews.com/static.foxnews.com/foxnews.com/content/uploads/2023/03/348/196/mystery-face.jpg?ve=1&tl=1,Health,9-Apr-23
"Breakthrough bone cancer drug slows tumor growth, extends survival in early studies",https://a57.foxnews.com/static.foxnews.com/foxnews.com/content/uploads/2023/03/348/196/childhood-cancer.jpg?ve=1&tl=1,Health,9-Apr-23
Dr. Marc Siegel warns against medical tourism in Mexico as Americans seek cheaper procedures,https://a57.foxnews.com/cf-images.us-east-1.prod.boltdns.net/v1/static/694940094001/eb6bd5ae-d032-4901-9c59-90a6d9df59e3/75477488-5ba6-46e7-9cc2-a912e828372e/1280x720/match/348/196/image.jpg?ve=1&tl=1,Health,9-Apr-23
"Seasonal affective disorder symptoms, causes and when to seek help for mood disorder",https://a57.foxnews.com/static.foxnews.com/foxnews.com/content/uploads/2021/02/348/196/DomesticViolence2istock.jpg?ve=1&tl=1,Health,9-Apr-23
"Sleep deprivation could reduce vaccine antibodies, new study found",https://a57.foxnews.com/static.foxnews.com/foxnews.com/content/uploads/2023/03/348/196/man-tired-at-work.jpg?ve=1&tl=1,Health,9-Apr-23
Houston Woman Body-Slammed During Attack,https://a57.foxnews.com/cf-images.us-east-1.prod.boltdns.net/v1/static/694940094001/280ec5fd-389c-4eab-9707-1ef5f43abc35/fde5439f-123d-40cf-b8c1-af84e3d6de0d/1280x720/match/348/196/image.jpg?ve=1&tl=1,Health,9-Apr-23
Be well: Why it's wise to ditch the elevator and take the stairs,https://a57.foxnews.com/static.foxnews.com/foxnews.com/content/uploads/2023/03/348/196/be-well-take-steps.jpg?ve=1&tl=1,Health,9-Apr-23
"Mediterranean, MIND diets shown to reduce signs of Alzheimer’s in the brain, study finds",https://a57.foxnews.com/static.foxnews.com/foxnews.com/content/uploads/2023/03/348/196/elderly-lady-eating-salad.jpg?ve=1&tl=1,Health,9-Apr-23
"Most men diagnosed with prostate cancer don't need to rush to surgery, radiation treatments: study",https://a57.foxnews.com/static.foxnews.com/foxnews.com/content/uploads/2021/05/348/196/prostate-cancer_resized.jpg?ve=1&tl=1,Health,9-Apr-23
Dr. Marc Siegel: 'Unbelievably concerned' for Spring breakers over fentanyl danger,https://a57.foxnews.com/cf-images.us-east-1.prod.boltdns.net/v1/static/694940094001/92ca8fa3-62d3-4882-88f2-df3973ba67b3/09863491-961a-4fe7-a3ec-0e65f5af5445/1280x720/match/348/196/image.jpg?ve=1&tl=1,Health,9-Apr-23
Prince Harry says psychedelic drugs helped him — but what about the risks and dangers?,https://a57.foxnews.com/static.foxnews.com/foxnews.com/content/uploads/2022/12/348/196/prince-harry-meghan-markle.jpg?ve=1&tl=1,Health,9-Apr-23
Fast-tracking a new category of drug leaves little time for research: Dr. Houman Hemmati,https://a57.foxnews.com/cf-images.us-east-1.prod.boltdns.net/v1/static/694940094001/2c8173f6-143a-4f1a-a864-68391ccfa9f2/507c1041-e708-4c11-bdf4-50cce125bd9f/1280x720/match/348/196/image.jpg?ve=1&tl=1,Health,9-Apr-23
Migraine nasal spray from Pfizer snags FDA approval for expected summer launch,https://a57.foxnews.com/static.foxnews.com/foxnews.com/content/uploads/2023/03/348/196/woman-with-migraine.jpg?ve=1&tl=1,Health,9-Apr-23
FDA issues new mammogram regulations aimed at further breast cancer prevention,https://a57.foxnews.com/static.foxnews.com/foxnews.com/content/uploads/2023/03/348/196/breast-cancer-mammography.jpg?ve=1&tl=1,Health,9-Apr-23
Dr. Fauci is very skilled at evading COVID truths: Miranda Devine,https://a57.foxnews.com/cf-images.us-east-1.prod.boltdns.net/v1/static/694940094001/d943ed60-650f-4c56-9e83-063afca36f61/bea737dd-ebb6-4f1c-8119-bc89160575ba/1280x720/match/348/196/image.jpg?ve=1&tl=1,Health,9-Apr-23
Adderall and Ozempic are in the spotlight amid widespread drug shortages in US,https://a57.foxnews.com/static.foxnews.com/foxnews.com/content/uploads/2023/03/348/196/John-Seymour-Pharm-2_behind-counter.jpg?ve=1&tl=1,Health,9-Apr-23