﻿Title,Image,Section,Date
"Webb telescope captures warped space, galaxies billions of light-years away",https://a57.foxnews.com/static.foxnews.com/foxnews.com/content/uploads/2023/03/348/196/CROP.jpg?ve=1&tl=1,Science,9-Apr-23
Water found in moon samples from China mission,https://a57.foxnews.com/static.foxnews.com/foxnews.com/content/uploads/2023/03/348/196/Scientists.jpg?ve=1&tl=1,Science,9-Apr-23
Webb Space Telescope captures dust storm on remote planet,https://a57.foxnews.com/static.foxnews.com/foxnews.com/content/uploads/2023/03/348/196/Exoplanet.jpg?ve=1&tl=1,Science,9-Apr-23
New research reveals why endangered orcas have failed to recover despite decades of conservation efforts,https://a57.foxnews.com/static.foxnews.com/foxnews.com/content/uploads/2023/03/348/196/orca-2.jpg?ve=1&tl=1,Science,9-Apr-23
Scientists extract DNA from 5 locks of hair and discovered Beethoven had hepatitis B infection,https://a57.foxnews.com/static.foxnews.com/foxnews.com/content/uploads/2023/03/348/196/beethoven.jpg?ve=1&tl=1,Science,9-Apr-23
Hubble astronomers find double quasar in distant merging galaxies,https://a57.foxnews.com/static.foxnews.com/foxnews.com/content/uploads/2023/04/348/196/QUASAR.jpg?ve=1&tl=1,Science,9-Apr-23
Webb astronomers discover earliest galaxies confirmed so far in new milestone,https://a57.foxnews.com/static.foxnews.com/foxnews.com/content/uploads/2023/04/348/196/JWST.jpg?ve=1&tl=1,Science,9-Apr-23
Who are the Artemis II astronauts?,https://a57.foxnews.com/static.foxnews.com/foxnews.com/content/uploads/2023/04/348/196/THUMB.jpg?ve=1&tl=1,Science,9-Apr-23
NASA names crew of first manned mission to moon in over 50 years,https://a57.foxnews.com/static.foxnews.com/foxnews.com/content/uploads/2023/04/348/196/NASA-Crew.jpg?ve=1&tl=1,Science,9-Apr-23
"Black hole jet from newly-classified galaxy changes direction toward Earth, astronomers say",https://a57.foxnews.com/static.foxnews.com/foxnews.com/content/uploads/2023/04/348/196/Jet.jpg?ve=1&tl=1,Science,9-Apr-23
"T. rex may have had big scaly lips, study says",https://a57.foxnews.com/static.foxnews.com/foxnews.com/content/uploads/2023/03/348/196/SUE.jpg?ve=1&tl=1,Science,9-Apr-23
UK scientists find one of largest black holes ever discovered,https://a57.foxnews.com/static.foxnews.com/foxnews.com/content/uploads/2023/03/348/196/Black-Hole.jpg?ve=1&tl=1,Science,9-Apr-23
North Carolina's Outer Banks greeted by 13-foot great white shark named 'Breton',https://a57.foxnews.com/static.foxnews.com/foxnews.com/content/uploads/2023/03/348/196/breton.png?ve=1&tl=1,Science,9-Apr-23
Dutch researchers make giant meatball using mammoth DNA,https://a57.foxnews.com/static.foxnews.com/foxnews.com/content/uploads/2023/03/348/196/2023-03-28T174558Z_2119900548_RC2530A1BE7X_RTRMADP_3_NETHERLANDS-MAMMOTH.jpg?ve=1&tl=1,Science,9-Apr-23
Dutch researchers make giant meatball using mammoth DNA,https://a57.foxnews.com/cf-images.us-east-1.prod.boltdns.net/v1/static/694940094001/7fbaaf7f-2eff-4a44-ab15-56a51f81142c/f6a402d0-6990-4a85-a363-02f5b044e94b/1280x720/match/348/196/image.jpg?ve=1&tl=1,Science,9-Apr-23
Asteroid discovery suggests life on Earth came from space billions of years ago,https://a57.foxnews.com/static.foxnews.com/foxnews.com/content/uploads/2023/03/348/196/asteroid.jpg?ve=1&tl=1,Science,9-Apr-23
"Northern Lights dazzle in over half-dozen states: New York, Minnesota, Arkansas",https://a57.foxnews.com/static.foxnews.com/foxnews.com/content/uploads/2023/03/348/196/NL5.jpg?ve=1&tl=1,Science,9-Apr-23
March planetary alignment: How and when to see it,https://a57.foxnews.com/static.foxnews.com/foxnews.com/content/uploads/2023/03/348/196/Planets.jpg?ve=1&tl=1,Science,9-Apr-23
Asteroid 2023 DZ2 to pass between Earth and moon this weekend,https://a57.foxnews.com/static.foxnews.com/foxnews.com/content/uploads/2023/02/348/196/Asteroid.jpg?ve=1&tl=1,Science,9-Apr-23
"Launch of 3D-printed rocket fails after upper stage ignites, plummets into Atlantic",https://a57.foxnews.com/static.foxnews.com/foxnews.com/content/uploads/2023/03/348/196/Rocket.jpg?ve=1&tl=1,Science,9-Apr-23
3D-printed rocket blasts off but fails to reach orbit,https://a57.foxnews.com/cf-images.us-east-1.prod.boltdns.net/v1/static/694940094001/76dfcb85-ea41-4324-8846-69139eb6af70/e0f0c30d-bca8-47ec-8df8-e352c7994e96/1280x720/match/348/196/image.jpg?ve=1&tl=1,Science,9-Apr-23
"Potentially deadly, drug-resistant fungus spreading rapidly in US",https://a57.foxnews.com/static.foxnews.com/foxnews.com/content/uploads/2023/03/348/196/Fungus.jpg?ve=1&tl=1,Science,9-Apr-23
Hubble team releases dazzling new images of star-studded clusters,https://a57.foxnews.com/static.foxnews.com/foxnews.com/content/uploads/2023/03/348/196/M7.jpg?ve=1&tl=1,Science,9-Apr-23
Asteroid to fly between Earth and the moon this week: report,https://a57.foxnews.com/static.foxnews.com/foxnews.com/content/uploads/2023/02/348/196/Asteroid.jpg?ve=1&tl=1,Science,9-Apr-23
Earth hit by large blast of solar debris from the Sun: NASA,https://a57.foxnews.com/static.foxnews.com/foxnews.com/content/uploads/2023/03/348/196/CME.jpg?ve=1&tl=1,Science,9-Apr-23
"Only big whales can lunge-feed successfully, according to a study on minke whales, the ocean’s smallest giant",https://a57.foxnews.com/static.foxnews.com/foxnews.com/content/uploads/2023/03/348/196/minke.jpg?ve=1&tl=1,Science,9-Apr-23
"New star-studded Hubble image shows globular star cluster about 20,000 light-years away",https://a57.foxnews.com/static.foxnews.com/foxnews.com/content/uploads/2023/03/348/196/M55.jpg?ve=1&tl=1,Science,9-Apr-23
Scientists create mice with cells from 2 males for first time,https://a57.foxnews.com/static.foxnews.com/foxnews.com/content/uploads/2023/03/348/196/Clones.jpg?ve=1&tl=1,Science,9-Apr-23
NASA sees active Venus volcano for first time ever,https://a57.foxnews.com/static.foxnews.com/foxnews.com/content/uploads/2023/03/348/196/Volcano-1.jpg?ve=1&tl=1,Science,9-Apr-23
Tree falls on people at the San Antonio Zoo,https://a57.foxnews.com/cf-images.us-east-1.prod.boltdns.net/v1/static/694940094001/18534b3f-8ad2-4317-9bbb-b74dd44a6fa4/fb3f435f-1106-45b6-bbde-7a3bcd9b4aeb/1280x720/match/348/196/image.jpg?ve=1&tl=1,Science,9-Apr-23
NASA unveils sleek new spacesuits for Artemis III moon mission,https://a57.foxnews.com/static.foxnews.com/foxnews.com/content/uploads/2023/03/348/196/axiom.png?ve=1&tl=1,Science,9-Apr-23
Webb telescope captures stunning image of star on cusp of supernova 15K light-years away,https://a57.foxnews.com/static.foxnews.com/foxnews.com/content/uploads/2023/03/348/196/Wolf.jpg?ve=1&tl=1,Science,9-Apr-23
Newly discovered asteroid has reduced odds of striking Earth,https://a57.foxnews.com/static.foxnews.com/foxnews.com/content/uploads/2023/03/348/196/2023-DW-asteroid.png?ve=1&tl=1,Science,9-Apr-23
Pentagon officials suggest alien mothership in our solar system could send mini probes to Earth,https://a57.foxnews.com/static.foxnews.com/foxnews.com/content/uploads/2021/04/348/196/UFO2.jpg?ve=1&tl=1,Science,9-Apr-23
"Massive smelly algae bloom nearing Florida will impact health of residents, ocean",https://a57.foxnews.com/static.foxnews.com/foxnews.com/content/uploads/2023/03/348/196/Algae.jpg?ve=1&tl=1,Science,9-Apr-23
Scientists revive ancient ‘zombie viruses’ from Siberian permafrost that can infect amoeba cells,https://a57.foxnews.com/static.foxnews.com/foxnews.com/content/uploads/2023/03/348/196/Viruses.jpg?ve=1&tl=1,Science,9-Apr-23
NASA's Ingenuity helicopter captures breathtaking shot of Martian sunset,https://a57.foxnews.com/static.foxnews.com/foxnews.com/content/uploads/2023/03/348/196/Sunset.jpg?ve=1&tl=1,Science,9-Apr-23
International Space Station maneuvers to avoid collision with satellite,https://a57.foxnews.com/static.foxnews.com/foxnews.com/content/uploads/2021/11/348/196/internationalspacestation.jpg?ve=1&tl=1,Science,9-Apr-23
"Alaska volcano eruption's likelihood increased, alert level raised",https://a57.foxnews.com/static.foxnews.com/foxnews.com/content/uploads/2023/03/348/196/Quakes.jpg?ve=1&tl=1,Science,9-Apr-23
NASA Curiosity Mars rover captures first ever 'sun rays' during cloud study,https://a57.foxnews.com/static.foxnews.com/foxnews.com/content/uploads/2023/03/348/196/Rover-Images.jpg?ve=1&tl=1,Science,9-Apr-23
Alaska volcano dormant for a century delivering ominous warning signs: 'Significant unrest',https://a57.foxnews.com/static.foxnews.com/foxnews.com/content/uploads/2023/03/348/196/Tanaga.jpg?ve=1&tl=1,Science,9-Apr-23
NASA says it's tracking 161-foot newly-found asteroid that has 'very small chance' of striking Earth,https://a57.foxnews.com/static.foxnews.com/foxnews.com/content/uploads/2023/03/348/196/asteroid.-.png?ve=1&tl=1,Science,9-Apr-23
Beautiful images capture worm moon across the globe,https://a57.foxnews.com/static.foxnews.com/foxnews.com/content/uploads/2023/03/348/196/Cambodia.jpg?ve=1&tl=1,Science,9-Apr-23
"Japan launches $1.47B rocket, destroys it after second stage failure",https://a57.foxnews.com/static.foxnews.com/foxnews.com/content/uploads/2023/03/348/196/Rocket-Launch.jpg?ve=1&tl=1,Science,9-Apr-23
Webb telescope captures galaxy three times: Why it happened,https://a57.foxnews.com/static.foxnews.com/foxnews.com/content/uploads/2023/03/348/196/Cluster.jpg?ve=1&tl=1,Science,9-Apr-23
Scientists reveal new clues about historic Tycho supernova,https://a57.foxnews.com/static.foxnews.com/foxnews.com/content/uploads/2023/03/348/196/Thumb.jpg?ve=1&tl=1,Science,9-Apr-23
"Israel declares Persian pottery inscription fake, debunking archaeological breakthrough discoveries",https://a57.foxnews.com/static.foxnews.com/foxnews.com/content/uploads/2023/02/348/196/DOTCOM_STATE_COUNTRY_NEWS_MIDDLE_EAST.png?ve=1&tl=1,Science,9-Apr-23
Rocket launch failure likely caused by faulty part from Ukraine,https://a57.foxnews.com/static.foxnews.com/foxnews.com/content/uploads/2023/03/348/196/vega-c.jpg?ve=1&tl=1,Science,9-Apr-23
Here's when popular DC cherry blossoms are forecast to peak,https://a57.foxnews.com/static.foxnews.com/foxnews.com/content/uploads/2023/03/348/196/Washington.jpg?ve=1&tl=1,Science,9-Apr-23
Hundreds of dead fish wash ashore Florida beaches,https://a57.foxnews.com/static.foxnews.com/foxnews.com/content/uploads/2023/03/348/196/Video-1.jpg?ve=1&tl=1,Science,9-Apr-23
Piece of long-lost SS Savannah wreckage likely found on NY Fire Island shore,https://a57.foxnews.com/static.foxnews.com/foxnews.com/content/uploads/2023/03/348/196/SS-Savannah.jpg?ve=1&tl=1,Science,9-Apr-23
Northern lights dazzle Alaska in colorful display seen on video,https://a57.foxnews.com/static.foxnews.com/foxnews.com/content/uploads/2023/02/348/196/Alaska-Northern-Lights-dazzles-in-colorful-display-seen-on-video.jpg?ve=1&tl=1,Science,9-Apr-23
Northern Lights dazzle Alaska in colorful display seen on video,https://a57.foxnews.com/cf-images.us-east-1.prod.boltdns.net/v1/static/694940094001/d318425c-b094-4291-b06d-df42a56e2b7a/d4c0b9fb-acae-43d0-b62c-915be6203ae6/1280x720/match/348/196/image.jpg?ve=1&tl=1,Science,9-Apr-23
NASA all systems go for manned launch to ISS Monday morning,https://a57.foxnews.com/static.foxnews.com/foxnews.com/content/uploads/2021/12/348/196/spacexpic.jpg?ve=1&tl=1,Science,9-Apr-23
"A 3,500-year-old bear preserved in Siberian permafrost is dissected by researchers",https://a57.foxnews.com/static.foxnews.com/foxnews.com/content/uploads/2023/02/348/196/Bear.jpg?ve=1&tl=1,Science,9-Apr-23
"Outer shell of Venus may be resurfacing the planet, NASA says",https://a57.foxnews.com/static.foxnews.com/foxnews.com/content/uploads/2023/02/348/196/Venus-1.jpg?ve=1&tl=1,Science,9-Apr-23
Webb telescope data helps uncover what appear to be massive galaxies near cosmic dawn,https://a57.foxnews.com/static.foxnews.com/foxnews.com/content/uploads/2023/02/348/196/Space.jpg?ve=1&tl=1,Science,9-Apr-23
Moon and Venus to make spectacularly close approach in evening sky,https://a57.foxnews.com/static.foxnews.com/foxnews.com/content/uploads/2023/02/348/196/Venus.jpg?ve=1&tl=1,Science,9-Apr-23
Three dolphins die after becoming stranded off New Jersey coast,https://a57.foxnews.com/static.foxnews.com/foxnews.com/content/uploads/2023/02/348/196/Dolphin.jpg?ve=1&tl=1,Science,9-Apr-23
NASA confirms half-ton meteor crashed in South Texas,https://a57.foxnews.com/static.foxnews.com/foxnews.com/content/uploads/2022/12/348/196/GEM-3.jpg?ve=1&tl=1,Science,9-Apr-23
Webb Space Telescope spies nearby galaxies with 'unprecedented' resolution,https://a57.foxnews.com/static.foxnews.com/foxnews.com/content/uploads/2023/02/348/196/Spiral.jpg?ve=1&tl=1,Science,9-Apr-23
‘Human composting’ on the rise as ‘green funerals’ become increasingly popular,https://a57.foxnews.com/static.foxnews.com/foxnews.com/content/uploads/2023/01/348/196/compost-washington-3.jpg?ve=1&tl=1,Science,9-Apr-23
NASA’s Webb Telescope captures never-before-seen details in Pandora’s Cluster,https://a57.foxnews.com/static.foxnews.com/foxnews.com/content/uploads/2023/02/348/196/WEBB.jpg?ve=1&tl=1,Science,9-Apr-23
Hubble Telescope spots pair of galaxies near Big Dipper,https://a57.foxnews.com/static.foxnews.com/foxnews.com/content/uploads/2023/02/348/196/GALAXIES.jpg?ve=1&tl=1,Science,9-Apr-23
Earth-sized exoplanet discovered using NASA data,https://a57.foxnews.com/static.foxnews.com/foxnews.com/content/uploads/2023/02/348/196/TESS.jpg?ve=1&tl=1,Science,9-Apr-23
Aviation milestone: artificial intelligence flew a modified F-16 fighter jet for over 17 hours,https://a57.foxnews.com/static.foxnews.com/foxnews.com/content/uploads/2023/02/348/196/ai-jet.png?ve=1&tl=1,Science,9-Apr-23
Asteroid caught on video lighting up western Europe's skies before making impact in France,https://a57.foxnews.com/static.foxnews.com/foxnews.com/content/uploads/2023/02/348/196/asteroid-1.jpg?ve=1&tl=1,Science,9-Apr-23
Meteoroid lights up night sky over Paris,https://a57.foxnews.com/cf-images.us-east-1.prod.boltdns.net/v1/static/694940094001/f4e33dcb-c8fb-4050-9811-031d76004370/9e1e0978-fbe5-4ed3-bd22-6434565d4fd0/1280x720/match/348/196/image.jpg?ve=1&tl=1,Science,9-Apr-23
New Hubble Telescope image of Saturn reveals mysterious features,https://a57.foxnews.com/static.foxnews.com/foxnews.com/content/uploads/2023/02/348/196/Saturn.jpg?ve=1&tl=1,Science,9-Apr-23
Recent incidents prompt second look into past UFO sightings,https://a57.foxnews.com/cf-images.us-east-1.prod.boltdns.net/v1/static/694940094001/ef0fc989-1cae-43b7-abfb-1875d5a04e22/27b3e900-af50-4ee5-97bd-d733edaf8fbd/1280x720/match/348/196/image.jpg?ve=1&tl=1,Science,9-Apr-23
Meteoroid expected to safely strike Earth's atmosphere Sunday evening over France,https://a57.foxnews.com/static.foxnews.com/foxnews.com/content/uploads/2023/02/348/196/meteor.png?ve=1&tl=1,Science,9-Apr-23
Curiosity Mars rover finds the 'best evidence' of ancient water in rippled rocks,https://a57.foxnews.com/static.foxnews.com/foxnews.com/content/uploads/2023/02/348/196/Curiosity.jpg?ve=1&tl=1,Science,9-Apr-23
"Biggest penguin in history was 'monster bird,' weighed over 300 pounds",https://a57.foxnews.com/static.foxnews.com/foxnews.com/content/uploads/2023/02/348/196/MEGA-PENGUIN.jpg?ve=1&tl=1,Science,9-Apr-23
Hubble Space Telescope reveals stunning star-studded cluster,https://a57.foxnews.com/static.foxnews.com/foxnews.com/content/uploads/2023/02/348/196/NGC.jpg?ve=1&tl=1,Science,9-Apr-23
Webb Space Telescope reveals stellar clusters from distant galaxies,https://a57.foxnews.com/static.foxnews.com/foxnews.com/content/uploads/2023/02/348/196/SMACS.jpg?ve=1&tl=1,Science,9-Apr-23
Massachusetts woman finds frozen shark washed up on Cape Cod beach,https://a57.foxnews.com/static.foxnews.com/foxnews.com/content/uploads/2023/02/348/196/shark1.png?ve=1&tl=1,Science,9-Apr-23
Webb Space Telescope 'unexpectedly' finds its smallest asteroid yet,https://a57.foxnews.com/static.foxnews.com/foxnews.com/content/uploads/2023/02/348/196/Asteroid.jpg?ve=1&tl=1,Science,9-Apr-23
How climate alarmism is making people childless by choice,https://a57.foxnews.com/cf-images.us-east-1.prod.boltdns.net/v1/static/694940094001/676943fa-7f99-4776-a18b-97efe4a790f3/4ae41ef9-a5e9-47de-a1f9-5ea3b55545e0/1280x720/match/348/196/image.jpg?ve=1&tl=1,Science,9-Apr-23
"Climate alarmism is 'robbing' students of hope, ambition, earth science professor says",https://a57.foxnews.com/static.foxnews.com/foxnews.com/content/uploads/2023/01/348/196/GettyImages-1005299150.jpg?ve=1&tl=1,Science,9-Apr-23
Hubble Space Telescope captures stunning new image of Tarantula Nebula,https://a57.foxnews.com/static.foxnews.com/foxnews.com/content/uploads/2023/02/348/196/EYES.jpg?ve=1&tl=1,Science,9-Apr-23
Transition to clean energy could have dire impact on ocean wildlife,https://a57.foxnews.com/cf-images.us-east-1.prod.boltdns.net/v1/static/694940094001/8db22743-bb17-4755-bc65-bb108e047ff7/901c753e-12f7-4102-9c98-d5f77a2ede88/1280x720/match/348/196/image.jpg?ve=1&tl=1,Science,9-Apr-23
Neil deGrasse Tyson says James Webb Space Telescope is window to universe 'never before achieved',https://a57.foxnews.com/static.foxnews.com/foxnews.com/content/uploads/2022/07/348/196/nasa.jpg?ve=1&tl=1,Science,9-Apr-23
Webb telescope image captures stunning spiral galaxy over a billion light-years away,https://a57.foxnews.com/static.foxnews.com/foxnews.com/content/uploads/2023/02/348/196/FIELD.jpg?ve=1&tl=1,Science,9-Apr-23
Astronomers find rare star system that will lead to gold-producing explosion,https://a57.foxnews.com/static.foxnews.com/foxnews.com/content/uploads/2023/02/348/196/SYSTEM_.jpg?ve=1&tl=1,Science,9-Apr-23
Video shows 'mysterious' whirlpool spiral flying over Hawaii sky,https://a57.foxnews.com/static.foxnews.com/foxnews.com/content/uploads/2023/02/348/196/CLOSE.jpg?ve=1&tl=1,Science,9-Apr-23
'Mysterious' flying spiral spotted by Hawaii's Subaru Telescope,https://a57.foxnews.com/cf-images.us-east-1.prod.boltdns.net/v1/static/694940094001/c32d00f7-1736-4634-988d-49d3a505fb0b/cc51a7c6-2683-43b6-87dc-53be9bcb0318/1280x720/match/348/196/image.jpg?ve=1&tl=1,Science,9-Apr-23
NASA captures photo of 'bear's face' on the surface of Mars,https://a57.foxnews.com/static.foxnews.com/foxnews.com/content/uploads/2023/01/348/196/bears-face.png?ve=1&tl=1,Science,9-Apr-23
"Satellite, rocket stage nearly collide in possible ‘worst-case scenario’",https://a57.foxnews.com/static.foxnews.com/foxnews.com/content/uploads/2023/01/348/196/Space-junk-orbiting.jpg?ve=1&tl=1,Science,9-Apr-23
"Hubble captures stunning stellar duo in Orion Nebula 1,450 light-years away",https://a57.foxnews.com/static.foxnews.com/foxnews.com/content/uploads/2023/01/348/196/Hubble-Orion-Thumb_.jpg?ve=1&tl=1,Science,9-Apr-23
"Florida man who allegedly beat shark on beach should be charged, according to wildlife commission",https://a57.foxnews.com/static.foxnews.com/foxnews.com/content/uploads/2022/12/348/196/Florida3.jpg?ve=1&tl=1,Science,9-Apr-23
Asteroid to rocket past Earth in one of closest encounters ever,https://a57.foxnews.com/static.foxnews.com/foxnews.com/content/uploads/2023/01/348/196/ASTEROID-2.jpg?ve=1&tl=1,Science,9-Apr-23
NASA and DARPA to develop nuclear thermal rocket engine that may put humans on Mars: reports,https://a57.foxnews.com/static.foxnews.com/foxnews.com/content/uploads/2023/01/348/196/draco-4-darpa-nasa-ussf-caption.jpg?ve=1&tl=1,Science,9-Apr-23
Iceberg larger than London breaks off Antarctica ice shelf,https://a57.foxnews.com/static.foxnews.com/foxnews.com/content/uploads/2023/01/348/196/SHELF.jpg?ve=1&tl=1,Science,9-Apr-23
Radio signal 9 billion light-years away: What it means and where it came from,https://a57.foxnews.com/static.foxnews.com/foxnews.com/content/uploads/2023/01/348/196/TELESCOPE-1.jpg?ve=1&tl=1,Science,9-Apr-23
How to stop your cell phone from dying so fast,https://a57.foxnews.com/static.foxnews.com/foxnews.com/content/uploads/2023/01/348/196/1-DEAD-IPHONE.jpg?ve=1&tl=1,Science,9-Apr-23
Radio signal from 9 billion light-years away from Earth captured,https://a57.foxnews.com/static.foxnews.com/foxnews.com/content/uploads/2023/01/348/196/2018-09-04T000000Z_236742133_RC1C55A19E80_RTRMADP_3_AMAZON-COM-CHILE-TELESCOPES.jpg?ve=1&tl=1,Science,9-Apr-23
How to watch the 'Green Comet' as it makes closest approach in 50K years,https://a57.foxnews.com/static.foxnews.com/foxnews.com/content/uploads/2023/01/348/196/COMET-TIGHT-2.jpg?ve=1&tl=1,Science,9-Apr-23
"More than 3 billion stars, galaxies are captured in a massive new survey",https://a57.foxnews.com/static.foxnews.com/foxnews.com/content/uploads/2023/01/348/196/C.jpg?ve=1&tl=1,Science,9-Apr-23
Surprise magma chamber found under Mediterranean Sea volcano near popular tourist destination,https://a57.foxnews.com/static.foxnews.com/foxnews.com/content/uploads/2023/01/348/196/MAGMA.jpg?ve=1&tl=1,Science,9-Apr-23
Microscopic organisms that make up the base of the ocean's food chain dying due to warming East Coast waters,https://a57.foxnews.com/static.foxnews.com/foxnews.com/content/uploads/2023/01/348/196/Fish-in-the-ocean.jpg?ve=1&tl=1,Science,9-Apr-23
,,,
,,,
,,,
,,,
,,,
,,,
,,,
,,,
,,,
,,,
,,,
,,,
,,,