﻿Title,Image,Section,Date,,,
Oklahoma death row inmate's lawyer demands new trial after AG says conviction should be vacated,https://a57.foxnews.com/static.foxnews.com/foxnews.com/content/uploads/2022/07/540/304/home-s3-bg1.jpg?ve=1&tl=1,U.S. News,9-Apr-23,,,
Harmony Montgomery murder: Police search for remains of missing NH girl in Massachusetts,https://a57.foxnews.com/static.foxnews.com/foxnews.com/content/uploads/2022/10/540/304/Adam-and-Harmony-Montgomery-split.jpg?ve=1&tl=1,U.S. News,9-Apr-23,,,
Gabby Petito's parents ask Brian Laundrie's parents about major withdrawals in new court filing,https://a57.foxnews.com/static.foxnews.com/foxnews.com/content/uploads/2021/09/540/304/Gabby-Petito-Bryce-Canyon.jpg?ve=1&tl=1,U.S. News,9-Apr-23,,,
Delphi murders suspect Richard Allen's lawyers say he is enduring 'prisoner of war' conditions,https://a57.foxnews.com/static.foxnews.com/foxnews.com/content/uploads/2023/04/540/304/Allen2.jpg?ve=1&tl=1,U.S. News,9-Apr-23,,,
Easter is about the greatest love story and the greatest rescue mission of all time: Tim Tebow,https://a57.foxnews.com/cf-images.us-east-1.prod.boltdns.net/v1/static/694940094001/22713562-a982-4437-b455-0d3ed9b321c9/e3a257e4-5282-417b-9bdc-48df97cb402b/1280x720/match/348/196/image.jpg?ve=1&tl=1,U.S. News,9-Apr-23,,,
Austin DA says it's 'deeply troubling' that Texas Gov Abbott wants to pardon Army sergeant convicted of murder,https://a57.foxnews.com/static.foxnews.com/foxnews.com/content/uploads/2023/04/348/196/AP23086827955599.jpg?ve=1&tl=1,U.S. News,9-Apr-23,,,
Republicans need to get their ducks in a row before the 2024 election: Kim Strassel,https://a57.foxnews.com/cf-images.us-east-1.prod.boltdns.net/v1/static/694940094001/dd287b07-6252-4688-a7a6-b54b1ecc40eb/0817edf5-9be5-450b-b9c6-2621bf7676bf/1280x720/match/348/196/image.jpg?ve=1&tl=1,U.S. News,9-Apr-23,,,
The EU should be leading the funding effort for the war in Ukraine: Rep. Chris Stewart,https://a57.foxnews.com/cf-images.us-east-1.prod.boltdns.net/v1/static/694940094001/2a9b5087-8a29-429c-9d07-878e6afc2422/846c33fe-3584-4dbd-a946-0afdf2fb7316/1280x720/match/348/196/image.jpg?ve=1&tl=1,U.S. News,9-Apr-23,,,
These are the 'serious problems' with Alvin Bragg's case: John Yoo,https://a57.foxnews.com/cf-images.us-east-1.prod.boltdns.net/v1/static/694940094001/39b9da25-43e0-4242-8077-5b6e95095956/2fe807bf-f8d8-430c-ac37-b1ab8c865ba4/1280x720/match/348/196/image.jpg?ve=1&tl=1,U.S. News,9-Apr-23,,,
"Florida sheriff's office charges one of its own with burglary, police say",https://a57.foxnews.com/static.foxnews.com/foxnews.com/content/uploads/2023/04/348/196/Michael-Deerman-II-Mugshot.jpg?ve=1&tl=1,U.S. News,9-Apr-23,,,
Expelled Tennessee lawmakers ripped for blaming racism on expulsion: 'Threw you out for violating the rules',https://a57.foxnews.com/static.foxnews.com/foxnews.com/content/uploads/2023/04/348/196/TCP1.jpg?ve=1&tl=1,U.S. News,9-Apr-23,,,
"How can the GOP reach out to millennials, Gen Z voters?",https://a57.foxnews.com/cf-images.us-east-1.prod.boltdns.net/v1/static/694940094001/4c2040ff-8c8a-485e-902e-9754c87dc9d4/d70b8608-5723-4cfc-9f73-baf8a6e2ed0a/1280x720/match/348/196/image.jpg?ve=1&tl=1,U.S. News,9-Apr-23,,,
"Tennessee Dems were thrown out for breaking the rules, not because of race: David Webb",https://a57.foxnews.com/cf-images.us-east-1.prod.boltdns.net/v1/static/694940094001/8c01c656-d7ac-493b-beed-6d5626f6464e/88346ef9-70fe-49d7-b106-f1c9afe130de/1280x720/match/348/196/image.jpg?ve=1&tl=1,U.S. News,9-Apr-23,,,
"Arizona woman wanted for February shooting, also charged with January shooting: reports",https://a57.foxnews.com/static.foxnews.com/foxnews.com/content/uploads/2023/04/348/196/Kathryn-Hansen-Mugshot.jpg?ve=1&tl=1,U.S. News,9-Apr-23,,,
GOP is 'completely unified' against Manhattan DA's charges against Trump: Reince Preibus,https://a57.foxnews.com/cf-images.us-east-1.prod.boltdns.net/v1/static/694940094001/28f2e0a5-aac9-4246-9494-8decc184110c/eaf389cf-180b-4a06-bba4-faba73742841/1280x720/match/348/196/image.jpg?ve=1&tl=1,U.S. News,9-Apr-23,,,
"Crime reporter's viral TikTok video shares what to do if you are home alone: 'Don't get quiet, make noise'",https://a57.foxnews.com/static.foxnews.com/foxnews.com/content/uploads/2023/04/348/196/lori-fullbright.jpg?ve=1&tl=1,U.S. News,9-Apr-23,,,
"Oregon paper laments homeless crisis, high taxes, violence driving residents to other states",https://a57.foxnews.com/static.foxnews.com/foxnews.com/content/uploads/2021/11/348/196/portland7.jpg?ve=1&tl=1,U.S. News,9-Apr-23,,,
Delaware duo arrested for allegedly murdering man in March: police,https://a57.foxnews.com/static.foxnews.com/foxnews.com/content/uploads/2023/04/348/196/Lowe-and-Steiner-mugshots.jpg?ve=1&tl=1,U.S. News,9-Apr-23,,,
Cheryl Casone: Never bet against Elon Musk,https://a57.foxnews.com/cf-images.us-east-1.prod.boltdns.net/v1/static/694940094001/b8edb850-5bf9-4785-8c29-357164b1ae8b/92e7745c-2eec-4c1a-83bf-4162ef7b2955/1280x720/match/348/196/image.jpg?ve=1&tl=1,U.S. News,9-Apr-23,,,
Northern Ireland police disrupt alleged New IRA bomb plot ahead of Biden's visit: report,https://a57.foxnews.com/static.foxnews.com/foxnews.com/content/uploads/2023/03/348/196/8858f486-Biden.jpg?ve=1&tl=1,U.S. News,9-Apr-23,,,
"Washington state crews responding to boat fire in Tacoma Tideflats, residents receive smoke warning",https://a57.foxnews.com/static.foxnews.com/foxnews.com/content/uploads/2023/04/348/196/Tacoma-Fire.jpg?ve=1&tl=1,U.S. News,9-Apr-23,,,
Los Angeles suspect throws puppy out of moving car during police chase,https://a57.foxnews.com/static.foxnews.com/foxnews.com/content/uploads/2023/04/348/196/puppyrescue1.jpg?ve=1&tl=1,U.S. News,9-Apr-23,,,
"California driver, 13, charged in deadly vehicle crash involving stolen vehicle",https://a57.foxnews.com/static.foxnews.com/foxnews.com/content/uploads/2023/04/348/196/Woodland-California.jpg?ve=1&tl=1,U.S. News,9-Apr-23,,,22
Massachusetts man found dead on side of Cohasset road: police,https://a57.foxnews.com/static.foxnews.com/foxnews.com/content/uploads/2023/04/348/196/cohasset1.jpg?ve=1&tl=1,U.S. News,9-Apr-23,,,
Chicago police find two bodies near O’Hare Airport hours apart,https://a57.foxnews.com/static.foxnews.com/foxnews.com/content/uploads/2023/04/348/196/oharedeaths2.jpg?ve=1&tl=1,U.S. News,9-Apr-23,,,
Study reveals how life survived on ‘Snowball Earth’,https://a57.foxnews.com/static.foxnews.com/foxnews.com/content/uploads/2023/04/540/304/ice.jpg?ve=1&tl=1,U.S. News,9-Apr-23,,,
New exhibit in Mexico City celebrates discovery of Mexica lunar goddess monolith,https://a57.foxnews.com/static.foxnews.com/foxnews.com/content/uploads/2023/04/540/304/monolith.jpg?ve=1&tl=1,U.S. News,9-Apr-23,,,
"Arkansas Legislature approves $6.2B budget plan, sentencing overhaul",https://a57.foxnews.com/static.foxnews.com/foxnews.com/content/uploads/2023/04/540/304/arkansas_budget.jpg?ve=1&tl=1,U.S. News,9-Apr-23,,,
Over 100K Canadians without power after brutal ice storm,https://a57.foxnews.com/static.foxnews.com/foxnews.com/content/uploads/2023/04/540/304/canada_ice_storm.jpg?ve=1&tl=1,U.S. News,9-Apr-23,,,
Delivery driver fixes and salutes homeowner's American flag,https://a57.foxnews.com/cf-images.us-east-1.prod.boltdns.net/v1/static/694940094001/cc26c103-8274-42a6-b7e3-54ae14b18c1e/581a15e5-f752-464e-8275-961f42eee4f0/1280x720/match/540/304/image.jpg?ve=1&tl=1,U.S. News,9-Apr-23,,,
Why Thomas Edison should be considered the patron saint of homeschooling,https://a57.foxnews.com/static.foxnews.com/foxnews.com/content/uploads/2020/12/540/304/660-Thomas-Edison-AP-1.jpg?ve=1&tl=1,U.S. News,9-Apr-23,,,
"Black history through the years: Rosa Parks, Sojourner Truth, MLK Jr. and other famous figures in the US",https://a57.foxnews.com/static.foxnews.com/foxnews.com/content/uploads/2022/01/540/304/mlk.jpg?ve=1&tl=1,U.S. News,9-Apr-23,,,
"How to send Valentines to kids in hospitals, nursing home residents and more",https://a57.foxnews.com/static.foxnews.com/foxnews.com/content/uploads/2020/02/540/304/Father-2.jpg?ve=1&tl=1,U.S. News,9-Apr-23,,,
Oklahoma death row inmate's lawyer demands new trial after AG says conviction should be vacated,https://a57.foxnews.com/static.foxnews.com/foxnews.com/content/uploads/2022/07/348/196/home-s3-bg1.jpg?ve=1&tl=1,U.S. News Crime,9-Apr-23,,,
Harmony Montgomery murder: Police search for remains of missing NH girl in Massachusetts,https://a57.foxnews.com/static.foxnews.com/foxnews.com/content/uploads/2022/10/348/196/Adam-and-Harmony-Montgomery-split.jpg?ve=1&tl=1,U.S. News Crime,9-Apr-23,,,
Gabby Petito's parents ask Brian Laundrie's parents about major withdrawals in new court filing,https://a57.foxnews.com/static.foxnews.com/foxnews.com/content/uploads/2021/09/348/196/Gabby-Petito-Bryce-Canyon.jpg?ve=1&tl=1,U.S. News Crime,9-Apr-23,,,
Delphi murders suspect Richard Allen's lawyers say he is enduring 'prisoner of war' conditions,https://a57.foxnews.com/static.foxnews.com/foxnews.com/content/uploads/2023/04/348/196/Allen2.jpg?ve=1&tl=1,U.S. News Crime,9-Apr-23,,,
Third Florida teen dies in suspected gang-linked triple homicide,https://a57.foxnews.com/static.foxnews.com/foxnews.com/content/uploads/2023/04/348/196/collage-5.jpg?ve=1&tl=1,U.S. News Crime,9-Apr-23,,,
"Stephen Smith pathologist has determined cause, manner of death after autopsy: report",https://a57.foxnews.com/static.foxnews.com/foxnews.com/content/uploads/2023/04/348/196/stephen-smith-next-to-grave.jpg?ve=1&tl=1,U.S. News Crime,9-Apr-23,,,
"Florida police eye gang link to teen murders, arrest imminent",https://a57.foxnews.com/static.foxnews.com/foxnews.com/content/uploads/2023/04/348/196/242373720_231970338892290_8386560817137742957_n.jpg?ve=1&tl=1,U.S. News Crime,9-Apr-23,,,
Alex Murdaugh's prison love letters: 'I think about you all day',https://a57.foxnews.com/static.foxnews.com/foxnews.com/content/uploads/2023/03/348/196/ab87d6f9-Murdaugh-Trial-Day25_42.jpeg?ve=1&tl=1,U.S. News Crime,9-Apr-23,,,
"Lori Vallow trial: What to know about 'cult mom' accused of killing 2 kids, husband's ex-wife",https://a57.foxnews.com/static.foxnews.com/foxnews.com/content/uploads/2023/04/348/196/download.jpg?ve=1&tl=1,U.S. News Crime,9-Apr-23,,,
Florida police rule out serial killer after finding 3 teens shot in rural area,https://a57.foxnews.com/static.foxnews.com/foxnews.com/content/uploads/2023/04/348/196/242373720_231970338892290_8386560817137742957_n.jpg?ve=1&tl=1,U.S. News Crime,9-Apr-23,,,
Bank accounts of New York 'roofie murder' victims drained via facial recognition technology,https://a57.foxnews.com/static.foxnews.com/foxnews.com/content/uploads/2023/04/348/196/vics-and-perps-nyc-facial-recognition.jpg?ve=1&tl=1,U.S. News Crime,9-Apr-23,,,
Madeleine McCann: Woman claiming to be missing British toddler gets DNA test results,https://a57.foxnews.com/static.foxnews.com/foxnews.com/content/uploads/2023/02/348/196/collage-31.jpg?ve=1&tl=1,U.S. News Crime,9-Apr-23,,,
"Pennsylvania kidnapping survivor remembers dragging 'cold, heavy chain' from captor's dungeon during rescue",https://a57.foxnews.com/static.foxnews.com/foxnews.com/content/uploads/2023/03/348/196/kozak-split_720.jpg?ve=1&tl=1,U.S. News Crime,9-Apr-23,,,
"Murdaugh family keepsake purchased at auction was gifted to Buster, lawyer says",https://a57.foxnews.com/static.foxnews.com/foxnews.com/content/uploads/2023/02/348/196/Murdaugh_Trial08.jpg?ve=1&tl=1,U.S. News Crime,9-Apr-23,,,
Serial killer BTK lays out alibi amid new questioning over 1976 Oklahoma cold case,https://a57.foxnews.com/static.foxnews.com/foxnews.com/content/uploads/2023/04/348/196/US-Serial-Killer-BTK-lays-out-alibi-amid-new-questioning-over-1976-Oklahoma-cold-case.jpg?ve=1&tl=1,U.S. News Crime,9-Apr-23,,,
Ted Bundy’s ex-girlfriend recalls horrifying encounter with the serial killer: 'He just laughed',https://a57.foxnews.com/static.foxnews.com/foxnews.com/content/uploads/2023/03/348/196/Getty_TedBundy.jpg?ve=1&tl=1,U.S. News Crime,9-Apr-23,,,
US Marshals 'Most Wanted' capture in Mexico uncovers missing Washington siblings,https://a57.foxnews.com/static.foxnews.com/foxnews.com/content/uploads/2023/03/348/196/collage-3.jpg?ve=1&tl=1,U.S. News Crime,9-Apr-23,,,
Idaho 'cult mom' Lori Vallow seeks to keep slain child's grandparents from court,https://a57.foxnews.com/static.foxnews.com/foxnews.com/content/uploads/2023/03/348/196/collage-2.jpg?ve=1&tl=1,U.S. News Crime,9-Apr-23,,,
Stephen Smith probe: Bombshell report names persons of interest in his killing,https://a57.foxnews.com/static.foxnews.com/foxnews.com/content/uploads/2023/03/348/196/collage-39.jpg?ve=1&tl=1,U.S. News Crime,9-Apr-23,,,
Serial killer BTK reveals he's been questioned again in 1976 cold case kidnapping of Cynthia Dawn Kinney,https://a57.foxnews.com/static.foxnews.com/foxnews.com/content/uploads/2023/03/348/196/Kinney-Rader-split.jpg?ve=1&tl=1,U.S. News Crime,9-Apr-23,,,
Idaho murder suspect Bryan Kohberger's internal affairs disclosure unlikely tied to student stabbings: experts,https://a57.foxnews.com/static.foxnews.com/foxnews.com/content/uploads/2023/01/348/196/Bryan-Kohberger-inset-Judge-Megan-Marshall.jpg?ve=1&tl=1,U.S. News Crime,9-Apr-23,,,
Study reveals how life survived on ‘Snowball Earth’,https://a57.foxnews.com/static.foxnews.com/foxnews.com/content/uploads/2023/04/348/196/ice.jpg?ve=1&tl=1,U.S. News AP,9-Apr-23,,,
New exhibit in Mexico City celebrates discovery of Mexica lunar goddess monolith,https://a57.foxnews.com/static.foxnews.com/foxnews.com/content/uploads/2023/04/348/196/monolith.jpg?ve=1&tl=1,U.S. News AP,9-Apr-23,,,
"Arkansas Legislature approves $6.2B budget plan, sentencing overhaul",https://a57.foxnews.com/static.foxnews.com/foxnews.com/content/uploads/2023/04/348/196/arkansas_budget.jpg?ve=1&tl=1,U.S. News AP,9-Apr-23,,,
Over 100K Canadians without power after brutal ice storm,https://a57.foxnews.com/static.foxnews.com/foxnews.com/content/uploads/2023/04/348/196/canada_ice_storm.jpg?ve=1&tl=1,U.S. News AP,9-Apr-23,,,
Wisconsin DNR releases 3.5K public comments on wolf management plan,https://a57.foxnews.com/static.foxnews.com/foxnews.com/content/uploads/2023/02/348/196/AP23059579287029.jpg?ve=1&tl=1,U.S. News AP,9-Apr-23,,,
,,,,,,
,,,,,,
,,,,,,
,,,,,,
,,,,,,
,,,,,,
,,,,,,
,,,,,,
,,,,,,
,,,,,,
,,,,,,
,,,,,,
,,,,,,
,,,,,,
,,,,,,
,,,,,,
,,,,,,
,,,,,,
,,,,,,
,,,,,,
,,,,,,
,,,,,,
,,,,,,
,,,,,,
,,,,,,
,,,,,,
,,,,,,
,,,,,,
,,,,,,
,,,,,,
,,,,,,
,,,,,,
,,,,,,
,,,,,,
,,,,,,
,,,,,,
,,,,,,
,,,,,,
,,,,,,
,,,,,,