﻿Title,Image,Section,Date
Oklahoma death row inmate's lawyer demands new trial after AG says conviction should be vacated,https://a57.foxnews.com/static.foxnews.com/foxnews.com/content/uploads/2022/07/348/196/home-s3-bg1.jpg?ve=1&tl=1,U.S. News Crime,9-Apr-23
Harmony Montgomery murder: Police search for remains of missing NH girl in Massachusetts,https://a57.foxnews.com/static.foxnews.com/foxnews.com/content/uploads/2022/10/348/196/Adam-and-Harmony-Montgomery-split.jpg?ve=1&tl=1,U.S. News Crime,9-Apr-23
Gabby Petito's parents ask Brian Laundrie's parents about major withdrawals in new court filing,https://a57.foxnews.com/static.foxnews.com/foxnews.com/content/uploads/2021/09/348/196/Gabby-Petito-Bryce-Canyon.jpg?ve=1&tl=1,U.S. News Crime,9-Apr-23
Delphi murders suspect Richard Allen's lawyers say he is enduring 'prisoner of war' conditions,https://a57.foxnews.com/static.foxnews.com/foxnews.com/content/uploads/2023/04/348/196/Allen2.jpg?ve=1&tl=1,U.S. News Crime,9-Apr-23
Third Florida teen dies in suspected gang-linked triple homicide,https://a57.foxnews.com/static.foxnews.com/foxnews.com/content/uploads/2023/04/348/196/collage-5.jpg?ve=1&tl=1,U.S. News Crime,9-Apr-23
"Stephen Smith pathologist has determined cause, manner of death after autopsy: report",https://a57.foxnews.com/static.foxnews.com/foxnews.com/content/uploads/2023/04/348/196/stephen-smith-next-to-grave.jpg?ve=1&tl=1,U.S. News Crime,9-Apr-23
"Florida police eye gang link to teen murders, arrest imminent",https://a57.foxnews.com/static.foxnews.com/foxnews.com/content/uploads/2023/04/348/196/242373720_231970338892290_8386560817137742957_n.jpg?ve=1&tl=1,U.S. News Crime,9-Apr-23
Alex Murdaugh's prison love letters: 'I think about you all day',https://a57.foxnews.com/static.foxnews.com/foxnews.com/content/uploads/2023/03/348/196/ab87d6f9-Murdaugh-Trial-Day25_42.jpeg?ve=1&tl=1,U.S. News Crime,9-Apr-23
"Lori Vallow trial: What to know about 'cult mom' accused of killing 2 kids, husband's ex-wife",https://a57.foxnews.com/static.foxnews.com/foxnews.com/content/uploads/2023/04/348/196/download.jpg?ve=1&tl=1,U.S. News Crime,9-Apr-23
Florida police rule out serial killer after finding 3 teens shot in rural area,https://a57.foxnews.com/static.foxnews.com/foxnews.com/content/uploads/2023/04/348/196/242373720_231970338892290_8386560817137742957_n.jpg?ve=1&tl=1,U.S. News Crime,9-Apr-23
Bank accounts of New York 'roofie murder' victims drained via facial recognition technology,https://a57.foxnews.com/static.foxnews.com/foxnews.com/content/uploads/2023/04/348/196/vics-and-perps-nyc-facial-recognition.jpg?ve=1&tl=1,U.S. News Crime,9-Apr-23
Madeleine McCann: Woman claiming to be missing British toddler gets DNA test results,https://a57.foxnews.com/static.foxnews.com/foxnews.com/content/uploads/2023/02/348/196/collage-31.jpg?ve=1&tl=1,U.S. News Crime,9-Apr-23
"Pennsylvania kidnapping survivor remembers dragging 'cold, heavy chain' from captor's dungeon during rescue",https://a57.foxnews.com/static.foxnews.com/foxnews.com/content/uploads/2023/03/348/196/kozak-split_720.jpg?ve=1&tl=1,U.S. News Crime,9-Apr-23
"Murdaugh family keepsake purchased at auction was gifted to Buster, lawyer says",https://a57.foxnews.com/static.foxnews.com/foxnews.com/content/uploads/2023/02/348/196/Murdaugh_Trial08.jpg?ve=1&tl=1,U.S. News Crime,9-Apr-23
Serial killer BTK lays out alibi amid new questioning over 1976 Oklahoma cold case,https://a57.foxnews.com/static.foxnews.com/foxnews.com/content/uploads/2023/04/348/196/US-Serial-Killer-BTK-lays-out-alibi-amid-new-questioning-over-1976-Oklahoma-cold-case.jpg?ve=1&tl=1,U.S. News Crime,9-Apr-23
Ted Bundy’s ex-girlfriend recalls horrifying encounter with the serial killer: 'He just laughed',https://a57.foxnews.com/static.foxnews.com/foxnews.com/content/uploads/2023/03/348/196/Getty_TedBundy.jpg?ve=1&tl=1,U.S. News Crime,9-Apr-23
US Marshals 'Most Wanted' capture in Mexico uncovers missing Washington siblings,https://a57.foxnews.com/static.foxnews.com/foxnews.com/content/uploads/2023/03/348/196/collage-3.jpg?ve=1&tl=1,U.S. News Crime,9-Apr-23
Idaho 'cult mom' Lori Vallow seeks to keep slain child's grandparents from court,https://a57.foxnews.com/static.foxnews.com/foxnews.com/content/uploads/2023/03/348/196/collage-2.jpg?ve=1&tl=1,U.S. News Crime,9-Apr-23
Stephen Smith probe: Bombshell report names persons of interest in his killing,https://a57.foxnews.com/static.foxnews.com/foxnews.com/content/uploads/2023/03/348/196/collage-39.jpg?ve=1&tl=1,U.S. News Crime,9-Apr-23
Serial killer BTK reveals he's been questioned again in 1976 cold case kidnapping of Cynthia Dawn Kinney,https://a57.foxnews.com/static.foxnews.com/foxnews.com/content/uploads/2023/03/348/196/Kinney-Rader-split.jpg?ve=1&tl=1,U.S. News Crime,9-Apr-23
Idaho murder suspect Bryan Kohberger's internal affairs disclosure unlikely tied to student stabbings: experts,https://a57.foxnews.com/static.foxnews.com/foxnews.com/content/uploads/2023/01/348/196/Bryan-Kohberger-inset-Judge-Megan-Marshall.jpg?ve=1&tl=1,U.S. News Crime,9-Apr-23
Pennsylvania police on 1989 cold case tear down prime suspect's house,https://a57.foxnews.com/static.foxnews.com/foxnews.com/content/uploads/2023/03/348/196/TRACY-MARIE-KROH-2.jpg?ve=1&tl=1,U.S. News Crime,9-Apr-23
"LA DA George Gascon challenged by Jonathan Hatami, prosecutor of child killers",https://a57.foxnews.com/static.foxnews.com/foxnews.com/content/uploads/2023/03/348/196/GettyImages-1247881045-1.jpg?ve=1&tl=1,U.S. News Crime,9-Apr-23
Minnesota mom's murder conviction overturned in death of boyfriend 'she wanted to stop talking',https://a57.foxnews.com/static.foxnews.com/foxnews.com/content/uploads/2023/03/348/196/Clark-Butler-2.jpg?ve=1&tl=1,U.S. News Crime,9-Apr-23
Colorado dentist accused of fatally poisoning wife on verge of financial ruin: court papers,https://a57.foxnews.com/static.foxnews.com/foxnews.com/content/uploads/2023/03/348/196/Angela-and-James-Toliver-Craig.jpg?ve=1&tl=1,U.S. News Crime,9-Apr-23
"Indiana child porn suspect tied to Delphi murders expected to plead guilty, leaving 'questions unanswered'",https://a57.foxnews.com/static.foxnews.com/foxnews.com/content/uploads/2021/12/348/196/Kegan.png?ve=1&tl=1,U.S. News Crime,9-Apr-23
Judge in Alex Murdaugh trial breaks silence for first time since sentencing,https://a57.foxnews.com/static.foxnews.com/foxnews.com/content/uploads/2023/03/348/196/Alex-Murdaugh-Murder-Trial-Day26_81.jpg?ve=1&tl=1,U.S. News Crime,9-Apr-23
Lori Vallow trial: 5 murder defendants who pointed to unknown assailants,https://a57.foxnews.com/static.foxnews.com/foxnews.com/content/uploads/2022/08/348/196/AP22228774218562-1.jpg?ve=1&tl=1,U.S. News Crime,9-Apr-23
Florida plastic surgeon may have murdered missing lawyer in law firm bathroom: police,https://a57.foxnews.com/static.foxnews.com/foxnews.com/content/uploads/2023/03/348/196/Dr.-Kosowski-and-Steven-Cozzi.jpg?ve=1&tl=1,U.S. News Crime,9-Apr-23
New Hampshire man accused of 5-year-old daughter's murder faces new gun charges,https://a57.foxnews.com/static.foxnews.com/foxnews.com/content/uploads/2023/03/348/196/nh_father_missing_arrested.jpg?ve=1&tl=1,U.S. News Crime,9-Apr-23
Stephen Smith probe: Hear the 911 call reporting dead body just miles from Murdaughs' South Carolina estate,https://a57.foxnews.com/static.foxnews.com/foxnews.com/content/uploads/2023/03/348/196/Smith-1.jpg?ve=1&tl=1,U.S. News Crime,9-Apr-23
"Minnesota murder suspect allegedly dismembered man, told girlfriend they had to leave ‘due to their mistake’",https://a57.foxnews.com/static.foxnews.com/foxnews.com/content/uploads/2023/03/348/196/Mugshots-split.jpg?ve=1&tl=1,U.S. News Crime,9-Apr-23
Former deputy US marshal convicted in fake 'rape fantasy' plot to frame ex,https://a57.foxnews.com/static.foxnews.com/foxnews.com/content/uploads/2023/03/348/196/Ian-and-Angela-Diaz-_-Michelle-Hadley.jpg?ve=1&tl=1,U.S. News Crime,9-Apr-23
Murdaugh Moselle possessions pop up on eBay with exorbitant price tags,https://a57.foxnews.com/static.foxnews.com/foxnews.com/content/uploads/2023/03/348/196/Alex-Murdaugh-hunting-case.jpg?ve=1&tl=1,U.S. News Crime,9-Apr-23
How ambush killing of Florida Microsoft executive tore his family apart,https://a57.foxnews.com/static.foxnews.com/foxnews.com/content/uploads/2023/03/348/196/Bridegan-Kirsten-tenon-mario-split.jpeg?ve=1&tl=1,U.S. News Crime,9-Apr-23
Wisconsin cheese shop owners allegedly shot by son who detailed murder plans in journal: police,https://a57.foxnews.com/static.foxnews.com/foxnews.com/content/uploads/2023/03/348/196/Union-Star-1.jpg?ve=1&tl=1,U.S. News Crime,9-Apr-23
Florida teenager learns fate for fatally stabbing 13-year-old cheerleader on Mother's Day,https://a57.foxnews.com/static.foxnews.com/foxnews.com/content/uploads/2023/03/348/196/Tristyn-Bailey-with-a-horse.jpg?ve=1&tl=1,U.S. News Crime,9-Apr-23
Murdaugh Moselle estate items sell for big bucks as buyers descend on South Carolina auction,https://a57.foxnews.com/static.foxnews.com/foxnews.com/content/uploads/2023/03/348/196/Murdaugh-auction-couch-1.jpg?ve=1&tl=1,U.S. News Crime,9-Apr-23
Who killed Maria Telles-Gonzalez? Woman found murdered in ditch on Murdaugh turf in 1995,https://a57.foxnews.com/static.foxnews.com/foxnews.com/content/uploads/2023/03/348/196/Maria-Telles-Gonzalez-photo.jpg?ve=1&tl=1,U.S. News Crime,9-Apr-23
Colorado dentist accused of fatally poisoning wife to be with lover faces his kids in court,https://a57.foxnews.com/static.foxnews.com/foxnews.com/content/uploads/2023/03/348/196/Angela-and-James-Toliver-Craig.jpg?ve=1&tl=1,U.S. News Crime,9-Apr-23
NJ councilwoman murder: Slain Republican's family calls for justice 7 weeks after unsolved killing,https://a57.foxnews.com/static.foxnews.com/foxnews.com/content/uploads/2023/02/348/196/EUNICE-DWUMFOUR-NJ-COUNCILWOMAN-2.jpg?ve=1&tl=1,U.S. News Crime,9-Apr-23
Jared Bridegan murder: Ex-wife's family says she's separated from husband,https://a57.foxnews.com/static.foxnews.com/foxnews.com/content/uploads/2023/03/348/196/mario-Fernandez-Shanna-Gardner-Fernandez-snow-cones-hawaii.jpg?ve=1&tl=1,U.S. News Crime,9-Apr-23
Former US swim champ Jamie Cail died in Virgin Islands a month ago and it's unclear how,https://a57.foxnews.com/static.foxnews.com/foxnews.com/content/uploads/2023/02/348/196/Jamie_Cail-03.jpg?ve=1&tl=1,U.S. News Crime,9-Apr-23
"Idaho's move to resurrect firing squad 'makes sense' as 'quickest, surest' death penalty option, expert says",https://a57.foxnews.com/static.foxnews.com/foxnews.com/content/uploads/2023/01/348/196/kohberger-in-court-ap-3.jpg?ve=1&tl=1,U.S. News Crime,9-Apr-23
"Ohio police bodycam videos reveal neighbors reacting to 3 men found bound, gagged, executed",https://a57.foxnews.com/static.foxnews.com/foxnews.com/content/uploads/2023/03/348/196/akron-1.jpg?ve=1&tl=1,U.S. News Crime,9-Apr-23
Stephen Smith's mother sent letter to FBI implicating Murdaughs in 2016,https://a57.foxnews.com/static.foxnews.com/foxnews.com/content/uploads/2023/01/348/196/Buster-Murdaugh-and-Stephen-Smith-split.jpg?ve=1&tl=1,U.S. News Crime,9-Apr-23
Georgia authorities identify remains of missing pregnant woman a decade after she disappeared,https://a57.foxnews.com/static.foxnews.com/foxnews.com/content/uploads/2023/03/348/196/Crystal-Hendrix-1.jpg?ve=1&tl=1,U.S. News Crime,9-Apr-23
Murdaugh fallout: Housekeeper Gloria Satterfield's sons 'want justice' in lawyer's alleged financial crimes,https://a57.foxnews.com/static.foxnews.com/foxnews.com/content/uploads/2023/03/348/196/Leo-2.jpg?ve=1&tl=1,U.S. News Crime,9-Apr-23
Alex Murdaugh's lawyer 'mad as hell' after jail call released,https://a57.foxnews.com/static.foxnews.com/foxnews.com/content/uploads/2023/02/348/196/Murdaugh-Trial-Day25-Pool_38.jpg?ve=1&tl=1,U.S. News Crime,9-Apr-23
Idaho 'Cult Mom' Lori Vallow no longer facing possibility of death penalty if convicted as trial looms,https://a57.foxnews.com/static.foxnews.com/foxnews.com/content/uploads/2023/01/348/196/Lori_Vallow_011923-1.jpg?ve=1&tl=1,U.S. News Crime,9-Apr-23
Colorado dentist accused of poisoning wife's protein shakes to start new life with lover,https://a57.foxnews.com/static.foxnews.com/foxnews.com/content/uploads/2023/03/348/196/Angela-and-James-Toliver-Craig.jpg?ve=1&tl=1,U.S. News Crime,9-Apr-23
Murdaugh items from South Carolina estate Moselle up for auction as home sells,https://a57.foxnews.com/static.foxnews.com/foxnews.com/content/uploads/2023/03/348/196/336773240_875065086931075_7519715400032341770_n-1.jpg?ve=1&tl=1,U.S. News Crime,9-Apr-23
"Missing Illinois woman found wrapped in sheet, dumped in shopping cart in Chicago alley",https://a57.foxnews.com/static.foxnews.com/foxnews.com/content/uploads/2023/03/348/196/Rosa-Chacon-2.jpg?ve=1&tl=1,U.S. News Crime,9-Apr-23
"Madeleine McCann disappearance: 'Practically impossible' for Polish woman to be missing girl, AI reveals",https://a57.foxnews.com/static.foxnews.com/foxnews.com/content/uploads/2023/02/348/196/collage-31.jpg?ve=1&tl=1,U.S. News Crime,9-Apr-23
Idaho murders: State Senate passes bill to reinstate execution by firing squad,https://a57.foxnews.com/static.foxnews.com/foxnews.com/content/uploads/2023/01/348/196/kohberger-in-court-ap-6.jpg?ve=1&tl=1,U.S. News Crime,9-Apr-23
Buster Murdaugh 'has nothing to do' with investigation into Stephen Smith's death: Smith family lawyer,https://a57.foxnews.com/static.foxnews.com/foxnews.com/content/uploads/2023/02/348/196/Murdaugh_Trial08.jpg?ve=1&tl=1,U.S. News Crime,9-Apr-23
Murdaugh fallout: Lawyers for Stephen Smith's family 'don't accept' original cause of death,https://a57.foxnews.com/static.foxnews.com/foxnews.com/content/uploads/2023/03/348/196/collage-39.jpg?ve=1&tl=1,U.S. News Crime,9-Apr-23
Buster Murdaugh blasts 'baseless rumors' surrounding 2015 death of classmate Stephen Smith,https://a57.foxnews.com/static.foxnews.com/foxnews.com/content/uploads/2023/03/348/196/Alex-Murdaugh-Sentencing-Day27_094.jpg?ve=1&tl=1,U.S. News Crime,9-Apr-23
New York investigators probing fire in Chinese billionaire's apartment that broke out hours after arrest,https://a57.foxnews.com/static.foxnews.com/foxnews.com/content/uploads/2023/03/348/196/h_14300367.jpg?ve=1&tl=1,U.S. News Crime,9-Apr-23
Body of Buster Murdaugh's former classmate Stephen Smith to be exhumed,https://a57.foxnews.com/static.foxnews.com/foxnews.com/content/uploads/2023/03/348/196/collage-39.jpg?ve=1&tl=1,U.S. News Crime,9-Apr-23
Maggie Murdaugh’s friends break silence: 'She was a dutiful wife',https://a57.foxnews.com/static.foxnews.com/foxnews.com/content/uploads/2023/02/348/196/Maggie-Murdaugh-Marian-Proctor-Buster-Maggie-Paul.jpg?ve=1&tl=1,U.S. News Crime,9-Apr-23
Alleged 'Family Feud' killer studied criminal justice years before estranged wife's murder,https://a57.foxnews.com/static.foxnews.com/foxnews.com/content/uploads/2023/03/348/196/Tim-Bliefnick-Family-Feud.jpg?ve=1&tl=1,U.S. News Crime,9-Apr-23
"Virgin Islands deaths: Americans face crime, violence amid rising concerns over US territory's policing",https://a57.foxnews.com/static.foxnews.com/foxnews.com/content/uploads/2019/07/348/196/little-st-james-1.jpg?ve=1&tl=1,U.S. News Crime,9-Apr-23
New York police close to cracking decades-old murder of cop's daughter: 'We're coming for you',https://a57.foxnews.com/static.foxnews.com/foxnews.com/content/uploads/2023/03/348/196/Leo-6.jpg?ve=1&tl=1,U.S. News Crime,9-Apr-23
Jared Bridegan murder: Florida state attorney announces arrest in Microsoft exec's slaying,https://a57.foxnews.com/static.foxnews.com/foxnews.com/content/uploads/2023/03/348/196/Jared-Bridegan-and-Mario-Fernandez.jpg?ve=1&tl=1,U.S. News Crime,9-Apr-23
"Texas man whose son helped dump mother's corpse convicted of killing wife, lover after catching them on camera",https://a57.foxnews.com/static.foxnews.com/foxnews.com/content/uploads/2023/03/348/196/Adriana-Perez-Jordy-Suljanovic.jpg?ve=1&tl=1,U.S. News Crime,9-Apr-23
Alex Murdaugh fallout: Mother of Buster Murdaugh's deceased high school classmate seeks independent autopsy,https://a57.foxnews.com/static.foxnews.com/foxnews.com/content/uploads/2023/01/348/196/Buster-Murdaugh-and-Stephen-Smith-split.jpg?ve=1&tl=1,U.S. News Crime,9-Apr-23
Major break in mysterious murder of Florida Microsoft executive Jared Bridegan,https://a57.foxnews.com/static.foxnews.com/foxnews.com/content/uploads/2022/08/348/196/bridegan-family-amusement-park-baby.jpg?ve=1&tl=1,U.S. News Crime,9-Apr-23
Alaska man arrested in Colorado murder for second time after witnesses come forward,https://a57.foxnews.com/static.foxnews.com/foxnews.com/content/uploads/2023/03/348/196/6169dd0f-John-Angerer.jpg?ve=1&tl=1,U.S. News Crime,9-Apr-23
DNA strands are key in solving cold case investigations through genetic genealogy,https://a57.foxnews.com/static.foxnews.com/foxnews.com/content/uploads/2023/01/348/196/Kohberger-victims.jpg?ve=1&tl=1,U.S. News Crime,9-Apr-23
Texas teen rescued from suspected trafficker's NC shed may have met him through video game,https://a57.foxnews.com/static.foxnews.com/foxnews.com/content/uploads/2023/03/348/196/north-carolina-teen-shed-3.jpg?ve=1&tl=1,U.S. News Crime,9-Apr-23
Suspected 'Family Feud' killer's haunting jokes under scrutiny after estranged wife's shooting death,https://a57.foxnews.com/static.foxnews.com/foxnews.com/content/uploads/2023/03/348/196/Bliefnick-split.jpg?ve=1&tl=1,U.S. News Crime,9-Apr-23
Amanda Knox shocks Twitter with study abroad joke after Italy prison stint,https://a57.foxnews.com/static.foxnews.com/foxnews.com/content/uploads/2023/03/348/196/GettyImages-127937906-1.jpg?ve=1&tl=1,U.S. News Crime,9-Apr-23
Parents of Mississippi newborn charged with murder 30 years after baby found in dumpster,https://a57.foxnews.com/static.foxnews.com/foxnews.com/content/uploads/2023/03/348/196/Carriere-Mugshot.jpg?ve=1&tl=1,U.S. News Crime,9-Apr-23
Alex Murdaugh fallout: Death of Buster Murdaugh's high school classmate back in spotlight after verdict,https://a57.foxnews.com/static.foxnews.com/foxnews.com/content/uploads/2023/01/348/196/Buster-Murdaugh-and-Stephen-Smith-split.jpg?ve=1&tl=1,U.S. News Crime,9-Apr-23
"Illinois man held without bail in slaying of estranged wife Becky Bliefnick, a nurse and mother of three",https://a57.foxnews.com/static.foxnews.com/foxnews.com/content/uploads/2023/03/348/196/timothy-bliefnick-mug.jpg?ve=1&tl=1,U.S. News Crime,9-Apr-23
Alex Murdaugh's accomplice Russell Laffitte files second motion for new trial after Murdaugh's guilty verdict,https://a57.foxnews.com/static.foxnews.com/foxnews.com/content/uploads/2022/07/348/196/Alex-Murdaugh-Russell-Laffitte.jpg?ve=1&tl=1,U.S. News Crime,9-Apr-23
Idaho murders: Bryan Kohberger investigation clues revealed as court unseals heavily redacted documents,https://a57.foxnews.com/static.foxnews.com/foxnews.com/content/uploads/2023/01/348/196/kohberger-in-court-ap-3.jpg?ve=1&tl=1,U.S. News Crime,9-Apr-23
"Florida man shot girlfriend, burned corpse and scattered remains through 2,700-acre 'Compound,' cops allege",https://a57.foxnews.com/static.foxnews.com/foxnews.com/content/uploads/2023/03/348/196/Stearns-Howery-split.jpg?ve=1&tl=1,U.S. News Crime,9-Apr-23
"Former NY cop, ex-Epstein cellmate, faces quadruple murder trial after bodies found buried at his home",https://a57.foxnews.com/static.foxnews.com/foxnews.com/content/uploads/2018/09/348/196/tartaglione1280.jpg?ve=1&tl=1,U.S. News Crime,9-Apr-23
"Missing Texas 13-year-old girl found locked up in North Carolina shed, man charged with trafficking",https://a57.foxnews.com/static.foxnews.com/foxnews.com/content/uploads/2023/03/348/196/Jorge-Ivan-Santos-Camacho.jpg?ve=1&tl=1,U.S. News Crime,9-Apr-23
Becky Bliefnick murder: Illinois police arrest estranged husband in nurse's shooting death,https://a57.foxnews.com/static.foxnews.com/foxnews.com/content/uploads/2023/03/348/196/Becky-Bliefnick-3.jpg?ve=1&tl=1,U.S. News Crime,9-Apr-23
Virgin Islands officials mum on US swim champ autopsy results as spring break vacations begin,https://a57.foxnews.com/static.foxnews.com/foxnews.com/content/uploads/2023/02/348/196/Jamie_Cail-01.jpg?ve=1&tl=1,U.S. News Crime,9-Apr-23
"Washington podcaster killed by Texas stalker had major back surgery, limited mobility before ambush",https://a57.foxnews.com/static.foxnews.com/foxnews.com/content/uploads/2023/03/348/196/Redmond-split.jpg?ve=1&tl=1,U.S. News Crime,9-Apr-23
Spring break dangers: 5 Americans whose vacations ended in death,https://a57.foxnews.com/static.foxnews.com/foxnews.com/content/uploads/2023/03/348/196/thumnail.jpg?ve=1&tl=1,U.S. News Crime,9-Apr-23
"Idaho murders: Kohberger court filings show where warrants were served, including Tinder, DoorDash, Reddit",https://a57.foxnews.com/static.foxnews.com/foxnews.com/content/uploads/2023/01/348/196/Kohberger-split.jpg?ve=1&tl=1,U.S. News Crime,9-Apr-23
"Texas man allegedly stalks, kills podcaster and husband in Washington home invasion shooting",https://a57.foxnews.com/static.foxnews.com/foxnews.com/content/uploads/2023/03/348/196/Ramin-Khodakaramrezaei-inset.jpg?ve=1&tl=1,U.S. News Crime,9-Apr-23
Murdaugh first responder reveals new crime scene details after guilty verdict,https://a57.foxnews.com/static.foxnews.com/foxnews.com/content/uploads/2023/03/348/196/Murdaugh-1.jpg?ve=1&tl=1,U.S. News Crime,9-Apr-23
Utah farmer Dylan Rounds remains missing as prime suspect charged with murder,https://a57.foxnews.com/static.foxnews.com/foxnews.com/content/uploads/2022/06/348/196/Dylan-and-Cooley.jpg?ve=1&tl=1,U.S. News Crime,9-Apr-23
"UK TikTokers reveal Paul Murdaugh in 2017 Bahamas video, stunned to discover his deadly demise",https://a57.foxnews.com/static.foxnews.com/foxnews.com/content/uploads/2023/02/348/196/Morgan-Doughty-and-Paul-Murdaugh.jpg?ve=1&tl=1,U.S. News Crime,9-Apr-23
Murdaugh boat crash victim Mallory Beach's father declined handshake with Alex Murdaugh's brother in court,https://a57.foxnews.com/static.foxnews.com/foxnews.com/content/uploads/2023/03/348/196/Alex-Murdaugh-Sentencing-Day27_082.jpg?ve=1&tl=1,U.S. News Crime,9-Apr-23
Alex Murdaugh's admissions in murder trial could impact financial crimes case: attorney,https://a57.foxnews.com/static.foxnews.com/foxnews.com/content/uploads/2021/09/348/196/Murdaugh-family.jpg?ve=1&tl=1,U.S. News Crime,9-Apr-23
Alex Murdaugh suicide-for-hire hitman Curtis 'Eddie' Smith could be key player in next trial,https://a57.foxnews.com/static.foxnews.com/foxnews.com/content/uploads/2022/06/348/196/MURDAUGH-SMITH-SPLIT.jpg?ve=1&tl=1,U.S. News Crime,9-Apr-23
Murdaugh boat crash victim Mallory Beach's family seeks 'accountability' in summer trial,https://a57.foxnews.com/static.foxnews.com/foxnews.com/content/uploads/2023/02/348/196/collage-25.jpg?ve=1&tl=1,U.S. News Crime,9-Apr-23
Missing Sarm Heslop's friends demand answers 2 years after UK woman vanished from US Virgin Islands,https://a57.foxnews.com/static.foxnews.com/foxnews.com/content/uploads/2023/03/348/196/Sarm-IG-3.jpg?ve=1&tl=1,U.S. News Crime,9-Apr-23
"Idaho murders suspect Bryan Kohberger was busted in PJs, stuffing trash in Ziploc bags, prosecutor says",https://a57.foxnews.com/static.foxnews.com/foxnews.com/content/uploads/2023/01/348/196/kohberger-in-court-ap-1.jpg?ve=1&tl=1,U.S. News Crime,9-Apr-23
Buster Murdaugh under intense scrutiny after Alex Murdaugh's guilty verdict,https://a57.foxnews.com/static.foxnews.com/foxnews.com/content/uploads/2023/03/348/196/Alex-Murdaugh-Sentencing-Day27_048.jpg?ve=1&tl=1,U.S. News Crime,9-Apr-23
Alex Murdaugh flashes new mugshot as convicted murderer awaits prison fate,https://a57.foxnews.com/static.foxnews.com/foxnews.com/content/uploads/2023/03/348/196/Murdaugh-Kirkland-Correctional-1.jpg?ve=1&tl=1,U.S. News Crime,9-Apr-23
"Anthony Avalos murder trial: Mom, boyfriend found guilty in 'monstrous' killing",https://a57.foxnews.com/static.foxnews.com/foxnews.com/content/uploads/2023/03/348/196/Avalos-trio.jpg?ve=1&tl=1,U.S. News Crime,9-Apr-23
"30 years after Rhode Island woman found dead in apartment, daughter expects new evidence in cold case",https://a57.foxnews.com/static.foxnews.com/foxnews.com/content/uploads/2023/03/348/196/lori-malloy-and-lauren.jpg?ve=1&tl=1,U.S. News Crime,9-Apr-23
Brian Laundrie's mom breaks silence on 'burn after reading' letter,https://a57.foxnews.com/static.foxnews.com/foxnews.com/content/uploads/2021/10/348/196/44.png?ve=1&tl=1,U.S. News Crime,9-Apr-23
Michigan man’s 911 call reporting girlfriend missing in US Virgin Islands never recorded: family,https://a57.foxnews.com/static.foxnews.com/foxnews.com/content/uploads/2021/03/348/196/Sarm-Heslop-6.jpg?ve=1&tl=1,U.S. News Crime,9-Apr-23
Alex Murdaugh’s brother: convicted killer ‘not telling the truth’ about double murders,https://a57.foxnews.com/static.foxnews.com/foxnews.com/content/uploads/2023/02/348/196/Alex-Murdaugh-Murder-Trial-Day10_002.jpg?ve=1&tl=1,U.S. News Crime,9-Apr-23
"California trans child molester's dad denies murder allegations, defends jailhouse calls",https://a57.foxnews.com/static.foxnews.com/foxnews.com/content/uploads/2023/03/348/196/Eddit-Tubbs-and-Hannah-Tubbs-inset.jpg?ve=1&tl=1,U.S. News Crime,9-Apr-23
Sister of Alex Murdaugh's slain wife Maggie seen for first time since sentencing,https://a57.foxnews.com/static.foxnews.com/foxnews.com/content/uploads/2023/03/348/196/Marion-Proctor-Maggie-Murdaugh001.jpg?ve=1&tl=1,U.S. News Crime,9-Apr-23
Graves of Maggie and Paul Murdaugh attract more than 100 visitors Sunday,https://a57.foxnews.com/static.foxnews.com/foxnews.com/content/uploads/2023/01/348/196/maggie-paul-murdaugh-flowers-e1674768460123.jpg?ve=1&tl=1,U.S. News Crime,9-Apr-23
"Illinois police vow justice for slain nurse Becky Bliefnick, mother of 3 found gunned down in own home",https://a57.foxnews.com/static.foxnews.com/foxnews.com/content/uploads/2023/03/348/196/Becky-Bliefnick-2.jpg?ve=1&tl=1,U.S. News Crime,9-Apr-23
"Jurors in Alex Murdaugh trial speak out, say dog kennel video sealed his fate",https://a57.foxnews.com/static.foxnews.com/foxnews.com/content/uploads/2023/03/348/196/ab87d6f9-Murdaugh-Trial-Day25_42.jpeg?ve=1&tl=1,U.S. News Crime,9-Apr-23
Infamous American homes in notorious crime cases,https://a57.foxnews.com/static.foxnews.com/foxnews.com/content/uploads/2023/03/348/196/GettyImages-53314654.jpg?ve=1&tl=1,U.S. News Crime,9-Apr-23
Fox Nation's fresh acquisition 'JAIL' pulls back the curtain on America's shocking criminal justice system,https://a57.foxnews.com/static.foxnews.com/foxnews.com/content/uploads/2023/03/348/196/jail.png?ve=1&tl=1,U.S. News Crime,9-Apr-23
"Why juries view crime scenes, like Alex Murdaugh's property",https://a57.foxnews.com/static.foxnews.com/foxnews.com/content/uploads/2023/03/348/196/murdaugh_estate.jpg?ve=1&tl=1,U.S. News Crime,9-Apr-23
Alex Murdaugh's son Buster seen for the first time since dad's murder conviction,https://a57.foxnews.com/static.foxnews.com/foxnews.com/content/uploads/2023/03/348/196/Buster-Murdaugh-dog_05.jpg?ve=1&tl=1,U.S. News Crime,9-Apr-23
Slain Illinois nurse Becky Bliefnick laid to rest,https://a57.foxnews.com/static.foxnews.com/foxnews.com/content/uploads/2023/03/348/196/Becky-Bliefnick-3.jpg?ve=1&tl=1,U.S. News Crime,9-Apr-23
Convicted killer Alex Murdaugh's new mugshot revealed after double life sentence,https://a57.foxnews.com/static.foxnews.com/foxnews.com/content/uploads/2023/03/348/196/AM1.jpg?ve=1&tl=1,U.S. News Crime,9-Apr-23
Bryan Kohberger lawyer blasts 'grotesquely twisted' media coverage of stabbing that killed 4 Idaho students,https://a57.foxnews.com/static.foxnews.com/foxnews.com/content/uploads/2023/01/348/196/idaho-kohberger-court-jan-12-2.jpg?ve=1&tl=1,U.S. News Crime,9-Apr-23
Alex Murdaugh's prison houses South Carolina’s most dangerous inmates,https://a57.foxnews.com/static.foxnews.com/foxnews.com/content/uploads/2023/03/348/196/Alex-Murdaugh-Sentencing-Day27_096.jpg?ve=1&tl=1,U.S. News Crime,9-Apr-23
Alabama inmate who survived botched execution fears he 'will fare no better' in second attempt,https://a57.foxnews.com/static.foxnews.com/foxnews.com/content/uploads/2023/03/348/196/Kenneth-Smith-Mugshot-Gurney.jpg?ve=1&tl=1,U.S. News Crime,9-Apr-23
Idaho murders: Bryan Kohberger’s former fish cleaning boss says suspect couldn't learn filleting,https://a57.foxnews.com/static.foxnews.com/foxnews.com/content/uploads/2023/03/348/196/Bryan-Kohberger-Idaho1.jpg?ve=1&tl=1,U.S. News Crime,9-Apr-23
Bryan Kohberger's Pennsylvania warrants: Experts break down key evidence,https://a57.foxnews.com/static.foxnews.com/foxnews.com/content/uploads/2023/01/348/196/Kohberger-close-up.jpeg?ve=1&tl=1,U.S. News Crime,9-Apr-23
"Alex Murdaugh trial: South Carolina attorney general, prosecutors, react to guilty verdict: 'Herculean effort'",https://a57.foxnews.com/static.foxnews.com/foxnews.com/content/uploads/2023/03/348/196/Alex-Murdaugh-Murder-Trial-Day26_137.jpg?ve=1&tl=1,U.S. News Crime,9-Apr-23
"Idaho murders update: More Bryan Kohberger documents released in Pennsylvania; knife, phone, masks seized",https://a57.foxnews.com/static.foxnews.com/foxnews.com/content/uploads/2023/03/348/196/Kohberger-inset-Elantra.jpg?ve=1&tl=1,U.S. News Crime,9-Apr-23
New Gabby Petito lawsuit filing reveals Brian Laundrie’s ‘mental and emotional threat’ weeks before murder,https://a57.foxnews.com/static.foxnews.com/foxnews.com/content/uploads/2021/10/348/196/Petito-Laundrie-thumb-3.jpg?ve=1&tl=1,U.S. News Crime,9-Apr-23
California nanny gets 25 to life for shaking couple's 'miracle baby' to death,https://a57.foxnews.com/static.foxnews.com/foxnews.com/content/uploads/2023/03/348/196/811a998f-Victoria-Fox.jpg?ve=1&tl=1,U.S. News Crime,9-Apr-23
California cold case cracked with DNA from ‘unprovable’ rape case: prosecutors,https://a57.foxnews.com/static.foxnews.com/foxnews.com/content/uploads/2023/03/348/196/Patricia-Carnahan.jpg?ve=1&tl=1,U.S. News Crime,9-Apr-23
Ciera Breland disappearance: Husband’s lawyer says case will stall if cops focus on him,https://a57.foxnews.com/static.foxnews.com/foxnews.com/content/uploads/2022/04/348/196/Ciera-Breland-story-1.jpg?ve=1&tl=1,U.S. News Crime,9-Apr-23
Idaho murders: Bryan Kohberger’s public defender says she never met victim Xana Kernodle's mother,https://a57.foxnews.com/static.foxnews.com/foxnews.com/content/uploads/2023/01/348/196/idaho-kohberger-court-jan-12-2.jpg?ve=1&tl=1,U.S. News Crime,9-Apr-23
Murdaugh trial: Full Moselle tour,https://a57.foxnews.com/static.foxnews.com/foxnews.com/content/uploads/2023/03/348/196/Murdaugh-Trial-Day25-98.jpg?ve=1&tl=1,U.S. News Crime,9-Apr-23
Florida woman's family seeking answers after body found by fishermen in Gulf of Mexico miles from shore,https://a57.foxnews.com/static.foxnews.com/foxnews.com/content/uploads/2023/03/348/196/IMG_1148-1.jpg?ve=1&tl=1,U.S. News Crime,9-Apr-23
"Illinois nurse Rebecca Bliefnick shot dead, cops search estranged husband's house",https://a57.foxnews.com/static.foxnews.com/foxnews.com/content/uploads/2023/03/348/196/Rebecca-Bliefnick-1.jpg?ve=1&tl=1,U.S. News Crime,9-Apr-23
"Florida biochemist accused of drugging, raping women at Miami condo",https://a57.foxnews.com/static.foxnews.com/foxnews.com/content/uploads/2023/03/348/196/Waverly-1.jpg?ve=1&tl=1,U.S. News Crime,9-Apr-23
Dust off winter and spring into Fox Nation's exclusive crime content this March,https://a57.foxnews.com/static.foxnews.com/foxnews.com/content/uploads/2023/03/348/196/Untitled-design-3.png?ve=1&tl=1,U.S. News Crime,9-Apr-23
Virgin Islands' former top cop makes public plea after US swim champ found dead,https://a57.foxnews.com/static.foxnews.com/foxnews.com/content/uploads/2023/03/348/196/Cruz-bay-St-John-Jamie-Cail-inset.jpg?ve=1&tl=1,U.S. News Crime,9-Apr-23
South Carolina kidnapping survivor Kara Robinson reveals tips for escaping abduction,https://a57.foxnews.com/static.foxnews.com/foxnews.com/content/uploads/2023/02/348/196/collage-38.jpg?ve=1&tl=1,U.S. News Crime,9-Apr-23
Boyfriend of US swim champ found dead in Virgin Islands convicted in Pennsylvania tourist's 2007 beating death,https://a57.foxnews.com/static.foxnews.com/foxnews.com/content/uploads/2023/02/348/196/Cail-Cockayne-Thomas.jpg?ve=1&tl=1,U.S. News Crime,9-Apr-23
Idaho murders: Bryan Kohberger's Pennsylvania warrant unsealed,https://a57.foxnews.com/static.foxnews.com/foxnews.com/content/uploads/2023/01/348/196/Kohberger-close-up.jpeg?ve=1&tl=1,U.S. News Crime,9-Apr-23
Alex Murdaugh trial: Who's who in South Carolina family dynasty,https://a57.foxnews.com/static.foxnews.com/foxnews.com/content/uploads/2023/02/348/196/Murdaugh-family.jpg?ve=1&tl=1,U.S. News Crime,9-Apr-23
Newly unearthed Alex Murdaugh commercial ad video allegedly exploits former disabled client,https://a57.foxnews.com/static.foxnews.com/foxnews.com/content/uploads/2023/02/348/196/collage-35.jpg?ve=1&tl=1,U.S. News Crime,9-Apr-23
Newborn niece of Idaho victim named in honor of slain best friends,https://a57.foxnews.com/static.foxnews.com/foxnews.com/content/uploads/2022/11/348/196/MogenGoncalves.jpg?ve=1&tl=1,U.S. News Crime,9-Apr-23
"American swimming champ found dead in US Virgin Islands, investigation underway",https://a57.foxnews.com/static.foxnews.com/foxnews.com/content/uploads/2023/02/348/196/GettyImages-1400529-e1677510261723.jpg?ve=1&tl=1,U.S. News Crime,9-Apr-23
"Florida ‘Killer Clown’ case: Man copped to 1990 murder decades before Sheila Keen-Warren arrest, defense says",https://a57.foxnews.com/static.foxnews.com/foxnews.com/content/uploads/2022/10/348/196/Florida-Killer-Clown-Sheila-Keen-Warren-Marlene-Warren.jpg?ve=1&tl=1,U.S. News Crime,9-Apr-23
Alex Murdaugh trial: Top 5 testimony highlights from South Carolina courtroom,https://a57.foxnews.com/static.foxnews.com/foxnews.com/content/uploads/2023/02/348/196/AP23054712838223-1.jpg?ve=1&tl=1,U.S. News Crime,9-Apr-23
California man who accused twin brother of 2 rapes in 1990s is convicted of crimes,https://a57.foxnews.com/static.foxnews.com/foxnews.com/content/uploads/2023/02/348/196/collage-34.jpg?ve=1&tl=1,U.S. News Crime,9-Apr-23
"Idaho murders: Bryan Kohberger leaks 'huge issue' with 'potential to compromise' prosecution, lawyer warns",https://a57.foxnews.com/static.foxnews.com/foxnews.com/content/uploads/2023/01/348/196/kohberger-in-court-ap-2.jpg?ve=1&tl=1,U.S. News Crime,9-Apr-23
Madeleine McCann disappearance: Polish police reportedly dispute woman's claims she is missing British girl,https://a57.foxnews.com/static.foxnews.com/foxnews.com/content/uploads/2023/02/348/196/Faustyna.jpg?ve=1&tl=1,U.S. News Crime,9-Apr-23
"Idaho murders: King Road home where Bryan Kohberger allegedly stabbed 4 boarded up, will be demolished",https://a57.foxnews.com/static.foxnews.com/foxnews.com/content/uploads/2023/02/348/196/Moscow_Murders-19.jpg?ve=1&tl=1,U.S. News Crime,9-Apr-23
Alex Murdaugh trial: Murder charges against the disgraced South Carolina legal scion,https://a57.foxnews.com/static.foxnews.com/foxnews.com/content/uploads/2023/02/348/196/Murdaugh-family.jpg?ve=1&tl=1,U.S. News Crime,9-Apr-23
Sister of Colorado girl who went missing at 14 became investigator in already bungled case,https://a57.foxnews.com/static.foxnews.com/foxnews.com/content/uploads/2023/02/348/196/Miller-home-1.jpg?ve=1&tl=1,U.S. News Crime,9-Apr-23
Alabama serial rapist musician tied to 'horrifying' attacks through DNA research,https://a57.foxnews.com/static.foxnews.com/foxnews.com/content/uploads/2023/02/348/196/3541.jpg?ve=1&tl=1,U.S. News Crime,9-Apr-23
Florida woman who shot terminally ill husband of more than 50 years in hospital murder-suicide plot indicted,https://a57.foxnews.com/static.foxnews.com/foxnews.com/content/uploads/2023/01/348/196/collage-13.jpg?ve=1&tl=1,U.S. News Crime,9-Apr-23
Idaho murders suspect Bryan Kohberger had photos of victim on phone weeks after massacre: report,https://a57.foxnews.com/static.foxnews.com/foxnews.com/content/uploads/2023/01/348/196/Kohberger-split.jpg?ve=1&tl=1,U.S. News Crime,9-Apr-23