﻿Title,Image,Section ,Date
Biden admin saying they are ‘proud’ of their withdrawal from Afghanistan is a ‘slap in the face’:  Lt. Col. Scott Mann,https://a57.foxnews.com/cf-images.us-east-1.prod.boltdns.net/v1/static/694940094001/d0007db3-8ef3-48b1-99a0-6329d4425705/dcac62fe-d3d1-4b40-ac9a-2c546817ebbd/1280x720/match/348/196/image.jpg?ve=1&tl=1,,9-Apr-23
China poses sanctions on US organizations,https://a57.foxnews.com/cf-images.us-east-1.prod.boltdns.net/v1/static/694940094001/e408cc63-4119-4074-b613-2454507947ff/ebe2cdab-4f02-4ac1-a6e6-e628eb2c9729/1280x720/match/348/196/image.jpg?ve=1&tl=1,,9-Apr-23
White House ‘proud’ of Afghanistan withdrawal,https://a57.foxnews.com/cf-images.us-east-1.prod.boltdns.net/v1/static/694940094001/46951afa-76ba-4c76-9b9d-9ce483e7b106/7abaa7fd-94db-47b2-bb27-4c6d40eeb2fa/1280x720/match/348/196/image.jpg?ve=1&tl=1,,9-Apr-23
Biden admin did not start its evacuation from Afghanistan soon enough: Rep. Seth Moulton,https://a57.foxnews.com/cf-images.us-east-1.prod.boltdns.net/v1/static/694940094001/47aad4ea-f0e1-4ebf-a567-3209ac760cbc/89852364-2d48-47da-aa82-0d40a5b0600a/1280x720/match/348/196/image.jpg?ve=1&tl=1,,9-Apr-23
"China is showing 'utter disregard, disrespect' toward the US: Gordon Chang",https://a57.foxnews.com/cf-images.us-east-1.prod.boltdns.net/v1/static/694940094001/a14cd0f6-7935-4371-a74b-cb5e108d9a9b/116970d0-762b-4dbf-ab47-c8244d1f7691/1280x720/match/348/196/image.jpg?ve=1&tl=1,,9-Apr-23
Bipartisan group of lawmakers partly blame Biden for Afghanistan withdrawal: Lucas Tomlinson,https://a57.foxnews.com/cf-images.us-east-1.prod.boltdns.net/v1/static/694940094001/f3d6e063-2564-48cb-be8b-f71d66e4eddb/ae26b9ea-1a13-4e32-a14d-b8565e303254/1280x720/match/348/196/image.jpg?ve=1&tl=1,,9-Apr-23
Suspected terror attack in Israel: Fox News  on the scene,https://a57.foxnews.com/cf-images.us-east-1.prod.boltdns.net/v1/static/694940094001/5f59b3dc-fe54-4ed0-a58b-e425506587e3/f9c380ae-61dd-47aa-8809-3fc89b222db6/1280x720/match/348/196/image.jpg?ve=1&tl=1,,9-Apr-23
White House slammed for Afghanistan report’s timing ,https://a57.foxnews.com/cf-images.us-east-1.prod.boltdns.net/v1/static/694940094001/5f00187f-afee-43ba-96df-0012af289236/b6595dcc-3cc2-4d7a-87ce-aab7ed4b0842/1280x720/match/348/196/image.jpg?ve=1&tl=1,,9-Apr-23
Rep. McCaul: US troops in Taiwan is ‘on the table’,https://a57.foxnews.com/cf-images.us-east-1.prod.boltdns.net/v1/static/694940094001/4f85ed09-8950-488d-8842-adb24bd8ac47/21ff7384-0876-409f-8c6c-483e2cf24728/1280x720/match/348/196/image.jpg?ve=1&tl=1,,9-Apr-23
"Steve Forbes reacts to March jobs report, says economy is slowing down",https://a57.foxnews.com/cf-images.us-east-1.prod.boltdns.net/v1/static/694940094001/782d81a3-32f6-4133-bf63-9061374179f3/411b87f9-a951-4099-8db9-5c3b6f73c1c6/1280x720/match/348/196/image.jpg?ve=1&tl=1,,9-Apr-23
Strong Taiwan stance would send message to China: Rep. French Hill,https://a57.foxnews.com/cf-images.us-east-1.prod.boltdns.net/v1/static/694940094001/67b7a7cf-251f-4747-aac9-6a2605ba3bf3/3bb8ccdd-289a-4bdc-ada1-a95be3b74a93/1280x720/match/348/196/image.jpg?ve=1&tl=1,,9-Apr-23
Gen. Jack Keane: Joe Biden owns everything that took place in Afghanistan exit,https://a57.foxnews.com/cf-images.us-east-1.prod.boltdns.net/v1/static/694940094001/10c74f33-00bc-4624-9434-2012e9a19cbe/2dc99eb5-30a8-461c-82a2-f08e670004cd/1280x720/match/348/196/image.jpg?ve=1&tl=1,,9-Apr-23
Biden admin slammed for blaming Trump for chaotic Afghanistan exit,https://a57.foxnews.com/cf-images.us-east-1.prod.boltdns.net/v1/static/694940094001/1c1295c8-1cb8-4ef0-af96-f2e7000bd026/aece6358-8cb1-4642-9463-0b255f2fda23/1280x720/match/348/196/image.jpg?ve=1&tl=1,,9-Apr-23
China retaliates after Taiwan president's US visit,https://a57.foxnews.com/cf-images.us-east-1.prod.boltdns.net/v1/static/694940094001/f081db47-816e-4ee0-8d1d-ecf988db9231/1cb33ac1-75a8-4822-ba30-c4361917a03a/1280x720/match/348/196/image.jpg?ve=1&tl=1,,9-Apr-23
Someone must be held accountable for disastrous Afghanistan withdrawal: Joe Kent,https://a57.foxnews.com/cf-images.us-east-1.prod.boltdns.net/v1/static/694940094001/47abdc8b-5f4a-4479-8fc3-0de02ae996ff/4222b2e5-0423-49f2-b4be-dafd081aa7f4/1280x720/match/348/196/image.jpg?ve=1&tl=1,,9-Apr-23
"US, China tensions the ‘fruits’ of decades of ‘misguided American foreign policy’: Gordon Chang",https://a57.foxnews.com/cf-images.us-east-1.prod.boltdns.net/v1/static/694940094001/d969dcc9-e5ea-4df0-a08e-1d32d8e57b58/4af2d5bc-1527-499d-83f9-0cb03936844b/1280x720/match/348/196/image.jpg?ve=1&tl=1,,9-Apr-23
"Police, protesters clash in Paris over retirement age changes",https://a57.foxnews.com/cf-images.us-east-1.prod.boltdns.net/v1/static/694940094001/6959c125-c0ad-47f8-8dc2-8d3e00759a04/50a02482-38ad-49b5-8f3e-b0ba296eeaff/1280x720/match/348/196/image.jpg?ve=1&tl=1,,9-Apr-23
"Ukrainian child escapes Russia re-education camp, reunites with family",https://a57.foxnews.com/cf-images.us-east-1.prod.boltdns.net/v1/static/694940094001/d78c791a-dcad-48e6-b8c8-7eb450c167b2/d62a001a-8fb2-49b0-89de-a5962ec49262/1280x720/match/348/196/image.jpg?ve=1&tl=1,,9-Apr-23
Rep. Brian Mast: Taiwan is new East-West Germany in Cold War with China,https://a57.foxnews.com/cf-images.us-east-1.prod.boltdns.net/v1/static/694940094001/1452acd1-4a0f-404f-92c1-4d3971842fe6/b923614d-5061-4d76-b5a2-387d7ef99d0d/1280x720/match/348/196/image.jpg?ve=1&tl=1,,9-Apr-23
"At least 34 rockets fired into Israel, 25 intercepted by Iron Dome",https://a57.foxnews.com/cf-images.us-east-1.prod.boltdns.net/v1/static/694940094001/68b8304b-a466-4090-983d-17415600c12a/8e8aff15-9b15-4f55-90a4-17782e598cc4/1280x720/match/348/196/image.jpg?ve=1&tl=1,,9-Apr-23
"World's oldest, most complete Hebrew Bible hits auction block for $30 million",https://a57.foxnews.com/cf-images.us-east-1.prod.boltdns.net/v1/static/694940094001/dbf27c25-597b-42c1-8abe-db4504c4ab6e/fc472df5-b465-4f0e-a867-5cc4364ecba1/1280x720/match/348/196/image.jpg?ve=1&tl=1,,9-Apr-23
Nicole Malliotakis: Chinese spy flight should have never been allowed to enter our airspace,https://a57.foxnews.com/cf-images.us-east-1.prod.boltdns.net/v1/static/694940094001/32b7f4b1-8cfb-4e8d-bcff-024d6c8ddd4a/6c3b5c88-91bc-4d02-b113-7a02ab1536d9/1280x720/match/348/196/image.jpg?ve=1&tl=1,,9-Apr-23
US support for Taiwan is ‘essential’: Enes Kanter Freedom,https://a57.foxnews.com/cf-images.us-east-1.prod.boltdns.net/v1/static/694940094001/99b69b2f-afe2-48e6-bb6f-038f7bf6289b/857eb81c-305e-4416-bb48-88ddd3d2904b/1280x720/match/348/196/image.jpg?ve=1&tl=1,,9-Apr-23
Israel faces barrage of rockets after first night of Passover ,https://a57.foxnews.com/cf-images.us-east-1.prod.boltdns.net/v1/static/694940094001/9b0e85ae-010a-42b5-b3a4-3b29e313422d/520caf17-b508-466e-8c9d-85e54e4d7e4a/1280x720/match/348/196/image.jpg?ve=1&tl=1,,9-Apr-23
Rocket barrage launched against Israel from Lebanon on Passover,https://a57.foxnews.com/cf-images.us-east-1.prod.boltdns.net/v1/static/694940094001/9780466d-b547-45da-b58f-eff9caad2a1e/39a1f0ea-58e5-4fc4-a212-7a11c99ecf8d/1280x720/match/348/196/image.jpg?ve=1&tl=1,,9-Apr-23
This administration is no longer protecting the dollar: Peter St Onge,https://a57.foxnews.com/cf-images.us-east-1.prod.boltdns.net/v1/static/694940094001/6a9ca929-d397-4a9e-bb91-53a07afa63df/c1e0c8df-febe-4f5a-87ea-a245304c2122/1280x720/match/348/196/image.jpg?ve=1&tl=1,,9-Apr-23
"Morgan Ortagus on Americans stuck in Russia: We need action, not just words",https://a57.foxnews.com/cf-images.us-east-1.prod.boltdns.net/v1/static/694940094001/bc4f14e6-bb50-4b4f-809c-dd76715348e9/fd21eca6-1884-4a33-92e2-8d239bdb3229/1280x720/match/348/196/image.jpg?ve=1&tl=1,,9-Apr-23
"Passenger train in Netherlands derails, leaving 1 dead",https://a57.foxnews.com/cf-images.us-east-1.prod.boltdns.net/v1/static/694940094001/104b5f23-ac44-4489-be1b-1aee8d23895a/27509cb3-b5b6-483a-9a47-f1bbdabaaec4/1280x720/match/348/196/image.jpg?ve=1&tl=1,,9-Apr-23
Russia can interpret espionage statue 'any way they want': David Satter,https://a57.foxnews.com/cf-images.us-east-1.prod.boltdns.net/v1/static/694940094001/9c86352f-6b60-4cf4-aa97-71203b7ce995/e0572473-36d6-44c1-bfeb-c66fc6b881d6/1280x720/match/348/196/image.jpg?ve=1&tl=1,,9-Apr-23
Russian prison watchdog claims detained WSJ reporter is in good spirits,https://a57.foxnews.com/cf-images.us-east-1.prod.boltdns.net/v1/static/694940094001/b76a2de9-2f01-470b-b301-ce7e9a40978c/07de4379-a4e9-473e-8cce-c403532e6a8b/1280x720/match/348/196/image.jpg?ve=1&tl=1,,9-Apr-23
Significance of WSJ reporter held in Russian jail should not be 'underestimated',https://a57.foxnews.com/cf-images.us-east-1.prod.boltdns.net/v1/static/694940094001/72f57c23-c9b0-462d-8f59-a0aa63452421/01b827f8-ded4-4c8d-92b7-e0251068673d/1280x720/match/348/196/image.jpg?ve=1&tl=1,,9-Apr-23
Removing WSJ reporter from Russia would be ‘extremely difficult’: Kurt Volker ,https://a57.foxnews.com/cf-images.us-east-1.prod.boltdns.net/v1/static/694940094001/513b5834-518f-4328-b7e0-ed58bb20bf56/2006372e-96bf-4530-b6e5-900c9a84b6cc/1280x720/match/348/196/image.jpg?ve=1&tl=1,,9-Apr-23
American reporter arrested in Russia over espionage allegations,https://a57.foxnews.com/cf-images.us-east-1.prod.boltdns.net/v1/static/694940094001/19df93e7-4988-448e-bc2c-bcd954d3a9a4/0b288f4b-57ba-4a69-9c3f-f16f87af1955/1280x720/match/348/196/image.jpg?ve=1&tl=1,,9-Apr-23
Pete Hegseth: Biden's handling of the Chinese spy craft is 'dangerous' for America,https://a57.foxnews.com/cf-images.us-east-1.prod.boltdns.net/v1/static/694940094001/28507754-0040-449e-a27f-be645a853f87/42741f79-768a-4b00-a6b3-723f796b951f/1280x720/match/348/196/image.jpg?ve=1&tl=1,,9-Apr-23
US holds rare call with Russia on WSJ reporter's arrest,https://a57.foxnews.com/cf-images.us-east-1.prod.boltdns.net/v1/static/694940094001/db67f173-245e-4cb7-b32f-bd03611e3dd6/a5463b8b-a73c-433e-ad36-2e57a54c4ade/1280x720/match/348/196/image.jpg?ve=1&tl=1,,9-Apr-23
Wall Street Journal reporter jailed in Russia over espionage allegations,https://a57.foxnews.com/cf-images.us-east-1.prod.boltdns.net/v1/static/694940094001/7ae097ab-0f67-4adb-84e6-b1a6baa8e68a/8eedac51-6e77-4e0a-ad09-5b3b8aaa9239/1280x720/match/348/196/image.jpg?ve=1&tl=1,,9-Apr-23
Wall Street Journal reporter detained in Russia on espionage charges,https://a57.foxnews.com/cf-images.us-east-1.prod.boltdns.net/v1/static/694940094001/92b0d62a-67dc-475f-bedd-48bbadac8c59/07d7f8f9-d9b5-4d98-9176-f65a2e4b1e5c/1280x720/match/348/196/image.jpg?ve=1&tl=1,,9-Apr-23
Steve Hilton: The anti-America alliance is growing ,https://a57.foxnews.com/cf-images.us-east-1.prod.boltdns.net/v1/static/694940094001/7e217f27-e885-4056-ab5d-dc5eab55161c/886a2d14-ab75-46d2-b01b-7a0e1962bc88/1280x720/match/348/196/image.jpg?ve=1&tl=1,,9-Apr-23
Robert O'Brien: China has no respect for us,https://a57.foxnews.com/cf-images.us-east-1.prod.boltdns.net/v1/static/694940094001/c69349fe-b278-40e8-9718-766edf280d23/62390adb-877d-4279-9377-acd8c62023ae/1280x720/match/348/196/image.jpg?ve=1&tl=1,,9-Apr-23
Americans want to see accountability for aid we're sending to Ukraine: Claudia Teney,https://a57.foxnews.com/cf-images.us-east-1.prod.boltdns.net/v1/static/694940094001/a1ebb1b6-62ee-476c-8b03-7d27c50ea779/507ea007-e8d9-4ceb-ab75-49cef3537add/1280x720/match/348/196/image.jpg?ve=1&tl=1,,9-Apr-23
Russia must release WSJ reporter to protect freedom of the press: Laura Ballman,https://a57.foxnews.com/cf-images.us-east-1.prod.boltdns.net/v1/static/694940094001/2c96ac04-3507-40c2-afce-9dbb1bdc58fb/fc35066a-631b-4f66-be9e-870fbbdf17ab/1280x720/match/348/196/image.jpg?ve=1&tl=1,,9-Apr-23
US reliance on China is ‘deeply alarming’: Victoria Coates,https://a57.foxnews.com/cf-images.us-east-1.prod.boltdns.net/v1/static/694940094001/65d18d16-fef1-4337-acd5-cd090c63e935/a5bab71a-99fe-4a93-bdda-d0d7fdd3caee/1280x720/match/348/196/image.jpg?ve=1&tl=1,,9-Apr-23
"The Mayor of Florence, Italy discusses the return of tourists and recent controversies",https://a57.foxnews.com/cf-images.us-east-1.prod.boltdns.net/v1/static/694940094001/655c882b-79db-43c5-8084-8fec30a4f7c7/fa7ba34f-5aa1-41a5-a4d4-469921b61a00/1280x720/match/348/196/image.jpg?ve=1&tl=1,,9-Apr-23
US government is forcing people into ‘political submission’: Peter Lumaj,https://a57.foxnews.com/cf-images.us-east-1.prod.boltdns.net/v1/static/694940094001/e8d0c33a-8df8-4974-80b3-a1f98a5c71b8/936dacab-11cc-43ed-b404-835f3f2422ac/1280x720/match/348/196/image.jpg?ve=1&tl=1,,9-Apr-23
Griff Jenkins talks with US Marine who saved his life during Iraq War,https://a57.foxnews.com/cf-images.us-east-1.prod.boltdns.net/v1/static/694940094001/257cd296-c5c7-43c6-a194-db05119ea3dc/cc822747-3ce1-42b2-bcd0-d1874dab2f7d/1280x720/match/348/196/image.jpg?ve=1&tl=1,,9-Apr-23
WSJ reporter Evan Gershkovich will probably be sentenced for espionage charges: Lucian Kim,https://a57.foxnews.com/cf-images.us-east-1.prod.boltdns.net/v1/static/694940094001/de3d0795-c0af-4a7d-a7b1-ae0bb2a5ed82/5f999f6f-0131-45b0-8b60-b2cd4438aab5/1280x720/match/348/196/image.jpg?ve=1&tl=1,,9-Apr-23
Russia is ‘acting like a terrorist group’: Morgan Ortagus,https://a57.foxnews.com/cf-images.us-east-1.prod.boltdns.net/v1/static/694940094001/ffb05a6e-aa20-4d1f-9b4a-bc1e226e47a5/a50fc3a0-33e4-4e81-920c-91d36451de87/1280x720/match/348/196/image.jpg?ve=1&tl=1,,9-Apr-23
Pope Francis released from hospital,https://a57.foxnews.com/cf-images.us-east-1.prod.boltdns.net/v1/static/694940094001/9b60526a-ced6-4805-ae40-776cd7bd7423/f9803d6d-4ee2-48ed-a698-46ebe2821bfa/1280x720/match/348/196/image.jpg?ve=1&tl=1,,9-Apr-23
Putin likely nabbed WSJ reporter for another prisoner exchange: Robert O'Brien,https://a57.foxnews.com/cf-images.us-east-1.prod.boltdns.net/v1/static/694940094001/6efa99a6-bf12-44c6-8ff7-d1eb5cb2aada/5e796862-7e9d-431c-b64d-813275f4bf4b/1280x720/match/348/196/image.jpg?ve=1&tl=1,,9-Apr-23
Air Force secretary sounds alarm on China's 'disturbing' nuclear arsenal ,https://a57.foxnews.com/cf-images.us-east-1.prod.boltdns.net/v1/static/694940094001/31bc333b-75be-4239-8e71-9ba6c72d565d/89f04632-40a4-44c5-bd6f-09c7e7e9c0b5/1280x720/match/348/196/image.jpg?ve=1&tl=1,,9-Apr-23
"US journalist's arrest in Russia sounds 'exactly' like what happened to Paul Whelan, brother says",https://a57.foxnews.com/cf-images.us-east-1.prod.boltdns.net/v1/static/694940094001/14034832-79e6-4e34-b710-a0490d9bf297/b208f1db-59fd-4619-a936-218eb2237b96/1280x720/match/348/196/image.jpg?ve=1&tl=1,,9-Apr-23
Taiwanese president 'angered' diplomatic core of CCP: Lt. Col. Bob Maginnis,https://a57.foxnews.com/cf-images.us-east-1.prod.boltdns.net/v1/static/694940094001/ba78eb6c-17c8-4e97-b019-d3a563560328/9b1f61b3-4f7e-4c3d-a3ed-f04bb91e2e92/1280x720/match/348/196/image.jpg?ve=1&tl=1,,9-Apr-23
'The Five': Biden admin forced to 'come clean' on how green agenda benefits China,https://a57.foxnews.com/cf-images.us-east-1.prod.boltdns.net/v1/static/694940094001/dad13c0c-a33a-401c-8c15-cb1949d10789/058bb015-b758-400c-b44e-1cabb8079b23/1280x720/match/348/196/image.jpg?ve=1&tl=1,,9-Apr-23
WSJ reporter first American journalist detained in Russia for espionage since Cold War,https://a57.foxnews.com/cf-images.us-east-1.prod.boltdns.net/v1/static/694940094001/58e4e157-0184-4bb4-80bf-90f3e05f6f84/954a74a8-baf0-4664-8e3c-9b9ecd87ad29/1280x720/match/348/196/image.jpg?ve=1&tl=1,,9-Apr-23
Why Putin likely arrested WSJ reporter,https://a57.foxnews.com/cf-images.us-east-1.prod.boltdns.net/v1/static/694940094001/da8a7390-49f3-4b76-be4e-608ae856c4d9/2e36a2d4-73c7-40c5-89c4-64f28c190b1b/1280x720/match/348/196/image.jpg?ve=1&tl=1,,9-Apr-23
Zoo leopard fights with dog from behind glass in China,https://a57.foxnews.com/cf-images.us-east-1.prod.boltdns.net/v1/static/694940094001/e00083f0-0623-4303-a239-41aca277c620/05e92f60-7016-4990-b27c-8b293a704c3a/1280x720/match/348/196/image.jpg?ve=1&tl=1,,9-Apr-23
Ukrainian soldiers face intensive training program to get battle-ready,https://a57.foxnews.com/cf-images.us-east-1.prod.boltdns.net/v1/static/694940094001/b4eff8b7-85b1-421a-ad68-20e55c7e343e/18e53d61-ff8b-4418-8d1d-ca4bce262a50/1280x720/match/348/196/image.jpg?ve=1&tl=1,,9-Apr-23
"WSJ reporter detained in Russia pleads not guilty to spying charges, state media says",https://a57.foxnews.com/cf-images.us-east-1.prod.boltdns.net/v1/static/694940094001/f80547dd-6234-4d16-9b06-9546f633420d/51fb52fc-6ef1-4be9-abee-0f12599cd275/1280x720/match/348/196/image.jpg?ve=1&tl=1,,9-Apr-23
"Russia detains Wall Street Journal reporter, accuses him of spying",https://a57.foxnews.com/cf-images.us-east-1.prod.boltdns.net/v1/static/694940094001/6c0d683b-1c4f-4819-b88c-74cd124ebad7/0eb6db06-e4ef-4e1b-91fb-84ceb73a072d/1280x720/match/348/196/image.jpg?ve=1&tl=1,,9-Apr-23
"China issues threat over possible US, Taiwan meeting",https://a57.foxnews.com/cf-images.us-east-1.prod.boltdns.net/v1/static/694940094001/8f032b87-c7e3-4e33-bbc2-d10d10bc9f46/c20dd046-58e9-4f1c-a94a-09c4e5d33530/1280x720/match/348/196/image.jpg?ve=1&tl=1,,9-Apr-23
Mexico migrant facility video shows deadly fire breaking out,https://a57.foxnews.com/cf-images.us-east-1.prod.boltdns.net/v1/static/694940094001/554ab3bd-53b8-4ecf-ae09-9a32fc45515e/2b6ef398-ba84-4271-9748-1bf879cb56ac/1280x720/match/348/196/image.jpg?ve=1&tl=1,,9-Apr-23
Russia holds nuclear missile forces drills in Siberia to practice secret deployment,https://a57.foxnews.com/cf-images.us-east-1.prod.boltdns.net/v1/static/694940094001/f34c50dc-e653-4a66-a2dc-18ba2a3e04b8/ce4e4065-787b-4139-9261-33f99a19c712/1280x720/match/348/196/image.jpg?ve=1&tl=1,,9-Apr-23
The US has no strategy to compete with China: Keith Kellogg,https://a57.foxnews.com/cf-images.us-east-1.prod.boltdns.net/v1/static/694940094001/29bd0b8a-5585-4c8c-8b2c-f4cd6d50036c/de09fa0e-13b7-496b-882b-51768e72c4e8/1280x720/match/348/196/image.jpg?ve=1&tl=1,,9-Apr-23
Russia’s latest nuclear move is a ‘dangerous position for the world to be in’: Ian Bremmer,https://a57.foxnews.com/cf-images.us-east-1.prod.boltdns.net/v1/static/694940094001/296dd2d4-1481-4162-ac47-c34be9284f5b/e6891d52-024a-462b-bed6-4699a0f4cab1/1280x720/match/348/196/image.jpg?ve=1&tl=1,,9-Apr-23
"Footage shows two elephants in heated battle, knocking over nearby trees",https://a57.foxnews.com/cf-images.us-east-1.prod.boltdns.net/v1/static/694940094001/fa4955bf-3a47-4763-bc3b-e5be196fc329/a13d6a66-d315-4d52-9ab1-074608524ccc/1280x720/match/348/196/image.jpg?ve=1&tl=1,,9-Apr-23
Taliban shows ‘disturbing’ photos of seized US military equipment,https://a57.foxnews.com/cf-images.us-east-1.prod.boltdns.net/v1/static/694940094001/a21457f7-c649-4997-a342-0169e56aac91/02dd87f5-4ec4-45a1-893f-10ab275ef46c/1280x720/match/348/196/image.jpg?ve=1&tl=1,,9-Apr-23
"Dozens of migrants dead in fire near US border, Mexican officials say",https://a57.foxnews.com/cf-images.us-east-1.prod.boltdns.net/v1/static/694940094001/6863b26e-9d02-44da-b3ce-5d2f290a3843/8d89e0d3-fd44-4035-b8d4-7b47c9fde1fd/1280x720/match/348/196/image.jpg?ve=1&tl=1,,9-Apr-23
American people want 'transparency and accountability' for botched Afghanistan withdrawal: Cory Mills,https://a57.foxnews.com/cf-images.us-east-1.prod.boltdns.net/v1/static/694940094001/5a8175fa-0abc-499c-84d4-19812e823285/d0e7b1ec-84e2-4b17-8d84-222daad26590/1280x720/match/348/196/image.jpg?ve=1&tl=1,,9-Apr-23
Kellie-Jay Keen: The authoritarian left has peaked,https://a57.foxnews.com/cf-images.us-east-1.prod.boltdns.net/v1/static/694940094001/7852743c-beff-4e74-aba8-c310217083b6/ca63dae2-7739-4e2c-8279-6bca26360a79/1280x720/match/348/196/image.jpg?ve=1&tl=1,,9-Apr-23
Benjamin Netanyahu joins Piers Morgan to discuss the waves of protest threatening his government,https://a57.foxnews.com/cf-images.us-east-1.prod.boltdns.net/v1/static/694940094001/fbe29e0b-9c79-418a-acf2-8b77f1a2e193/cbe4c54c-d222-46be-b16b-30c177daf348/1280x720/match/348/196/image.jpg?ve=1&tl=1,,9-Apr-23
Former Mexican president sounds off on cartels amid border crisis: 'We need to fight them together',https://a57.foxnews.com/cf-images.us-east-1.prod.boltdns.net/v1/static/694940094001/feca989a-8c15-4822-b418-4082c5600f01/5197bc80-d119-4a12-8ee0-35213d22f4d7/1280x720/match/348/196/image.jpg?ve=1&tl=1,,9-Apr-23
Protests in Israel erupt over Netanyahu's judicial reform plan,https://a57.foxnews.com/cf-images.us-east-1.prod.boltdns.net/v1/static/694940094001/740822e8-165a-435b-8f74-11562c8b7142/09b78319-7bb9-42a5-989d-a9d15cfb1c5d/1280x720/match/348/196/image.jpg?ve=1&tl=1,,9-Apr-23
"Kamala Harris visits Africa to strengthen US ties, avoids Republic of Congo",https://a57.foxnews.com/cf-images.us-east-1.prod.boltdns.net/v1/static/694940094001/13a05d5a-f1cd-4e6d-b605-88191e685349/93cdeacf-3bf7-4b88-afa5-61c82a12cc8b/1280x720/match/348/196/image.jpg?ve=1&tl=1,,9-Apr-23
North Dakota to create the Theodore Roosevelt Presidential Library,https://a57.foxnews.com/cf-images.us-east-1.prod.boltdns.net/v1/static/694940094001/5fba4438-d2ce-4eee-80c8-178a605b527e/8b6db253-887e-4f4e-93d1-cf6c1d6bb32e/1280x720/match/348/196/image.jpg?ve=1&tl=1,,9-Apr-23
"US should sell energy to its allies, not force them buy it from its adversaries: Gov. Burgum",https://a57.foxnews.com/cf-images.us-east-1.prod.boltdns.net/v1/static/694940094001/132a55b0-dd84-4123-a393-442b3f910f0b/ea3b1abe-e272-4abb-8484-9068423275be/1280x720/match/348/196/image.jpg?ve=1&tl=1,,9-Apr-23
John Ratcliffe: China-Russia partnership should raise concerns for the US,https://a57.foxnews.com/cf-images.us-east-1.prod.boltdns.net/v1/static/694940094001/df77406d-b300-42e6-a677-1e7d33b5050b/c9fdf5b6-4c63-46da-a2c5-3d5746b54165/1280x720/match/348/196/image.jpg?ve=1&tl=1,,9-Apr-23
Mark Levin: This is the greatest threat we face,https://a57.foxnews.com/cf-images.us-east-1.prod.boltdns.net/v1/static/694940094001/72baa054-ab87-41fd-82bb-3733d4a9da93/59831b7c-a246-4095-99ac-777b0ba2df3e/1280x720/match/348/196/image.jpg?ve=1&tl=1,,9-Apr-23
Russia and China are trying to present themselves as an alternative to the new world order: Jennifer Griffin,https://a57.foxnews.com/cf-images.us-east-1.prod.boltdns.net/v1/static/694940094001/730544f8-20bf-44ff-94b4-ff9eb708847a/269ceef1-bdb2-4b57-b290-92e17135cbdc/1280x720/match/348/196/image.jpg?ve=1&tl=1,,9-Apr-23
US launches strike in Syria after drone attack ,https://a57.foxnews.com/cf-images.us-east-1.prod.boltdns.net/v1/static/694940094001/070bcb15-b0a8-4f2d-8b8b-14db84cf6416/21ab9550-253f-471a-a661-5e750d1ce8c4/1280x720/match/348/196/image.jpg?ve=1&tl=1,,9-Apr-23
Biden admin has made the US the 'laughing stock of the world': Charles Hurt,https://a57.foxnews.com/cf-images.us-east-1.prod.boltdns.net/v1/static/694940094001/d4d95e1a-2a0e-4e96-976d-a26aac65ef7d/64660371-85fe-4f7e-ae20-9675c6fd9b2a/1280x720/match/348/196/image.jpg?ve=1&tl=1,,9-Apr-23
Belarusians stand with Ukrainians: Tsikhanouskaya,https://a57.foxnews.com/cf-images.us-east-1.prod.boltdns.net/v1/static/694940094001/edbc6ffc-377d-4d1f-812c-c59db008c54a/3eab5642-0a02-4028-8524-aae230d01440/1280x720/match/348/196/image.jpg?ve=1&tl=1,,9-Apr-23
Iranian-backed forces attack US bases in Syria ,https://a57.foxnews.com/cf-images.us-east-1.prod.boltdns.net/v1/static/694940094001/39ed23a2-e505-462a-8b27-28dc3cf1f691/8acc8da2-4dc4-436b-b455-d5cee5a73a94/1280x720/match/348/196/image.jpg?ve=1&tl=1,,9-Apr-23
Conflict in Syria developed 'under Joe Biden's watch': Ellie Cohanim,https://a57.foxnews.com/cf-images.us-east-1.prod.boltdns.net/v1/static/694940094001/feb4c0f6-0665-48e4-89c2-d8699dead71f/14723662-b0f7-4363-a84b-49fcd01b2601/1280x720/match/348/196/image.jpg?ve=1&tl=1,,9-Apr-23
Biden admin is still trying to figure out international diplomacy: Gen. Tata,https://a57.foxnews.com/cf-images.us-east-1.prod.boltdns.net/v1/static/694940094001/ba65c7cf-e9f0-425e-a448-e624b3712289/546c0516-b921-466f-829e-0508b19d090b/1280x720/match/348/196/image.jpg?ve=1&tl=1,,9-Apr-23
The common thread in Iranian posing national security risks to the US is Russia: Lt. Gen. Ben Hodges,https://a57.foxnews.com/cf-images.us-east-1.prod.boltdns.net/v1/static/694940094001/752d32bc-431e-456b-9bd3-35e6dfa44bb8/57807298-3fd7-4d9a-ad49-827e894e1830/1280x720/match/348/196/image.jpg?ve=1&tl=1,,9-Apr-23
"Nikki Haley: We have to wake up to the threats from China, Russia",https://a57.foxnews.com/cf-images.us-east-1.prod.boltdns.net/v1/static/694940094001/07dcbbb3-169c-4d78-a96b-e371db40cf4c/fff175c1-7c2e-489b-838c-e25c37e1f2c6/1280x720/match/348/196/image.jpg?ve=1&tl=1,,9-Apr-23
Zebra on the loose in Seoul sparks frantic chase,https://a57.foxnews.com/cf-images.us-east-1.prod.boltdns.net/v1/static/694940094001/ac3fa32d-c2cf-4da0-899c-50baf3208c88/60ff41b1-ef2b-44ea-bd47-af116b23ecf5/1280x720/match/348/196/image.jpg?ve=1&tl=1,,9-Apr-23
US launches counter-attack airstrike against Iranian-backed group,https://a57.foxnews.com/cf-images.us-east-1.prod.boltdns.net/v1/static/694940094001/21c5209f-85ab-48db-9ee2-1a46a733fc38/3ef0e674-9bfa-4071-90a1-88c6d66144d4/1280x720/match/348/196/image.jpg?ve=1&tl=1,,9-Apr-23
TikTok is 'digital fentanyl': Josh Hawley,https://a57.foxnews.com/cf-images.us-east-1.prod.boltdns.net/v1/static/694940094001/fd0ef4ef-f6df-4083-9755-81fe29390d0b/af9d3965-613d-463d-8ab7-be9ec230bcd6/1280x720/match/348/196/image.jpg?ve=1&tl=1,,9-Apr-23
US retaliates against Iranian-backed groups after reported deadly drone attack,https://a57.foxnews.com/cf-images.us-east-1.prod.boltdns.net/v1/static/694940094001/c3fa3d36-e9b8-4861-9154-21078091bbc3/402c701c-7376-4e00-9278-c4cad038f5d0/1280x720/match/348/196/image.jpg?ve=1&tl=1,,9-Apr-23
Protests turn violent in Paris over pension reforms,https://a57.foxnews.com/cf-images.us-east-1.prod.boltdns.net/v1/static/694940094001/5a7ce879-44e6-4c2c-b0ec-8fb06166374e/5a4e7f7e-a42c-469a-9f49-6ff4ad1e80b6/1280x720/match/348/196/image.jpg?ve=1&tl=1,,9-Apr-23
Secretary of State Antony Blinken says “several Americans” remain detained by the Taliban in Afghanistan,https://a57.foxnews.com/cf-images.us-east-1.prod.boltdns.net/v1/static/694940094001/fabf8d4d-aba2-4b99-820c-b9656c8ba984/4d9226f5-268e-4712-bdd1-a58f5f376119/1280x720/match/348/196/image.jpg?ve=1&tl=1,,9-Apr-23
Ugandan lawmakers sing after passing Anti-Homosexuality Act,https://a57.foxnews.com/cf-images.us-east-1.prod.boltdns.net/v1/static/694940094001/d9017a1e-fce1-43d5-8b4d-ed958c0c398d/bd95127f-bd61-4a92-8e00-cdf1b5831765/1280x720/match/348/196/image.jpg?ve=1&tl=1,,9-Apr-23
Chinese pastor warns against CPP crackdown on Christianity: 'Dark reality',https://a57.foxnews.com/cf-images.us-east-1.prod.boltdns.net/v1/static/694940094001/7252a04e-9045-42f5-9769-854ff9c8d715/97b7494a-afb1-4def-81c8-b06ecf2416f3/1280x720/match/348/196/image.jpg?ve=1&tl=1,,9-Apr-23
Seen and Unseen: Dr. Fauci owns a lot of Dr. Fauci stuff,https://a57.foxnews.com/cf-images.us-east-1.prod.boltdns.net/v1/static/694940094001/684a4062-4a34-4ef5-aef6-5f0d8209d800/2a146cac-7686-48e3-989d-fa2db8690b7d/1280x720/match/348/196/image.jpg?ve=1&tl=1,,9-Apr-23
Eric Schmitt: Nobody in communist China is deterred by Biden admin's D.E.I. training,https://a57.foxnews.com/cf-images.us-east-1.prod.boltdns.net/v1/static/694940094001/54d8909a-11cf-4688-a37d-617064abfbbe/281b6103-a76d-48a5-8d93-a1a76f06d518/1280x720/match/348/196/image.jpg?ve=1&tl=1,,9-Apr-23
Kurt Volker: Putin really does need China,https://a57.foxnews.com/cf-images.us-east-1.prod.boltdns.net/v1/static/694940094001/5dc995dc-6d6c-4229-86dc-86c92922d7df/cc87c7b0-8d2d-4a81-9db5-66f732e78152/1280x720/match/348/196/image.jpg?ve=1&tl=1,,9-Apr-23
WARNING: GRAPHIC CONTENT: Father defends his children as monkeys lunge at family,https://a57.foxnews.com/cf-images.us-east-1.prod.boltdns.net/v1/static/694940094001/09b77b6e-407a-4aee-a6f8-28efc5229caa/90261295-a606-43c0-a2df-6b506aa3c9fc/1280x720/match/348/196/image.jpg?ve=1&tl=1,,9-Apr-23
UN sounding alarm on missing uranium from Lybia,https://a57.foxnews.com/cf-images.us-east-1.prod.boltdns.net/v1/static/694940094001/ddea710b-c05a-4bbd-8449-c00c557fce25/46dff84c-d744-49ba-a85a-148247bc9641/1280x720/match/348/196/image.jpg?ve=1&tl=1,,9-Apr-23
International Criminal Court issues arrest warrant for Vladimir Putin,https://a57.foxnews.com/cf-images.us-east-1.prod.boltdns.net/v1/static/694940094001/479a5733-45c3-45a7-b475-97be388a1f6e/e76ce63d-36c1-4ba2-ae67-697feb955b13/1280x720/match/348/196/image.jpg?ve=1&tl=1,,9-Apr-23
,,,
,,,
,,,
,,,
,,,
,,,
,,,
,,,
,,,
,,,
,,,
,,,
,,,
,,,
,,,
,,,
,,,
,,,
,,,
,,,
,,,
,,,
,,,
,,,
,,,
,,,
,,,
,,,
,,,
,,,
,,,
,,,
,,,
,,,
,,,
,,,
,,,
,,,
,,,
,,,
,,,
,,,
,,,
,,,
,,,
,,,
,,,
,,,
,,,
,,,
,,,
,,,
,,,
,,,
,,,
,,,
,,,
,,,
,,,
,,,
,,,
,,,
,,,
,,,
,,,
,,,
,,,
,,,
,,,
,,,
,,,
,,,
,,,
,,,
,,,
,,,
,,,
,,,
,,,
,,,
,,,
,,,
,,,
,,,
,,,
,,,
,,,
,,,
,,,
,,,
,,,
,,,
,,,
,,,
,,,
,,,
,,,
,,,
,,,
,,,